selection_rank,input_smiles,family,canonical_smiles,state_A_smiles,state_B_smiles,pair_valid,valid,passes_common_filter,filter_reason,molecular_weight,sa_score,qed,rotatable_bonds,pred_uv_lambda_nm,pred_uv_uncertainty_nm,pred_half_life_h,pred_half_uncertainty_log10_h,pred_delta_lambda_nm,reward,method_id,eval_uv_lambda_nm,eval_uv_uncertainty_nm,eval_half_life_h,eval_half_uncertainty_log10_h,target_A_pass,target_B_pass,joint_success,selection_score,final_status,PSS_pred,quantum_yield_pred,deltaH_kJ_mol,stored_energy_MJ_kg,rank_within_family,candidate_id
1,CC1=CC=CC=C1/N=NC2=CC=CC=C2C=NC3=CC=CC=C3,azo,Cc1ccccc1N=Nc1ccccc1C=Nc1ccccc1,Cc1ccccc1/N=N/c1ccccc1C=Nc1ccccc1,Cc1ccccc1/N=N\c1ccccc1C=Nc1ccccc1,True,True,True,ok,299.37700000000007,2.388907420032657,0.4084082441753855,4.0,383.1729129284847,61.47830791204376,7.892251523352643,0.8625043555536271,44.78019690769338,0.17434579950282408,unified_conditional_rl,368.6082433066543,59.77843619986306,13.248942142970359,0.6573862929949943,True,True,True,0.28692042038616417,PASS_AZO_PROXY,,,,,1,MC-AZO-0001
2,CN=NC=NC(C)=C/N=N/C=CC1=CC=CC=C1C,azo,CN=NC=NC(C)=C/N=N/C=Cc1ccccc1C,C/N=N/C=NC(C)=C/N=N/C=Cc1ccccc1C,C/N=N\C=NC(C)=C/N=N/C=Cc1ccccc1C,True,True,True,ok,255.32500000000002,4.127751507627082,0.4253668920696108,5.0,369.0755864927696,61.47830791204376,7.888816367772273,0.8625043555536271,46.47672975454475,0.18465614760704988,unified_conditional_rl,363.70241206104293,59.77843619986306,11.154365831777952,0.6573862929949943,True,True,True,0.28226137253781064,PASS_AZO_PROXY,,,,,2,MC-AZO-0002
3,CC1=CC=CC=C1/N=C/C2=CC=CC=C2/N=NC3=CC=CC=C3,azo,Cc1ccccc1/N=C/c1ccccc1N=Nc1ccccc1,Cc1ccccc1/N=C/c1ccccc1/N=N/c1ccccc1,Cc1ccccc1/N=C/c1ccccc1/N=N\c1ccccc1,True,True,True,ok,299.377,2.3954415829285853,0.4084082441753856,4.0,385.73640548494177,61.47830791204376,8.40331106897551,0.8625043555536271,44.88210134908189,0.17039510548041012,unified_conditional_rl,370.46411132745556,59.77843619986306,13.888172244055163,0.6573862929949943,True,True,True,0.2821605812503344,PASS_AZO_PROXY,,,,,3,MC-AZO-0003
4,CC1=CC=CC=C1/N=NC2=CC=CC=C2/N=NC3=CC=CC=C3/N=NC4=CC=CC=C4C=NC5=CC=CC=C5,azo,Cc1ccccc1N=Nc1ccccc1N=Nc1ccccc1N=Nc1ccccc1C=Nc1ccccc1,Cc1ccccc1/N=N/c1ccccc1N=Nc1ccccc1N=Nc1ccccc1C=Nc1ccccc1,Cc1ccccc1/N=N\c1ccccc1N=Nc1ccccc1N=Nc1ccccc1C=Nc1ccccc1,True,True,True,ok,507.6010000000002,2.8945139271299922,0.14766321030143284,8.0,383.53143159830864,61.47830791204376,7.892251523352643,0.8625043555536271,44.78019690769338,0.1737607036972109,unified_conditional_rl,371.23517068315414,59.77843619986306,13.248942142970359,0.6573862929949943,True,True,True,0.2818833970494571,PASS_AZO_PROXY,,,,,4,MC-AZO-0004
5,C(C)=NC=NC(C)=C/N=NC=CC1=CC=CC=C1C,azo,CC=NC=NC(C)=CN=NC=Cc1ccccc1C,CC=NC=NC(C)=C/N=N/C=Cc1ccccc1C,CC=NC=NC(C)=C/N=N\C=Cc1ccccc1C,True,True,True,ok,254.33700000000002,4.054292533268107,0.4246719071692722,5.0,369.8271258662694,61.47830791204376,7.888816367772273,0.8625043555536271,46.83093757778488,0.1844898122552452,unified_conditional_rl,365.6809126277806,59.77843619986306,11.154365831777952,0.6573862929949943,True,True,True,0.28046099424397475,PASS_AZO_PROXY,,,,,5,MC-AZO-0005
6,CC=NC/N=N/C1=CC=CC=C1C,azo,CC=NC/N=N/c1ccccc1C,CC=NC/N=N/c1ccccc1C,CC=NC/N=N\c1ccccc1C,True,True,True,ok,175.23499999999999,3.26775118452026,0.4996909805726026,3.0,390.4369875709224,61.47830791204376,6.912780204948562,0.8625043555536271,54.44965114396945,0.16020738961130088,unified_conditional_rl,372.0728471791456,59.77843619986306,11.732061458369309,0.6573862929949943,True,True,True,0.2802776902810359,PASS_AZO_PROXY,,,,,6,MC-AZO-0006
7,CN=NC(C)=CN/N=NC=CC1=CC=CC=C1C=CC2=CC=CC=C2C,azo,CN=NC(C)=CNN=NC=Cc1ccccc1C=Cc1ccccc1C,C/N=N/C(C)=CNN=NC=Cc1ccccc1C=Cc1ccccc1C,C/N=N\C(C)=CNN=NC=Cc1ccccc1C=Cc1ccccc1C,True,True,True,ok,345.4500000000001,3.5357470279251997,0.3711966814698513,7.0,373.34744039456973,61.47830791204376,7.5349653767376195,0.8625043555536271,50.25514752222148,0.1848466025197516,unified_conditional_rl,370.49995531130753,59.77843619986306,10.934116053381155,0.6573862929949943,True,True,True,0.2800609798974825,PASS_AZO_PROXY,,,,,7,MC-AZO-0007
8,CC=NC=NN=NC(C)=C/N=N/C=CC1=CC=CC=C1C,azo,CC=NC=NN=NC(C)=C/N=N/C=Cc1ccccc1C,CC=NC=N/N=N/C(C)=C/N=N/C=Cc1ccccc1C,CC=NC=N\N=N/C(C)=C\N=N\C=Cc1ccccc1C,True,True,True,ok,282.3510000000001,4.316651312739861,0.311926580354846,6.0,368.0649102148696,61.47830791204376,7.888816367772273,0.8625043555536271,47.080640965701264,0.1841454992042653,unified_conditional_rl,365.03057768980983,59.77843619986306,11.154365831777952,0.6573862929949943,True,True,True,0.2778326862786385,PASS_AZO_PROXY,,,,,8,MC-AZO-0008
9,C#C/N=N/C1=CC=CC=C1C,azo,C#C/N=N/c1ccccc1C,C#C/N=N/c1ccccc1C,C#C/N=N\c1ccccc1C,True,True,True,ok,144.17699999999996,3.113892643989537,0.42733724287493546,1.0,383.7855883815737,61.47830791204376,6.014492521872633,0.8625043555536271,46.53746496949509,0.17044357102186966,unified_conditional_rl,377.2594538327021,59.77843619986306,9.9240238015266,0.6573862929949943,True,True,True,0.27137273658533667,PASS_AZO_PROXY,,,,,9,MC-AZO-0009
10,C#C/N=NC1=CC=CC=C1C,azo,C#CN=Nc1ccccc1C,C#C/N=N/c1ccccc1C,C#C/N=N\c1ccccc1C,True,True,True,ok,144.17699999999996,3.113892643989537,0.42733724287493546,1.0,383.7855883815737,61.47830791204376,6.014492521872633,0.8625043555536271,46.53746496949509,0.17044357102186966,unified_conditional_rl,377.2594538327021,59.77843619986306,9.9240238015266,0.6573862929949943,True,True,True,0.27137273658533667,PASS_AZO_PROXY,,,,,10,MC-AZO-0010
11,CC=NN=CN=NC=C/N=NCC1=CC=CC=C1C,azo,CC=NN=CN=NC=CN=NCc1ccccc1C,CC=NN=C/N=N/C=CN=NCc1ccccc1C,CC=NN=C/N=N\C=CN=NCc1ccccc1C,True,True,True,ok,256.313,4.195133978489552,0.32018978011697635,6.0,382.90672560463264,61.47830791204376,9.50340537068441,0.8625043555536271,62.203435569163105,0.16618601730392724,unified_conditional_rl,367.5786765969101,59.77843619986306,15.01051579943227,0.6573862929949943,True,True,True,0.2701633290756391,PASS_AZO_PROXY,,,,,11,MC-AZO-0011
12,CC(C)=NC(C)=C(C)C=C/N=NC=CC1=CC=CC=C1C=NC2=CC=CC=C2,azo,CC(C)=NC(C)=C(C)C=CN=NC=Cc1ccccc1C=Nc1ccccc1,CC(C)=NC(C)=C(C)C=C/N=N/C=Cc1ccccc1C=Nc1ccccc1,CC(C)=NC(C)=C(C)C=C/N=N\C=Cc1ccccc1C=Nc1ccccc1,True,True,True,ok,370.5000000000001,3.6316692754318947,0.2822237076243211,7.0,366.101173319471,61.47830791204376,10.586728655741561,0.8625043555536271,45.99320464315895,0.19306373379082745,unified_conditional_rl,364.5154015643919,59.77843619986306,20.90768354102162,0.6573862929949943,True,True,True,0.26542802450716124,PASS_AZO_PROXY,,,,,12,MC-AZO-0012
13,CC1=CC=CC=C1/N=N/C2=CC=CC=C2C3=CC=CC=C3C,azo,Cc1ccccc1/N=N/c1ccccc1-c1ccccc1C,Cc1ccccc1/N=N/c1ccccc1-c1ccccc1C,Cc1ccccc1/N=N\c1ccccc1-c1ccccc1C,True,True,True,ok,286.3780000000001,2.057132011032909,0.49855491112129713,3.0,390.98104319261665,61.47830791204376,7.538972016638748,0.8625043555536271,44.161837657874,0.16108687774287148,unified_conditional_rl,380.07461141310483,59.77843619986306,10.893205400182811,0.6573862929949943,True,True,True,0.26533464200702783,PASS_AZO_PROXY,,,,,13,MC-AZO-0013
14,CC1=CC=CC=C1/N=NC2=CC=CC=C2C3=CC=CC=C3C,azo,Cc1ccccc1N=Nc1ccccc1-c1ccccc1C,Cc1ccccc1/N=N/c1ccccc1-c1ccccc1C,Cc1ccccc1/N=N\c1ccccc1-c1ccccc1C,True,True,True,ok,286.3780000000001,2.057132011032909,0.49855491112129713,3.0,390.98104319261665,61.47830791204376,7.538972016638748,0.8625043555536271,44.161837657874,0.16108687774287148,unified_conditional_rl,380.07461141310483,59.77843619986306,10.893205400182811,0.6573862929949943,True,True,True,0.26533464200702783,PASS_AZO_PROXY,,,,,14,MC-AZO-0014
15,CC=NC1=CC=C(C)C1/N=N/C=CC2=CC=CC=C2C=CC3=CC=CC=C3,azo,CC=NC1=CC=C(C)C1/N=N/C=Cc1ccccc1C=Cc1ccccc1,CC=NC1=CC=C(C)C1/N=N/C=Cc1ccccc1C=Cc1ccccc1,CC=NC1=CC=C(C)C1/N=N\C=Cc1ccccc1C=Cc1ccccc1,True,True,True,ok,353.46900000000005,3.966730298580165,0.3193309407209729,6.0,379.36801028742065,61.47830791204376,10.958693263426289,0.8625043555536271,49.68798966937709,0.17286903699653225,unified_conditional_rl,370.9076273676026,59.77843619986306,15.67634115696702,0.6573862929949943,True,True,True,0.26499646324872234,PASS_AZO_PROXY,,,,,15,MC-AZO-0015
16,CC=NN=NC=CN=NC=CN=C/N=NC=CC1=CC=CC=C1C,azo,CC=NN=NC=CN=NC=CN=CN=NC=Cc1ccccc1C,CC=N/N=N/C=CN=NC=CN=CN=NC=Cc1ccccc1C,CC=N/N=N\C=CN=NC=CN=CN=NC=Cc1ccccc1C,True,True,True,ok,322.3760000000001,4.841705111682326,0.268389410353439,8.0,379.5481919209231,61.47830791204376,9.705552707434396,0.8625043555536271,45.41913253037683,0.16487595122219859,unified_conditional_rl,366.0700115975758,59.77843619986306,13.814387650929273,0.6573862929949943,True,True,True,0.26480567896174656,PASS_AZO_PROXY,,,,,16,MC-AZO-0016
17,CNCC1=CC=C(C)C1/N=NC=NC2=CC=CC=C2C,azo,CNCC1=CC=C(C)C1N=NC=Nc1ccccc1C,CNCC1=CC=C(C)C1/N=N/C=Nc1ccccc1C,CNCC1=CC=C(C)C1/N=N\C=Nc1ccccc1C,True,True,True,ok,268.364,4.134610769144804,0.4950410451423425,5.0,382.86006432783097,61.47830791204376,6.91758913711317,0.8625043555536271,79.58359916059533,0.16562729499021034,unified_conditional_rl,374.30327606602003,59.77843619986306,11.468909643691179,0.6573862929949943,True,True,True,0.26475579676410005,PASS_AZO_PROXY,,,,,17,MC-AZO-0017
18,CN=NC(C)(C)C/N=NCC1=CC2=CC=C1C=C2C3=CC=CC=C3C,azo,CN=NC(C)(C)CN=NCc1cc2ccc1cc2-c1ccccc1C,C/N=N/C(C)(C)CN=NCc1cc2ccc1cc2-c1ccccc1C,C/N=N\C(C)(C)CN=NCc1cc2ccc1cc2-c1ccccc1C,True,True,True,ok,332.4510000000001,4.159380990815569,0.49219975116110215,6.0,381.45457867127976,61.47830791204376,6.466199442197749,0.8625043555536271,60.26683431908174,0.16683777031694055,unified_conditional_rl,374.6353537943966,59.77843619986306,10.602712180873331,0.6573862929949943,True,True,True,0.2641923053550535,PASS_AZO_PROXY,,,,,18,MC-AZO-0018
19,CC=NN=NC(C)=C/N=N/C=CC1=CC=CC=C1,azo,CC=NN=NC(C)=C/N=N/C=Cc1ccccc1,CC=N/N=N/C(C)=C/N=N/C=Cc1ccccc1,CC=N\N=N/C(C)=C\N=N\C=Cc1ccccc1,True,True,True,ok,241.29800000000003,3.9563219348676535,0.41570841760658017,5.0,371.5361305465801,61.47830791204376,11.764283456879195,0.8625043555536271,46.590235546783674,0.1833914632088546,unified_conditional_rl,365.0411043202894,59.77843619986306,20.212504195017505,0.6573862929949943,True,True,True,0.26246270247509873,PASS_AZO_PROXY,,,,,19,MC-AZO-0019
20,O=CC1=CC=CC=C1/N=NC2=CC=CC=C2C,azo,Cc1ccccc1N=Nc1ccccc1C=O,Cc1ccccc1/N=N/c1ccccc1C=O,Cc1ccccc1/N=N\c1ccccc1C=O,True,True,True,ok,224.26300000000003,2.330920584980273,0.5679975092161975,3.0,394.8074645400996,61.47830791204376,7.113912164791469,0.8625043555536271,48.01587567247208,0.1548597423571274,unified_conditional_rl,381.80376892553704,59.77843619986306,10.753226570983955,0.6573862929949943,True,True,True,0.2620563238001368,PASS_AZO_PROXY,,,,,20,MC-AZO-0020
21,CC1=CC=CC=C1/N=N/C2=CC=CC=C2C,azo,Cc1ccccc1/N=N/c1ccccc1C,Cc1ccccc1/N=N/c1ccccc1C,Cc1ccccc1/N=N\c1ccccc1C,True,True,True,ok,210.28000000000003,2.0001498131409754,0.6406539648047526,2.0,388.669116530296,61.47830791204376,7.538972016638748,0.8625043555536271,44.161837657874,0.1649374382375242,unified_conditional_rl,381.5108172957216,59.77843619986306,10.893205400182811,0.6573862929949943,True,True,True,0.2618848979712949,PASS_AZO_PROXY,,,,,21,MC-AZO-0021
22,CC1=CC=CC=C1/N=NC2=CC=CC=C2C,azo,Cc1ccccc1N=Nc1ccccc1C,Cc1ccccc1/N=N/c1ccccc1C,Cc1ccccc1/N=N\c1ccccc1C,True,True,True,ok,210.28000000000003,2.0001498131409754,0.6406539648047526,2.0,388.669116530296,61.47830791204376,7.538972016638748,0.8625043555536271,44.161837657874,0.1649374382375242,unified_conditional_rl,381.5108172957216,59.77843619986306,10.893205400182811,0.6573862929949943,True,True,True,0.2618848979712949,PASS_AZO_PROXY,,,,,22,MC-AZO-0022
23,CC=NC=CC=C=C/N=N/C=NC1=CC=CC=C1C2=CC=CC=C2C,azo,CC=NC=CC=C=C/N=N/C=Nc1ccccc1-c1ccccc1C,CC=NC=CC=C=C/N=N/C=Nc1ccccc1-c1ccccc1C,CC=NC=CC=C=C/N=N\C=Nc1ccccc1-c1ccccc1C,True,True,True,ok,328.41900000000004,3.9075823215296452,0.20377656597788424,6.0,393.5246303518455,61.47830791204376,7.250884559025607,0.8625043555536271,57.991976608173104,0.15066454832860993,unified_conditional_rl,377.9811393991374,59.77843619986306,11.126510370582272,0.6573862929949943,True,True,True,0.25977532261151765,PASS_AZO_PROXY,,,,,23,MC-AZO-0023
24,CC1=CC=CC=C1/N=N/C2=CC=CC=C2C3=CC=CC=C3,azo,Cc1ccccc1/N=N/c1ccccc1-c1ccccc1,Cc1ccccc1/N=N/c1ccccc1-c1ccccc1,Cc1ccccc1/N=N\c1ccccc1-c1ccccc1,True,True,True,ok,272.35100000000006,1.9555463499607058,0.5162612437912695,3.0,390.2757935564518,61.47830791204376,8.285540726603916,0.8625043555536271,63.183503669407,0.16384779017353696,unified_conditional_rl,383.0378860130466,59.77843619986306,11.928608889172994,0.6573862929949943,True,True,True,0.258992435561345,PASS_AZO_PROXY,,,,,24,MC-AZO-0024
25,CC1=CC=CC=C1/N=NC2=CC=CC=C2C3=CC=CC=C3,azo,Cc1ccccc1N=Nc1ccccc1-c1ccccc1,Cc1ccccc1/N=N/c1ccccc1-c1ccccc1,Cc1ccccc1/N=N\c1ccccc1-c1ccccc1,True,True,True,ok,272.35100000000006,1.9555463499607058,0.5162612437912695,3.0,390.2757935564518,61.47830791204376,8.285540726603916,0.8625043555536271,63.183503669407,0.16384779017353696,unified_conditional_rl,383.0378860130466,59.77843619986306,11.928608889172994,0.6573862929949943,True,True,True,0.258992435561345,PASS_AZO_PROXY,,,,,25,MC-AZO-0025
26,CC=NC(C)=NC(C)=C/N=NNCCC1=CC=CC=C1C,azo,CC=NC(C)=NC(C)=CN=NNCCc1ccccc1C,CC=NC(C)=NC(C)=C/N=N/NCCc1ccccc1C,CC=NC(C)=NC(C)=C/N=N\NCCc1ccccc1C,True,True,True,ok,285.39500000000004,3.733653529167503,0.2784951663711372,6.0,389.4280370501064,61.47830791204376,6.401525879777135,0.8625043555536271,66.65368907731977,0.15779534764709463,unified_conditional_rl,379.76578225472775,59.77843619986306,10.768477472809868,0.6573862929949943,True,True,True,0.2584919653739731,PASS_AZO_PROXY,,,,,26,MC-AZO-0026
27,COCN=NCC(C)=C/N=NC1=CC=CC=C1C,azo,COCN=NCC(C)=CN=Nc1ccccc1C,COC/N=N/CC(C)=CN=Nc1ccccc1C,COC/N=N\CC(C)=CN=Nc1ccccc1C,True,True,True,ok,246.314,3.771317688435353,0.698625411235899,6.0,389.0315370107851,61.47830791204376,6.52855433678477,0.8625043555536271,57.58428729747311,0.15814497015317633,unified_conditional_rl,379.5886040572134,59.77843619986306,11.350657860190736,0.6573862929949943,True,True,True,0.257671056189089,PASS_AZO_PROXY,,,,,27,MC-AZO-0027
28,CC1=CC=CC=C1/N=N/C2=CC=CC=C2N,azo,Cc1ccccc1/N=N/c1ccccc1N,Cc1ccccc1/N=N/c1ccccc1N,Cc1ccccc1/N=N\c1ccccc1N,True,True,True,ok,211.26800000000003,2.1693076726727476,0.592151309127607,2.0,390.6254382323306,61.47830791204376,7.538972016638748,0.8625043555536271,62.38928546711617,0.16283264185375013,unified_conditional_rl,383.9970400590303,59.77843619986306,10.893205400182811,0.6573862929949943,True,True,True,0.25764399112416103,PASS_AZO_PROXY,,,,,28,MC-AZO-0028
29,CN=C(C)/N=CC1=CC=CC=C1/N=NC2=CC=CC=C2C,azo,CN=C(C)N=Cc1ccccc1N=Nc1ccccc1C,CN=C(C)N=Cc1ccccc1/N=N/c1ccccc1C,CN=C(C)N=Cc1ccccc1/N=N\c1ccccc1C,True,True,True,ok,278.35900000000004,3.0300159281244774,0.43639683869870927,3.0,395.83749154522326,61.47830791204376,6.196815017018392,0.8625043555536271,57.68002036880489,0.15236702483054237,unified_conditional_rl,384.04199731335575,59.77843619986306,9.406503097125464,0.6573862929949943,True,True,True,0.25733429127264706,PASS_AZO_PROXY,,,,,29,MC-AZO-0029
30,CC=NC=NC(C)=C/N=N\C=CC1=CC=CC=C1,azo,CC=NC=NC(C)=C/N=N\C=Cc1ccccc1,CC=NC=NC(C)=C/N=N/C=Cc1ccccc1,CC=NC=NC(C)=C/N=N\C=Cc1ccccc1,True,True,True,ok,240.31000000000003,3.9811731182996066,0.42264055154317764,5.0,371.76450550294163,61.47830791204376,11.764283456879195,0.8625043555536271,47.54591918438655,0.1829905985926795,unified_conditional_rl,368.65765669227125,59.77843619986306,20.212504195017505,0.6573862929949943,True,True,True,0.2567950738410746,PASS_AZO_PROXY,,,,,30,MC-AZO-0030
31,C(=C)N=NC1=CC=CC=C1/N=NC2=CC=CC=C2/N=NC3=CC=CC=C3C4=CC=CC=C4C,azo,C=CN=Nc1ccccc1N=Nc1ccccc1N=Nc1ccccc1-c1ccccc1C,C=C/N=N/c1ccccc1N=Nc1ccccc1N=Nc1ccccc1-c1ccccc1C,C=C/N=N\c1ccccc1N=Nc1ccccc1N=Nc1ccccc1-c1ccccc1C,True,True,True,ok,430.51500000000016,2.988039743588409,0.26167407176637697,7.0,402.66725942163384,61.47830791204376,7.997993634866739,0.8625043555536271,43.36461281632194,0.1420925514104384,unified_conditional_rl,381.800384514688,59.77843619986306,14.110102130199886,0.6573862929949943,True,True,True,0.25636096998359154,PASS_AZO_PROXY,,,,,31,MC-AZO-0031
32,CC1=CC=CC=C1/N=NC2=CC=CC=C2/N=NC3=CC=CC=C3C,azo,Cc1ccccc1N=Nc1ccccc1N=Nc1ccccc1C,Cc1ccccc1N=Nc1ccccc1/N=N/c1ccccc1C,Cc1ccccc1N=Nc1ccccc1/N=N\c1ccccc1C,True,True,True,ok,314.3920000000001,2.2104390607331066,0.45964310350259513,4.0,389.1258421703135,61.47830791204376,7.538972016638748,0.8625043555536271,44.161837657874,0.1641771626257786,unified_conditional_rl,383.8542999883737,59.77843619986306,10.893205400182811,0.6573862929949943,True,True,True,0.25616985536437825,PASS_AZO_PROXY,,,,,32,MC-AZO-0032
33,C(=N)C1=CC=CC=C1/N=N/C2=CC=CC=C2C,azo,Cc1ccccc1/N=N/c1ccccc1C=N,Cc1ccccc1/N=N/c1ccccc1C=N,Cc1ccccc1/N=N\c1ccccc1C=N,True,True,True,ok,223.27900000000005,2.6032122647290965,0.5916269685110145,3.0,395.2004381379954,61.47830791204376,7.200813211172285,0.8625043555536271,48.93765976847834,0.1543675641573663,unified_conditional_rl,384.3899031870333,59.77843619986306,10.678112394304708,0.6573862929949943,True,True,True,0.25589400513010335,PASS_AZO_PROXY,,,,,33,MC-AZO-0033
34,CC(C)=CC1=CC=CC=C1/N=NC2=CC=CC=C2,azo,CC(C)=Cc1ccccc1N=Nc1ccccc1,CC(C)=Cc1ccccc1/N=N/c1ccccc1,CC(C)=Cc1ccccc1/N=N\c1ccccc1,True,True,True,ok,236.318,2.3935038875303754,0.6262421299280875,3.0,393.05799816662056,61.47830791204376,9.277844322964462,0.8625043555536271,48.40986323399454,0.15878752632819318,unified_conditional_rl,378.31469397268233,59.77843619986306,18.690944229813713,0.6573862929949943,True,True,True,0.2547094564413996,PASS_AZO_PROXY,,,,,34,MC-AZO-0034
35,CC(C)=NC=N[NH1]C=NC=C/N=NC=CC1=CC=CC=C1C=CC2=CC=CC=C2,azo,CC(C)=NC=NNC=NC=CN=NC=Cc1ccccc1C=Cc1ccccc1,CC(C)=NC=NNC=NC=C/N=N/C=Cc1ccccc1C=Cc1ccccc1,CC(C)=NC=NNC=NC=C/N=N\C=Cc1ccccc1C=Cc1ccccc1,True,True,True,ok,384.48700000000014,3.9249861884895507,0.1917887513310733,9.0,380.5828880765069,61.47830791204376,11.297115202177023,0.8625043555536271,51.06440041065622,0.17141234021451332,unified_conditional_rl,371.6304379969319,59.77843619986306,19.81339593221388,0.6573862929949943,True,True,True,0.2538848657666623,PASS_AZO_PROXY,,,,,35,MC-AZO-0035
36,CC1=CC=CC=C1/N=N/C=CC2=CC=CC=C2C,azo,Cc1ccccc1C=C/N=N/c1ccccc1C,Cc1ccccc1C=C/N=N/c1ccccc1C,Cc1ccccc1C=C/N=N\c1ccccc1C,True,True,True,ok,236.31799999999998,2.5028512248084844,0.66547925493995,3.0,399.8849007318318,61.47830791204376,8.524778534876742,0.8625043555536271,43.75071776068563,0.14681288976403611,unified_conditional_rl,384.0898022587312,59.77843619986306,12.414051135385622,0.6573862929949943,True,True,True,0.2538217259646489,PASS_AZO_PROXY,,,,,36,MC-AZO-0036
37,CN=NC(C)=NN=NC=C(C)C=C/N=NC=CC1=CC=CC=C1C=CC2=CC=CC=C2,azo,CN=NC(C)=NN=NC=C(C)C=CN=NC=Cc1ccccc1C=Cc1ccccc1,C/N=N/C(C)=NN=NC=C(C)C=CN=NC=Cc1ccccc1C=Cc1ccccc1,C/N=N\C(C)=NN=NC=C(C)C=CN=NC=Cc1ccccc1C=Cc1ccccc1,True,True,True,ok,411.51300000000015,4.050128318987014,0.10709422176555014,8.0,378.9264120587745,61.47830791204376,11.116012567453724,0.8625043555536271,56.866996802050494,0.17318372666659704,unified_conditional_rl,372.8708607905567,59.77843619986306,18.51587461665999,0.6573862929949943,True,True,True,0.25380603417216013,PASS_AZO_PROXY,,,,,37,MC-AZO-0037
38,CC(C)=CC1=CC=CC=C1/N=N/C2=CC=CC=C2C,azo,CC(C)=Cc1ccccc1/N=N/c1ccccc1C,CC(C)=Cc1ccccc1/N=N/c1ccccc1C,CC(C)=Cc1ccccc1/N=N\c1ccccc1C,True,True,True,ok,250.345,2.474115610191184,0.6117987450588485,3.0,394.87685336343503,61.47830791204376,6.196815017018392,0.8625043555536271,46.61170628490726,0.15350199158163078,unified_conditional_rl,385.226637780901,59.77843619986306,9.406503097125464,0.6573862929949943,True,True,True,0.25366060312618655,PASS_AZO_PROXY,,,,,38,MC-AZO-0038
39,CC(C)=CC1=CC=CC=C1/N=NC2=CC=CC=C2C,azo,CC(C)=Cc1ccccc1N=Nc1ccccc1C,CC(C)=Cc1ccccc1/N=N/c1ccccc1C,CC(C)=Cc1ccccc1/N=N\c1ccccc1C,True,True,True,ok,250.345,2.474115610191184,0.6117987450588485,3.0,394.87685336343503,61.47830791204376,6.196815017018392,0.8625043555536271,46.61170628490726,0.15350199158163078,unified_conditional_rl,385.226637780901,59.77843619986306,9.406503097125464,0.6573862929949943,True,True,True,0.25366060312618655,PASS_AZO_PROXY,,,,,39,MC-AZO-0039
40,CC1=CC=CC=C1/N=NC2=CC=CC=C2C=C,azo,C=Cc1ccccc1N=Nc1ccccc1C,C=Cc1ccccc1/N=N/c1ccccc1C,C=Cc1ccccc1/N=N\c1ccccc1C,True,True,True,ok,222.291,2.4196489994229733,0.6488072594938943,3.0,394.0817078942114,61.47830791204376,8.010846158681689,0.8625043555536271,45.46588756230949,0.15639140411678895,unified_conditional_rl,383.22052977492814,59.77843619986306,14.10849799838081,0.6573862929949943,True,True,True,0.25346975696521423,PASS_AZO_PROXY,,,,,40,MC-AZO-0040
41,CN=NC=NC(C)=C/N=N/C=CC1=CC=CC=C1,azo,CN=NC=NC(C)=C/N=N/C=Cc1ccccc1,C/N=N/C=NC(C)=C/N=N/C=Cc1ccccc1,C/N=N\C=NC(C)=C/N=N/C=Cc1ccccc1,True,True,True,ok,241.29800000000003,4.057457437826234,0.423385483914529,5.0,374.1565111004357,61.47830791204376,11.764283456879195,0.8625043555536271,47.058748398183525,0.1790693372336613,unified_conditional_rl,370.46347915368125,59.77843619986306,20.212504195017505,0.6573862929949943,True,True,True,0.25268371190361927,PASS_AZO_PROXY,,,,,41,MC-AZO-0041
42,CN=CC1=CC=CC=C1/N=NC2=CC=CC=C2C,azo,CN=Cc1ccccc1N=Nc1ccccc1C,CN=Cc1ccccc1/N=N/c1ccccc1C,CN=Cc1ccccc1/N=N\c1ccccc1C,True,True,True,ok,237.30599999999998,2.6139559585362946,0.5580541581498036,3.0,393.4533781336842,61.47830791204376,7.538972016638748,0.8625043555536271,49.8843292630292,0.15760530963333155,unified_conditional_rl,385.86430976642606,59.77843619986306,10.893205400182811,0.6573862929949943,True,True,True,0.2522172737340197,PASS_AZO_PROXY,,,,,42,MC-AZO-0042
43,CN=NC=NC=C(C)C=C/N=NC=CC1=CC=CC=C1C=CC2=CC=CC=C2,azo,CN=NC=NC=C(C)C=CN=NC=Cc1ccccc1C=Cc1ccccc1,C/N=N/C=NC=C(C)C=CN=NC=Cc1ccccc1C=Cc1ccccc1,C/N=N\C=NC=C(C)C=CN=NC=Cc1ccccc1C=Cc1ccccc1,True,True,True,ok,369.4720000000001,3.897606231341837,0.16130944263836555,8.0,376.3283969086983,61.47830791204376,11.764283456879195,0.8625043555536271,49.42852290856172,0.17770286413629996,unified_conditional_rl,372.05202758390914,59.77843619986306,20.212504195017505,0.6573862929949943,True,True,True,0.2522124049605457,PASS_AZO_PROXY,,,,,43,MC-AZO-0043
44,CC(C)=C(C)C=C/N=N/C=CC1=CC=CC=C1C=CC2=CC=CC=C2N,azo,CC(C)=C(C)C=C/N=N/C=Cc1ccccc1C=Cc1ccccc1N,CC(C)=C(C)C=C/N=N/C=Cc1ccccc1C=Cc1ccccc1N,CC(C)=C(C)C=C/N=N\C=Cc1ccccc1C=Cc1ccccc1N,True,True,True,ok,343.4740000000001,3.3776338553680265,0.268608043047606,6.0,383.0105758043822,61.47830791204376,10.70426260683785,0.8625043555536271,65.06580470861672,0.1729236447425973,unified_conditional_rl,377.2759274671139,59.77843619986306,19.15630242135832,0.6573862929949943,True,True,True,0.25202050339845067,PASS_AZO_PROXY,,,,,44,MC-AZO-0044
45,CN(C)C1=CC=CC=C1/N=N/C2=CC=CC=C2C=NC3=CC=CC=C3C,azo,Cc1ccccc1N=Cc1ccccc1/N=N/c1ccccc1N(C)C,Cc1ccccc1N=Cc1ccccc1/N=N/c1ccccc1N(C)C,Cc1ccccc1N=Cc1ccccc1/N=N\c1ccccc1N(C)C,True,True,True,ok,342.4460000000001,2.6370467202328918,0.4001896434976567,5.0,397.2077708448569,61.47830791204376,7.538972016638748,0.8625043555536271,66.36095851666806,0.15190404003398766,unified_conditional_rl,386.2954035803388,59.77843619986306,10.893205400182811,0.6573862929949943,True,True,True,0.2520051934714225,PASS_AZO_PROXY,,,,,45,MC-AZO-0045
46,CC=NN=CC=CC=C/N=N/C=CC1=CC=CC=C1C,azo,CC=NN=CC=CC=C/N=N/C=Cc1ccccc1C,CC=NN=CC=CC=C/N=N/C=Cc1ccccc1C,CC=NN=CC=CC=C/N=N\C=Cc1ccccc1C,True,True,True,ok,266.348,3.954786352420615,0.3134255917630102,6.0,388.995326548331,61.47830791204376,7.666046724145544,0.8625043555536271,51.20022917412888,0.1575377390718562,unified_conditional_rl,381.4187691619065,59.77843619986306,10.563603598556234,0.6573862929949943,True,True,True,0.2512442591087702,PASS_AZO_PROXY,,,,,46,MC-AZO-0046
47,C1=CC=CC=C1/N=N/C2=CC=CC=C2C=CC3=CC=CC=C3C,azo,Cc1ccccc1C=Cc1ccccc1/N=N/c1ccccc1,Cc1ccccc1C=Cc1ccccc1/N=N/c1ccccc1,Cc1ccccc1C=Cc1ccccc1/N=N\c1ccccc1,True,True,True,ok,298.389,2.2743732571367286,0.383648558267878,4.0,393.08903700471893,61.47830791204376,8.389828878268178,0.8625043555536271,42.807749231760454,0.15779500334141364,unified_conditional_rl,384.17622429664306,59.77843619986306,13.889751324904742,0.6573862929949943,True,True,True,0.25092233991873586,PASS_AZO_PROXY,,,,,47,MC-AZO-0047
48,C(=C)N=NC1=CC=CC=C1C2=CC=CC=C2N=NC3=CC=CC=C3C,azo,C=CN=Nc1ccccc1-c1ccccc1N=Nc1ccccc1C,C=C/N=N/c1ccccc1-c1ccccc1N=Nc1ccccc1C,C=C/N=N\c1ccccc1-c1ccccc1N=Nc1ccccc1C,True,True,True,ok,326.403,2.84259875988581,0.4414478711102559,5.0,404.5658957380121,61.47830791204376,8.010846158681689,0.8625043555536271,44.10539383443671,0.13920515743464415,unified_conditional_rl,384.15513349972736,59.77843619986306,14.10849799838081,0.6573862929949943,True,True,True,0.250905928918008,PASS_AZO_PROXY,,,,,48,MC-AZO-0048
49,CC=NC1=NC=CC=C1/N=NC2=CC=CC=C2/N=NC3=CC=CC=C3C4=CC=CC=C4C,azo,CC=Nc1ncccc1N=Nc1ccccc1N=Nc1ccccc1-c1ccccc1C,CC=Nc1ncccc1/N=N/c1ccccc1N=Nc1ccccc1-c1ccccc1C,CC=Nc1ncccc1/N=N\c1ccccc1N=Nc1ccccc1-c1ccccc1C,True,True,True,ok,418.50400000000013,3.039809532903301,0.22799594038745974,6.0,401.2230881505546,61.47830791204376,9.3372080440582,0.8625043555536271,55.97775651251936,0.1454587012932982,unified_conditional_rl,386.24245543155706,59.77843619986306,11.57098577883925,0.6573862929949943,True,True,True,0.25069758585002044,PASS_AZO_PROXY,,,,,49,MC-AZO-0049
50,CN(C)C=NC=C/N=N/C=CC1=CC=CC=C1,azo,CN(C)C=NC=C/N=N/C=Cc1ccccc1,CN(C)C=NC=C/N=N/C=Cc1ccccc1,CN(C)C=NC=C/N=N\C=Cc1ccccc1,True,True,True,ok,228.29900000000004,3.6458219978531146,0.4332370295540535,5.0,380.7457698138055,61.47830791204376,12.723501318046884,0.8625043555536271,54.14652405979689,0.17323621517729365,unified_conditional_rl,375.14150128599795,59.77843619986306,20.176624603547282,0.6573862929949943,True,True,True,0.24998423228462713,PASS_AZO_PROXY,,,,,50,MC-AZO-0050
51,CN(C)C=NC=C/N=NC=CC1=CC=CC=C1,azo,CN(C)C=NC=CN=NC=Cc1ccccc1,CN(C)C=NC=C/N=N/C=Cc1ccccc1,CN(C)C=NC=C/N=N\C=Cc1ccccc1,True,True,True,ok,228.29900000000004,3.6458219978531146,0.4332370295540535,5.0,380.7457698138055,61.47830791204376,12.723501318046884,0.8625043555536271,54.14652405979689,0.17323621517729365,unified_conditional_rl,375.14150128599795,59.77843619986306,20.176624603547282,0.6573862929949943,True,True,True,0.24998423228462713,PASS_AZO_PROXY,,,,,51,MC-AZO-0051
52,CC=NC1=NC=CC=C1/N=NC2=CC=CC=C2C3=CC=CC=C3C,azo,CC=Nc1ncccc1N=Nc1ccccc1-c1ccccc1C,CC=Nc1ncccc1/N=N/c1ccccc1-c1ccccc1C,CC=Nc1ncccc1/N=N\c1ccccc1-c1ccccc1C,True,True,True,ok,314.39200000000005,2.768518518275732,0.41785021893308855,4.0,400.9522502142443,61.47830791204376,9.3372080440582,0.8625043555536271,55.97775651251936,0.14618758338770982,unified_conditional_rl,386.78600779057797,59.77843619986306,11.57098577883925,0.6573862929949943,True,True,True,0.24984246629361853,PASS_AZO_PROXY,,,,,52,MC-AZO-0052
53,C(C)=NC=CC1=CC=C(C)C1/N=NC=CC2=CC=CC=C2C,azo,CC=NC=CC1=CC=C(C)C1N=NC=Cc1ccccc1C,CC=NC=CC1=CC=C(C)C1/N=N/C=Cc1ccccc1C,CC=NC=CC1=CC=C(C)C1/N=N\C=Cc1ccccc1C,True,True,True,ok,291.3980000000001,4.447949505029191,0.5227986955208301,5.0,397.9379211298254,61.47830791204376,9.705552707434396,0.8625043555536271,55.720600097097474,0.140577399568521,unified_conditional_rl,377.6874462625912,59.77843619986306,13.78877408363985,0.6573862929949943,True,True,True,0.24966740813418983,PASS_AZO_PROXY,,,,,53,MC-AZO-0053
54,CC=NN=NC=NC(C)=C/N=N/C=CC1=CC=CC=C1,azo,CC=NN=NC=NC(C)=C/N=N/C=Cc1ccccc1,CC=N/N=N/C=NC(C)=C/N=N/C=Cc1ccccc1,CC=N/N=N\C=NC(C)=C/N=N/C=Cc1ccccc1,True,True,True,ok,268.324,4.267828792738918,0.31606230687831416,6.0,379.96927348944564,61.47830791204376,11.764283456879195,0.8625043555536271,47.363915064850175,0.1689477182499127,unified_conditional_rl,371.02076721087434,59.77843619986306,20.212504195017505,0.6573862929949943,True,True,True,0.2491226524052548,PASS_AZO_PROXY,,,,,54,MC-AZO-0054
55,CC=CC=CN(/N=N/C=CC1=CC=CC=C1)C2=CC=CC=C2C3=CC=CC=C3C,azo,CC=CC=CN(/N=N/C=Cc1ccccc1)c1ccccc1-c1ccccc1C,CC=CC=CN(/N=N/C=Cc1ccccc1)c1ccccc1-c1ccccc1C,CC=CC=CN(/N=N\C=Cc1ccccc1)c1ccccc1-c1ccccc1C,True,True,True,ok,379.5070000000002,3.0547603061366093,0.23589871883297064,7.0,392.460584334548,61.47830791204376,10.205162418048976,0.8625043555536271,54.2233999829196,0.15974949625198573,unified_conditional_rl,385.90656783077196,59.77843619986306,13.466542891591635,0.6573862929949943,True,True,True,0.24854413565651598,PASS_AZO_PROXY,,,,,55,MC-AZO-0055
56,N=NC=NC=C(C)C=C/N=NC=CC1=CC=CC=C1,azo,CC(C=CN=NC=Cc1ccccc1)=CN=CN=N,CC(C=C/N=N/C=Cc1ccccc1)=CN=CN=N,CC(C=C/N=N\C=Cc1ccccc1)=CN=CN=N,True,True,True,ok,253.30900000000005,4.216542649818224,0.33318147484622307,6.0,377.8609129743325,61.47830791204376,11.764283456879195,0.8625043555536271,48.587909151948054,0.17261494241803133,unified_conditional_rl,372.0029583708963,59.77843619986306,20.212504195017505,0.6573862929949943,True,True,True,0.24819832839923897,PASS_AZO_PROXY,,,,,56,MC-AZO-0056
57,CC=NCCC(C)=NC1=CC=CC=C1/N=NC2=CC=CC=C2,azo,CC=NCCC(C)=Nc1ccccc1N=Nc1ccccc1,CC=NCCC(C)=Nc1ccccc1/N=N/c1ccccc1,CC=NCCC(C)=Nc1ccccc1/N=N\c1ccccc1,True,True,True,ok,292.386,3.0860072514175254,0.48591520450432696,6.0,388.8470838132317,61.47830791204376,9.277844322964462,0.8625043555536271,55.174983770142944,0.1655795364887035,unified_conditional_rl,379.89194363566656,59.77843619986306,19.7846710514569,0.6573862929949943,True,True,True,0.24798124426614118,PASS_AZO_PROXY,,,,,57,MC-AZO-0057
58,COC1=CC=CC=C1/N=N/C2=CC=CC=C2C,azo,COc1ccccc1/N=N/c1ccccc1C,COc1ccccc1/N=N/c1ccccc1C,COc1ccccc1/N=N\c1ccccc1C,True,True,True,ok,226.279,2.010529062217323,0.7131041595835663,3.0,391.2613078684597,61.47830791204376,9.34188948640798,0.8625043555536271,48.53720922476646,0.1618171916716138,unified_conditional_rl,384.91068294142696,59.77843619986306,15.102885843277582,0.6573862929949943,True,True,True,0.24792534009074096,PASS_AZO_PROXY,,,,,58,MC-AZO-0058
59,COC1=CC=CC=C1/N=NC2=CC=CC=C2C,azo,COc1ccccc1N=Nc1ccccc1C,COc1ccccc1/N=N/c1ccccc1C,COc1ccccc1/N=N\c1ccccc1C,True,True,True,ok,226.279,2.010529062217323,0.7131041595835663,3.0,391.2613078684597,61.47830791204376,9.34188948640798,0.8625043555536271,48.53720922476646,0.1618171916716138,unified_conditional_rl,384.91068294142696,59.77843619986306,15.102885843277582,0.6573862929949943,True,True,True,0.24792534009074096,PASS_AZO_PROXY,,,,,59,MC-AZO-0059
60,NC1=CC=CC=C1/N=NC2=CC=CC=C2/N=NC3=CC=CC=C3C4=CC=CC(C)=C4,azo,Cc1cccc(-c2ccccc2N=Nc2ccccc2N=Nc2ccccc2N)c1,Cc1cccc(-c2ccccc2/N=N/c2ccccc2N=Nc2ccccc2N)c1,Cc1cccc(-c2ccccc2/N=N\c2ccccc2N=Nc2ccccc2N)c1,True,True,True,ok,391.4780000000001,2.6014285781927367,0.27082456123431925,5.0,390.2018442561203,61.47830791204376,6.3201239766878174,0.8625043555536271,75.04534570399528,0.16233242080377344,unified_conditional_rl,388.0709207136879,59.77843619986306,8.83339902818295,0.6573862929949943,True,True,True,0.24765816177139932,PASS_AZO_PROXY,,,,,60,MC-AZO-0060
61,OC1=CC=CC=C1/N=N/C2=CC=CC=C2C,azo,Cc1ccccc1/N=N/c1ccccc1O,Cc1ccccc1/N=N/c1ccccc1O,Cc1ccccc1/N=N\c1ccccc1O,True,True,True,ok,212.25200000000004,2.164425398425255,0.747612086399784,2.0,391.74012936250114,61.47830791204376,6.337845710158906,0.8625043555536271,51.47376983305912,0.15930976141495645,unified_conditional_rl,388.20326699396537,59.77843619986306,9.38409555704631,0.6573862929949943,True,True,True,0.24688997590746328,PASS_AZO_PROXY,,,,,61,MC-AZO-0061
62,CC1=CC=CC=C1/N=NC2=CC=CC=C2O,azo,Cc1ccccc1N=Nc1ccccc1O,Cc1ccccc1/N=N/c1ccccc1O,Cc1ccccc1/N=N\c1ccccc1O,True,True,True,ok,212.25200000000004,2.164425398425255,0.747612086399784,2.0,391.74012936250114,61.47830791204376,6.337845710158906,0.8625043555536271,51.47376983305912,0.15930976141495645,unified_conditional_rl,388.20326699396537,59.77843619986306,9.38409555704631,0.6573862929949943,True,True,True,0.24688997590746328,PASS_AZO_PROXY,,,,,62,MC-AZO-0062
63,CC=NN=NC1=CC=CC=C1/N=N/C2=CC=CC=C2C3=CC=CC=C3C,azo,CC=NN=Nc1ccccc1/N=N/c1ccccc1-c1ccccc1C,CC=N/N=N/c1ccccc1/N=N/c1ccccc1-c1ccccc1C,CC=N/N=N\c1ccccc1/N=N/c1ccccc1-c1ccccc1C,True,True,True,ok,341.41800000000006,2.9112412303543476,0.26822713111175994,5.0,397.3560633376598,61.47830791204376,7.526876563116766,0.8625043555536271,44.76580552028531,0.1506131766332149,unified_conditional_rl,387.73292745516363,59.77843619986306,10.894443954236982,0.6573862929949943,True,True,True,0.24670410467951448,PASS_AZO_PROXY,,,,,63,MC-AZO-0063
64,CC1=CC=CC=C1/N=NC2=CC=CC=C2C=CC3=CC=CC=C3/N=NC4=CC=CC=C4,azo,Cc1ccccc1N=Nc1ccccc1C=Cc1ccccc1N=Nc1ccccc1,Cc1ccccc1/N=N/c1ccccc1C=Cc1ccccc1N=Nc1ccccc1,Cc1ccccc1/N=N\c1ccccc1C=Cc1ccccc1N=Nc1ccccc1,True,True,True,ok,402.50100000000015,2.6538599988460163,0.2281273402925487,6.0,394.7559850674558,61.47830791204376,8.40331106897551,0.8625043555536271,43.534956376150376,0.15515565477286208,unified_conditional_rl,386.0102297754714,59.77843619986306,13.888172244055163,0.6573862929949943,True,True,True,0.24666791913554761,PASS_AZO_PROXY,,,,,64,MC-AZO-0064
65,COC1=CC=CC=C1/N=N/C2=CC=CC=C2C=CC3=CC=CC=C3C,azo,COc1ccccc1/N=N/c1ccccc1C=Cc1ccccc1C,COc1ccccc1/N=N/c1ccccc1C=Cc1ccccc1C,COc1ccccc1/N=N\c1ccccc1C=Cc1ccccc1C,True,True,True,ok,328.4150000000001,2.3651226798015106,0.384046450462178,5.0,398.40228651418784,61.47830791204376,9.32690144959859,0.8625043555536271,47.47161267877675,0.1498375554370249,unified_conditional_rl,385.5896134270706,59.77843619986306,15.102885843277582,0.6573862929949943,True,True,True,0.24612353867382095,PASS_AZO_PROXY,,,,,65,MC-AZO-0065
66,COC1=CC=CC=C1/N=NC2=CC=CC=C2C=CC3=CC=CC=C3C,azo,COc1ccccc1N=Nc1ccccc1C=Cc1ccccc1C,COc1ccccc1/N=N/c1ccccc1C=Cc1ccccc1C,COc1ccccc1/N=N\c1ccccc1C=Cc1ccccc1C,True,True,True,ok,328.4150000000001,2.3651226798015106,0.384046450462178,5.0,398.40228651418784,61.47830791204376,9.32690144959859,0.8625043555536271,47.47161267877675,0.1498375554370249,unified_conditional_rl,385.5896134270706,59.77843619986306,15.102885843277582,0.6573862929949943,True,True,True,0.24612353867382095,PASS_AZO_PROXY,,,,,66,MC-AZO-0066
67,CN(C)CC(C)=C/N=NC1=CC=CC=C1C,azo,CC(=CN=Nc1ccccc1C)CN(C)C,CC(=C/N=N/c1ccccc1C)CN(C)C,CC(=C/N=N\c1ccccc1C)CN(C)C,True,True,True,ok,217.31599999999997,3.0188117620616186,0.7087681370538002,4.0,399.0773357742789,61.47830791204376,5.953080435403696,0.8625043555536271,69.14423032830007,0.14694954937647103,unified_conditional_rl,388.8537868638773,59.77843619986306,10.03940088756058,0.6573862929949943,True,True,True,0.24577893949249138,PASS_AZO_PROXY,,,,,67,MC-AZO-0067
68,CC=NC(C)=NC=C/N=N/C=CC1=CC=NN=C1C,azo,CC=NC(C)=NC=C/N=N/C=Cc1ccnnc1C,CC=NC(C)=NC=C/N=N/C=Cc1ccnnc1C,CC=NC(C)=NC=C/N=N\C=Cc1ccnnc1C,True,True,True,ok,256.313,4.5667361230116965,0.47100086805984565,4.0,381.7760465256829,61.47830791204376,6.85760420369008,0.8625043555536271,53.09021050463184,0.1632322715005981,unified_conditional_rl,380.5557471714989,59.77843619986306,8.444594567936091,0.6573862929949943,True,True,True,0.24518727629748568,PASS_AZO_PROXY,,,,,68,MC-AZO-0068
69,CC1=CC=CC=C1/N=NC2=CC=CC=C2C=CC3=CC=CC=C3C,azo,Cc1ccccc1C=Cc1ccccc1N=Nc1ccccc1C,Cc1ccccc1C=Cc1ccccc1/N=N/c1ccccc1C,Cc1ccccc1C=Cc1ccccc1/N=N\c1ccccc1C,True,True,True,ok,312.41600000000005,2.3519213754185895,0.36997754606542255,4.0,396.92628165469614,61.47830791204376,7.538972016638748,0.8625043555536271,42.596296622166676,0.1509886067085429,unified_conditional_rl,388.2525858322977,59.77843619986306,10.893205400182811,0.6573862929949943,True,True,True,0.2448631534448427,PASS_AZO_PROXY,,,,,69,MC-AZO-0069
70,C(C)=NC=CN=NC1=CC=CC=C1/N=N/C2=CC=CC=C2C3=CC=CC=C3C,azo,CC=NC=CN=Nc1ccccc1/N=N/c1ccccc1-c1ccccc1C,CC=NC=C/N=N/c1ccccc1/N=N/c1ccccc1-c1ccccc1C,CC=NC=C/N=N\c1ccccc1/N=N/c1ccccc1-c1ccccc1C,True,True,True,ok,367.45600000000013,3.2130101713043135,0.3160702100694454,6.0,402.1224698045042,61.47830791204376,8.776483438582213,0.8625043555536271,43.24102850123114,0.1416813482768551,unified_conditional_rl,386.7774186192917,59.77843619986306,12.213126981353296,0.6573862929949943,True,True,True,0.244735802037276,PASS_AZO_PROXY,,,,,70,MC-AZO-0070
71,CC=NC=CN=NC1=CC=CC=C1/N=NC2=CC=CC=C2C3=CC=CC=C3C,azo,CC=NC=CN=Nc1ccccc1N=Nc1ccccc1-c1ccccc1C,CC=NC=C/N=N/c1ccccc1N=Nc1ccccc1-c1ccccc1C,CC=NC=C/N=N\c1ccccc1N=Nc1ccccc1-c1ccccc1C,True,True,True,ok,367.45600000000013,3.2130101713043135,0.3160702100694454,6.0,402.1224698045042,61.47830791204376,8.776483438582213,0.8625043555536271,43.24102850123114,0.1416813482768551,unified_conditional_rl,386.7774186192917,59.77843619986306,12.213126981353296,0.6573862929949943,True,True,True,0.244735802037276,PASS_AZO_PROXY,,,,,71,MC-AZO-0071
72,N(C)C=C(C)N=NC1=CC=CC=C1/N=NC2=CC=CC=C2,azo,CNC=C(C)N=Nc1ccccc1N=Nc1ccccc1,CNC=C(C)/N=N/c1ccccc1N=Nc1ccccc1,CNC=C(C)/N=N\c1ccccc1N=Nc1ccccc1,True,True,True,ok,279.34700000000004,3.0558791815923207,0.744726591851501,5.0,395.68157657951775,61.47830791204376,8.909414375178457,0.8625043555536271,51.23785307696312,0.1541385862097689,unified_conditional_rl,383.01046059123274,59.77843619986306,18.321880099523558,0.6573862929949943,True,True,True,0.24464152455503532,PASS_AZO_PROXY,,,,,72,MC-AZO-0072
73,CN=CC1=CC=CC=C1/N=NC2=CC=CC=C2,azo,CN=Cc1ccccc1N=Nc1ccccc1,CN=Cc1ccccc1/N=N/c1ccccc1,CN=Cc1ccccc1/N=N\c1ccccc1,True,True,True,ok,223.279,2.53829550491748,0.5534085267435165,3.0,390.2989685786283,61.47830791204376,11.31205272694885,0.8625043555536271,51.27046259446456,0.16346554388679124,unified_conditional_rl,378.29275966214163,59.77843619986306,22.694930263892793,0.6573862929949943,True,True,True,0.24462232765163391,PASS_AZO_PROXY,,,,,73,MC-AZO-0073
74,CC(=C)C=C(C)C/N=NC1=CC=CC=C1,azo,C=C(C)C=C(C)CN=Nc1ccccc1,C=C(C)C=C(C)C/N=N/c1ccccc1,C=C(C)C=C(C)C/N=N\c1ccccc1,True,True,True,ok,200.28500000000003,3.0641221297929278,0.5112940098247574,4.0,391.963345987303,61.47830791204376,9.11201713980893,0.8625043555536271,64.48378454439785,0.16073807607807136,unified_conditional_rl,381.5978547080286,59.77843619986306,19.881634849595567,0.6573862929949943,True,True,True,0.24452288655294563,PASS_AZO_PROXY,,,,,74,MC-AZO-0074
75,C1C=C1/N=NC2=CC=CC=C2C,azo,Cc1ccccc1N=NC1=CC1,Cc1ccccc1/N=N/C1=CC1,Cc1ccccc1/N=N\C1=CC1,True,True,True,ok,158.204,2.7692202944395117,0.5893871783033615,2.0,393.75968131689405,61.47830791204376,9.644064566048716,0.8625043555536271,48.65794991333087,0.15766281094123547,unified_conditional_rl,386.27084173465187,59.77843619986306,15.327146952524615,0.6573862929949943,True,True,True,0.2441827930595177,PASS_AZO_PROXY,,,,,75,MC-AZO-0075
76,CC=NC1=CC=CN=C1/N=NC2=CC=CC=C2/N=NC3=CC=CC=C3,azo,CC=Nc1cccnc1N=Nc1ccccc1N=Nc1ccccc1,CC=Nc1cccnc1/N=N/c1ccccc1N=Nc1ccccc1,CC=Nc1cccnc1/N=N\c1ccccc1N=Nc1ccccc1,True,True,True,ok,328.379,3.0377896977151035,0.3820725341151597,5.0,400.8202971470869,61.47830791204376,9.169039845986129,0.8625043555536271,56.1390267625506,0.14611221659586682,unified_conditional_rl,383.6857975765178,59.77843619986306,18.1191052861747,0.6573862929949943,True,True,True,0.24415797869686456,PASS_AZO_PROXY,,,,,76,MC-AZO-0076
77,CC1=CC=CC=C1/N=N/N=N/C=CC2=CC=CC=C2C=CC3=CC=CC=C3,azo,Cc1ccccc1/N=N/N=N/C=Cc1ccccc1C=Cc1ccccc1,Cc1ccccc1/N=N/N=N/C=Cc1ccccc1C=Cc1ccccc1,Cc1ccccc1/N=N\N=N\C=Cc1ccccc1C=Cc1ccccc1,True,True,True,ok,352.4410000000001,2.9361115387610983,0.25401912375622715,6.0,396.9082227970079,61.47830791204376,9.705986656826125,0.8625043555536271,43.01268032483841,0.15173475196769545,unified_conditional_rl,385.91291165608635,59.77843619986306,15.257022469046513,0.6573862929949943,True,True,True,0.2440807268235113,PASS_AZO_PROXY,,,,,77,MC-AZO-0077
78,CC1=CC=CC=C1/N=NC2=CC=CC=C2C3=CC=CC=C3C=CC4=CC=CC=C4C,azo,Cc1ccccc1C=Cc1ccccc1-c1ccccc1N=Nc1ccccc1C,Cc1ccccc1C=Cc1ccccc1-c1ccccc1/N=N/c1ccccc1C,Cc1ccccc1C=Cc1ccccc1-c1ccccc1/N=N\c1ccccc1C,True,True,True,ok,388.5140000000001,2.3600040773822997,0.24155863617708265,5.0,397.3357901601501,61.47830791204376,7.538972016638748,0.8625043555536271,42.462041331161345,0.15029478082965056,unified_conditional_rl,388.56128559619907,59.77843619986306,10.893205400182811,0.6573862929949943,True,True,True,0.2440569532779875,PASS_AZO_PROXY,,,,,78,MC-AZO-0078
79,CC(C)C1=CC=CC=C1/N=N/C2=CC=CC=C2C3=CC=CC=C3C,azo,Cc1ccccc1-c1ccccc1/N=N/c1ccccc1C(C)C,Cc1ccccc1-c1ccccc1/N=N/c1ccccc1C(C)C,Cc1ccccc1-c1ccccc1/N=N\c1ccccc1C(C)C,True,True,True,ok,314.4320000000001,2.204645513020118,0.4547605743674107,4.0,400.69147516954985,61.47830791204376,7.526876563116766,0.8625043555536271,42.89143037713296,0.14492024871623305,unified_conditional_rl,388.7191600762553,59.77843619986306,10.894443954236982,0.6573862929949943,True,True,True,0.24378447891255953,PASS_AZO_PROXY,,,,,79,MC-AZO-0079
80,CC(C)=CC(C)=C/N=NC1=CC=CC=C1,azo,CC(C)=CC(C)=CN=Nc1ccccc1,CC(C)=CC(C)=C/N=N/c1ccccc1,CC(C)=CC(C)=C/N=N\c1ccccc1,True,True,True,ok,200.28500000000003,2.978955096825894,0.5012962043209976,3.0,396.38700634494967,61.47830791204376,7.9214742513783145,0.8625043555536271,49.47069768340691,0.15293188231523003,unified_conditional_rl,384.48929689373944,59.77843619986306,17.516184530836895,0.6573862929949943,True,True,True,0.24361722192467802,PASS_AZO_PROXY,,,,,80,MC-AZO-0080
81,CC=NN=NC=CC=C/N=N/C=CC1=CC=CC=C1C,azo,CC=NN=NC=CC=C/N=N/C=Cc1ccccc1C,CC=N/N=N/C=CC=C/N=N/C=Cc1ccccc1C,CC=N/N=N\C=CC=C/N=N/C=Cc1ccccc1C,True,True,True,ok,267.336,4.297273355073135,0.30432924723104254,6.0,390.4865377307865,61.47830791204376,7.666046724145544,0.8625043555536271,45.50084411337633,0.15200540249923236,unified_conditional_rl,382.5788860935772,59.77843619986306,10.563603598556234,0.6573862929949943,True,True,True,0.24349594884657563,PASS_AZO_PROXY,,,,,81,MC-AZO-0081
82,NN=NC=C1OCC=C\S1/N=N/C=CC2=CC=CC=C2C,azo,Cc1ccccc1C=C/N=N/[SH]1C=CCOC1=CN=NN,Cc1ccccc1C=C/N=N/[SH]1C=CCOC1=CN=NN,Cc1ccccc1C=C/N=N\[SH]1C=CCOC1=CN=NN,True,True,True,ok,303.391,5.023572668652916,0.38107281507390867,4.0,384.8286963608197,61.47830791204376,12.42026764166771,0.8625043555536271,62.05633558503018,0.15603465116710766,unified_conditional_rl,371.159332267666,59.77843619986306,19.274596518805197,0.6573862929949943,True,True,True,0.24308603186128774,PASS_AZO_PROXY,,,,,82,MC-AZO-0082
83,CN=NC=C(/N=NC1=CC=CC=C1)C=CC2=CC=CC=C2C3=CC=CC=C3C,azo,CN=NC=C(C=Cc1ccccc1-c1ccccc1C)N=Nc1ccccc1,C/N=N/C=C(C=Cc1ccccc1-c1ccccc1C)N=Nc1ccccc1,C/N=N\C=C(C=Cc1ccccc1-c1ccccc1C)N=Nc1ccccc1,True,True,True,ok,366.4680000000001,3.024368145037898,0.3226125670744209,6.0,408.26675798870747,61.47830791204376,7.038354986275525,0.8625043555536271,46.02592986715172,0.13295710765387392,unified_conditional_rl,388.9347486277793,59.77843619986306,11.640440423723238,0.6573862929949943,True,True,True,0.24301487393121848,PASS_AZO_PROXY,,,,,83,MC-AZO-0083
84,CC([NH1])C=C(/N=NC1=CC=CC=C1)C2=CC=CC=C2C=CC3=CC=CC=C3,azo,CC([NH])C=C(N=Nc1ccccc1)c1ccccc1C=Cc1ccccc1,CC([NH])C=C(/N=N/c1ccccc1)c1ccccc1C=Cc1ccccc1,CC([NH])C=C(/N=N\c1ccccc1)c1ccccc1C=Cc1ccccc1,True,True,True,ok,352.46100000000007,3.2458644757953543,0.35197451476340347,6.0,404.1286682626207,61.47830791204376,9.587366299978868,0.8625043555536271,47.261261697797806,0.13888048153165347,unified_conditional_rl,382.6078979862327,59.77843619986306,18.531776858524417,0.6573862929949943,True,True,True,0.24222650047117103,PASS_AZO_PROXY,,,,,84,MC-AZO-0084
85,IC=CC1=CC=CC=C1/N=N/C2=CC=CC=C2C,azo,Cc1ccccc1/N=N/c1ccccc1C=CI,Cc1ccccc1/N=N/c1ccccc1C=CI,Cc1ccccc1/N=N\c1ccccc1C=CI,True,True,True,ok,348.187,2.684539390488956,0.49351871030390065,3.0,405.36997659329086,61.47830791204376,6.585819996926454,0.8625043555536271,44.15670459253835,0.13691587589536602,unified_conditional_rl,389.6565049368878,59.77843619986306,9.857087625252564,0.6573862929949943,True,True,True,0.24216714746738582,PASS_AZO_PROXY,,,,,85,MC-AZO-0085
86,C#C/N=N[NH1]C(C)=C/N=NC1=CC=CC=C1C=CC2=CC=CC=C2C,azo,C#CN=NNC(C)=CN=Nc1ccccc1C=Cc1ccccc1C,C#C/N=N/NC(C)=CN=Nc1ccccc1C=Cc1ccccc1C,C#C/N=N\NC(C)=CN=Nc1ccccc1C=Cc1ccccc1C,True,True,True,ok,329.40700000000004,3.6502762361766425,0.3160132816618285,6.0,394.9957746478298,61.47830791204376,5.366536246486273,0.8625043555536271,57.10595756512919,0.14744016390378772,unified_conditional_rl,387.0480755495881,59.77843619986306,10.313361210202679,0.6573862929949943,True,True,True,0.24215742246110894,PASS_AZO_PROXY,,,,,86,MC-AZO-0086
87,CN=NC(C)=C(C)C=C/N=N/C=CC1=CC=CC=C1C2=CC=CC=C2,azo,CN=NC(C)=C(C)C=C/N=N/C=Cc1ccccc1-c1ccccc1,C/N=N/C(C)=C(C)C=C/N=N/C=Cc1ccccc1-c1ccccc1,C/N=N\C(C)=C(C)C=C/N=N/C=Cc1ccccc1-c1ccccc1,True,True,True,ok,330.43500000000006,3.472212774638182,0.419527511490963,6.0,384.4172400563023,61.47830791204376,11.764283456879195,0.8625043555536271,78.73265615469103,0.1696545030425472,unified_conditional_rl,380.1182330343402,59.77843619986306,20.212504195017505,0.6573862929949943,True,True,True,0.24213154716433272,PASS_AZO_PROXY,,,,,87,MC-AZO-0087
88,CC1=CC=CC=C1/N=NC2=CC=CC=C2C=CC3=CC=CC=C3C4=CC=CC=C4,azo,Cc1ccccc1N=Nc1ccccc1C=Cc1ccccc1-c1ccccc1,Cc1ccccc1/N=N/c1ccccc1C=Cc1ccccc1-c1ccccc1,Cc1ccccc1/N=N\c1ccccc1C=Cc1ccccc1-c1ccccc1,True,True,True,ok,374.48700000000014,2.333371182701905,0.24806444366931213,5.0,398.69350773079964,61.47830791204376,8.285540726603916,0.8625043555536271,64.7151454998999,0.14982292845875564,unified_conditional_rl,389.9189703840104,59.77843619986306,11.928608889172994,0.6573862929949943,True,True,True,0.2419186988761069,PASS_AZO_PROXY,,,,,88,MC-AZO-0088
89,CN=NC(C)=NC(C)=CS[N+1]=NC1=CC=CC=C1,azo,CN=NC(C)=NC(C)=CS[N+]=Nc1ccccc1,C/N=N/C(C)=NC(C)=CS[N+]=Nc1ccccc1,C/N=N\C(C)=NC(C)=CS[N+]=Nc1ccccc1,True,True,True,ok,261.354,4.141637145448928,0.34784800916994013,4.0,378.77614451109974,61.47830791204376,8.994230773924327,0.8625043555536271,50.97201230748328,0.1723995851467642,unified_conditional_rl,377.25576112874563,59.77843619986306,19.170224666317733,0.6573862929949943,True,True,True,0.24189351683529906,PASS_AZO_PROXY,,,,,89,MC-AZO-0089
90,CC=NC(C)=NOC1=CC=CC=C1/N=NC2=CC=CC=C2C=NC3=CC=CC=C3,azo,CC=NC(C)=NOc1ccccc1N=Nc1ccccc1C=Nc1ccccc1,CC=NC(C)=NOc1ccccc1/N=N/c1ccccc1C=Nc1ccccc1,CC=NC(C)=NOc1ccccc1/N=N\c1ccccc1C=Nc1ccccc1,True,True,True,ok,383.4550000000001,3.206466912471452,0.2030597076296127,6.0,390.66018829574637,61.47830791204376,10.479544423063532,0.8625043555536271,53.76415565999565,0.16148805764203947,unified_conditional_rl,379.95299410670503,59.77843619986306,21.5584020141554,0.6573862929949943,True,True,True,0.24170850550175027,PASS_AZO_PROXY,,,,,90,MC-AZO-0090
91,CC(C)=NN=NC1=CC=CC=N1,azo,CC(C)=NN=Nc1ccccn1,CC(C)=N/N=N/c1ccccn1,CC(C)=N/N=N\c1ccccn1,True,True,True,ok,162.196,3.199587262765303,0.3742544950402609,2.0,392.1187095571365,61.47830791204376,11.093051586754083,0.8625043555536271,54.87369934044534,0.159059972587677,unified_conditional_rl,385.2690635626852,59.77843619986306,16.856098542650884,0.6573862929949943,True,True,True,0.2413866225433187,PASS_AZO_PROXY,,,,,91,MC-AZO-0091
92,CC=NC(C)=CN=C/N=NC1=CC=CC=C1C2=CC=CC=C2C,azo,CC=NC(C)=CN=CN=Nc1ccccc1-c1ccccc1C,CC=NC(C)=CN=C/N=N/c1ccccc1-c1ccccc1C,CC=NC(C)=CN=C/N=N\c1ccccc1-c1ccccc1C,True,True,True,ok,304.39700000000005,3.4096460666801276,0.3848398246869403,5.0,403.06145519222065,61.47830791204376,5.943529370940246,0.8625043555536271,49.402342693527714,0.13733020726890893,unified_conditional_rl,388.3313811333907,59.77843619986306,9.485485853177524,0.6573862929949943,True,True,True,0.24137101982011777,PASS_AZO_PROXY,,,,,92,MC-AZO-0092
93,CC=NC1=NC=CN=C1/N=NC2=CC=CC=C2C,azo,CC=Nc1nccnc1N=Nc1ccccc1C,CC=Nc1nccnc1/N=N/c1ccccc1C,CC=Nc1nccnc1/N=N\c1ccccc1C,True,True,True,ok,239.282,3.1422559585362944,0.6014780862072389,3.0,399.2716386657517,61.47830791204376,9.352212643240206,0.8625043555536271,48.36902491546397,0.14744684564569532,unified_conditional_rl,389.2399924567801,59.77843619986306,11.569670310935848,0.6573862929949943,True,True,True,0.24128626104795117,PASS_AZO_PROXY,,,,,93,MC-AZO-0093
94,CC(C)C1=CC=CC=C1/N=N/C2=CC=CC=C2C,azo,Cc1ccccc1/N=N/c1ccccc1C(C)C,Cc1ccccc1/N=N/c1ccccc1C(C)C,Cc1ccccc1/N=N\c1ccccc1C(C)C,True,True,True,ok,238.33400000000003,2.1644389554036785,0.6276127061324615,3.0,397.7343536576133,61.47830791204376,7.538972016638748,0.8625043555536271,43.7391709912074,0.1498543447152462,unified_conditional_rl,389.8459302705332,59.77843619986306,10.893205400182811,0.6573862929949943,True,True,True,0.24120055006033086,PASS_AZO_PROXY,,,,,94,MC-AZO-0094
95,CC(C)C1=CC=CC=C1/N=NC2=CC=CC=C2C,azo,Cc1ccccc1N=Nc1ccccc1C(C)C,Cc1ccccc1/N=N/c1ccccc1C(C)C,Cc1ccccc1/N=N\c1ccccc1C(C)C,True,True,True,ok,238.33400000000003,2.1644389554036785,0.6276127061324615,3.0,397.7343536576133,61.47830791204376,7.538972016638748,0.8625043555536271,43.7391709912074,0.1498543447152462,unified_conditional_rl,389.8459302705332,59.77843619986306,10.893205400182811,0.6573862929949943,True,True,True,0.24120055006033086,PASS_AZO_PROXY,,,,,95,MC-AZO-0095
96,CNC=C(Cl)CC=NC=C/N=NC=CC1=CC=CC=C1,azo,CNC=C(Cl)CC=NC=CN=NC=Cc1ccccc1,CNC=C(Cl)CC=NC=C/N=N/C=Cc1ccccc1,CNC=C(Cl)CC=NC=C/N=N\C=Cc1ccccc1,True,True,True,ok,288.78200000000004,4.098559561969687,0.5886388542769264,7.0,385.0348454262865,61.47830791204376,11.653130294571223,0.8625043555536271,62.255688858576605,0.1633675580531184,unified_conditional_rl,376.2038051242843,59.77843619986306,20.79042664399575,0.6573862929949943,True,True,True,0.24108461067694426,PASS_AZO_PROXY,,,,,96,MC-AZO-0096
97,CN[NH1]C1=NC=CC=C1/N=NC=CC2=CC=CC=C2C,azo,CNNc1ncccc1N=NC=Cc1ccccc1C,CNNc1ncccc1/N=N/C=Cc1ccccc1C,CNNc1ncccc1/N=N\C=Cc1ccccc1C,True,True,True,ok,267.336,3.1053486866381217,0.6412047205600788,5.0,403.6799195102911,61.47830791204376,9.718276037105566,0.8625043555536271,56.25378485451398,0.14108420948653794,unified_conditional_rl,389.972471984054,59.77843619986306,11.247583513217817,0.6573862929949943,True,True,True,0.24092626091668454,PASS_AZO_PROXY,,,,,97,MC-AZO-0097
98,CNN=NCC(C)=C/N=N/C=CC1=CC=CC=C1Cl,azo,CNN=NCC(C)=C/N=N/C=Cc1ccccc1Cl,CN/N=N/CC(C)=C/N=N/C=Cc1ccccc1Cl,CN/N=N\CC(C)=C/N=N/C=Cc1ccccc1Cl,True,True,True,ok,277.759,3.9598104819860556,0.6129572692165343,6.0,370.2143094332505,61.47830791204376,9.422537553749832,0.8625043555536271,65.5254022692809,0.18637104801659063,unified_conditional_rl,379.02100717730946,59.77843619986306,19.268939766117544,0.6573862929949943,True,True,True,0.24085824598781108,PASS_AZO_PROXY,,,,,98,MC-AZO-0098
99,CC=NNC=C(C)C/N=N\C1=CC=CC=C1/N=N/C2=CC=CC=C2C,azo,CC=NNC=C(C)C/N=N\c1ccccc1/N=N/c1ccccc1C,CC=NNC=C(C)C/N=N/c1ccccc1/N=N/c1ccccc1C,CC=NNC=C(C)C/N=N\c1ccccc1/N=N/c1ccccc1C,True,True,True,ok,334.4270000000001,3.4496993130997193,0.3765586242022331,7.0,388.744415951641,61.47830791204376,5.795580312660714,0.8625043555536271,65.49201890506168,0.16010709289439418,unified_conditional_rl,388.7177517687475,59.77843619986306,9.70778313074615,0.6573862929949943,True,True,True,0.24084287596253695,PASS_AZO_PROXY,,,,,99,MC-AZO-0099
100,CC(C)=NC(C)=C/N=NC=CC1=CC=NC=C1C,azo,CC(=CN=NC=Cc1ccncc1C)N=C(C)C,CC(=C/N=N/C=Cc1ccncc1C)N=C(C)C,CC(=C/N=N\C=Cc1ccncc1C)N=C(C)C,True,True,True,ok,242.326,3.9721523490688373,0.5774834537765705,4.0,383.2162233517999,61.47830791204376,14.84550839111458,0.8625043555536271,43.18585823029889,0.16439851711499112,unified_conditional_rl,379.81318689742966,59.77843619986306,17.74641609250113,0.6573862929949943,True,True,True,0.24069741792780114,PASS_AZO_PROXY,,,,,100,MC-AZO-0100
101,C1NC=NC=C1/N=N/C=CC2=CC=CC=C2C,azo,Cc1ccccc1C=C/N=N/C1=CN=CNC1,Cc1ccccc1C=C/N=N/C1=CN=CNC1,Cc1ccccc1C=C/N=N\C1=CN=CNC1,True,True,True,ok,226.283,3.7879385818405567,0.7913915020725107,3.0,403.9917333260064,61.47830791204376,8.894753998430305,0.8625043555536271,55.578867898250564,0.13577500156338312,unified_conditional_rl,386.9744691511474,59.77843619986306,10.434795057457862,0.6573862929949943,True,True,True,0.24054600873897072,PASS_AZO_PROXY,,,,,101,MC-AZO-0101
102,CN(C=CC1=CC=CC=C1)/N=NC2=CC=CC=C2C,azo,Cc1ccccc1N=NN(C)C=Cc1ccccc1,Cc1ccccc1/N=N/N(C)C=Cc1ccccc1,Cc1ccccc1/N=N\N(C)C=Cc1ccccc1,True,True,True,ok,251.33300000000003,2.6037829295385038,0.5763337534931458,4.0,397.22464390775104,61.47830791204376,7.615264607869906,0.8625043555536271,62.35145700127623,0.15187599753549486,unified_conditional_rl,390.8832354795627,59.77843619986306,10.7948399191153,0.6573862929949943,True,True,True,0.24048464223510915,PASS_AZO_PROXY,,,,,102,MC-AZO-0102
103,N=NC(C)=CC1=CC=CC=C1/N=NC2=CC=CC=C2C,azo,CC(=Cc1ccccc1N=Nc1ccccc1C)N=N,CC(=Cc1ccccc1/N=N/c1ccccc1C)N=N,CC(=Cc1ccccc1/N=N\c1ccccc1C)N=N,True,True,True,ok,264.33199999999994,2.9872234876991293,0.6780069110209245,4.0,397.66952673897487,61.47830791204376,5.918858346105335,0.8625043555536271,49.29451304418353,0.14873506347000276,unified_conditional_rl,390.70821516172805,59.77843619986306,9.220765937893304,0.6573862929949943,True,True,True,0.24030732808954067,PASS_AZO_PROXY,,,,,103,MC-AZO-0103
104,CC=N[NH1]C(C)=NC(C)=C/N=N/C=CC1=CC=CC=C1Br,azo,CC=NNC(C)=NC(C)=C/N=N/C=Cc1ccccc1Br,CC=NNC(C)=NC(C)=C/N=N/C=Cc1ccccc1Br,CC=NNC(C)=NC(C)=C/N=N\C=Cc1ccccc1Br,True,True,True,ok,348.24800000000005,3.9743724339914914,0.3549952042135146,5.0,381.4811129940484,61.47830791204376,9.346069057663327,0.8625043555536271,57.40666352865202,0.1701152552549086,unified_conditional_rl,383.4975441733298,59.77843619986306,15.23811005785376,0.6573862929949943,True,True,True,0.2398420308403418,PASS_AZO_PROXY,,,,,104,MC-AZO-0104
105,CN=NCC(C)=C/N=N/C1=CC=CC=C1C2=CC=CC=C2,azo,CN=NCC(C)=C/N=N/c1ccccc1-c1ccccc1,C/N=N/CC(C)=C/N=N/c1ccccc1-c1ccccc1,C/N=N\CC(C)=C/N=N/c1ccccc1-c1ccccc1,True,True,True,ok,278.35900000000004,3.1557099508230895,0.655329961566226,5.0,396.6172158033203,61.47830791204376,8.615870132562156,0.8625043555536271,73.51699896363738,0.15223451778384586,unified_conditional_rl,385.6998484295641,59.77843619986306,17.51752986725335,0.6573862929949943,True,True,True,0.23982488187523276,PASS_AZO_PROXY,,,,,105,MC-AZO-0105
106,CN=NCC1=CC=CC=C1/N=NC2=CC=CC=C2C3=CC=CC=C3C,azo,CN=NCc1ccccc1N=Nc1ccccc1-c1ccccc1C,C/N=N/Cc1ccccc1N=Nc1ccccc1-c1ccccc1C,C/N=N\Cc1ccccc1N=Nc1ccccc1-c1ccccc1C,True,True,True,ok,328.41900000000004,2.72007167874777,0.4701965617530438,5.0,403.9719490298051,61.47830791204376,7.370106712172115,0.8625043555536271,52.23855579948622,0.1404905667340506,unified_conditional_rl,390.74391999016416,59.77843619986306,11.592784514807484,0.6573862929949943,True,True,True,0.23966674759556267,PASS_AZO_PROXY,,,,,106,MC-AZO-0106
107,CC=NN=NC(C)=C/N=NC1=CC=CC=C1C,azo,CC=NN=NC(C)=CN=Nc1ccccc1C,CC=N/N=N/C(C)=CN=Nc1ccccc1C,CC=N/N=N\C(C)=CN=Nc1ccccc1C,True,True,True,ok,229.287,3.835615620302095,0.4171512213239379,4.0,395.10645393497634,61.47830791204376,5.953080435403696,0.8625043555536271,48.8090462639488,0.1466760986163174,unified_conditional_rl,386.9455336876636,59.77843619986306,9.4844074790073,0.6573862929949943,True,True,True,0.23953336480563192,PASS_AZO_PROXY,,,,,107,MC-AZO-0107
108,CC=CC(/N=N/C=CC(C)=C)C=CC1=NC=CC=C1,azo,C=C(C)C=C/N=N/C(C=CC)C=Cc1ccccn1,C=C(C)C=C/N=N/C(C=CC)C=Cc1ccccn1,C=C(C)C=C/N=N\C(C=CC)C=Cc1ccccn1,True,True,True,ok,253.34900000000002,4.34916739905926,0.41508927727431655,6.0,382.76552008572725,61.47830791204376,13.44156606106285,0.8625043555536271,56.3334911421432,0.16395566956523436,unified_conditional_rl,376.55194070100816,59.77843619986306,19.94293968930589,0.6573862929949943,True,True,True,0.23929550335679858,PASS_AZO_PROXY,,,,,108,MC-AZO-0108
109,C1=NC=C(C)C1/N=N/C=CC2=CC=CC=C2,azo,CC1=CN=CC1/N=N/C=Cc1ccccc1,CC1=CN=CC1/N=N/C=Cc1ccccc1,CC1=CN=CC1/N=N\C=Cc1ccccc1,True,True,True,ok,211.26800000000003,4.043728796676856,0.6864640439941264,3.0,380.19722532860055,61.47830791204376,11.33016207908734,0.8625043555536271,48.69670280387595,0.17077656735502894,unified_conditional_rl,383.5681459167004,59.77843619986306,14.710324908391891,0.6573862929949943,True,True,True,0.23918377957290266,PASS_AZO_PROXY,,,,,109,MC-AZO-0109
110,OC1=CC=CC=C1/N=NC2=CC=CC=C2C=CC3=CC=CC=C3C,azo,Cc1ccccc1C=Cc1ccccc1N=Nc1ccccc1O,Cc1ccccc1C=Cc1ccccc1/N=N/c1ccccc1O,Cc1ccccc1C=Cc1ccccc1/N=N\c1ccccc1O,True,True,True,ok,314.38800000000003,2.4598739028911165,0.44634450152918115,4.0,395.3800869832689,61.47830791204376,6.327677332023591,0.8625043555536271,49.16780524599244,0.15311379165969763,unified_conditional_rl,391.1930753460999,59.77843619986306,9.385162525782317,0.6573862929949943,True,True,True,0.23914237349881098,PASS_AZO_PROXY,,,,,110,MC-AZO-0110
111,CC1=CC=CC=C1/N=N/C2=CC=CC=C2C=CC3=CC=CC=C3,azo,Cc1ccccc1/N=N/c1ccccc1C=Cc1ccccc1,Cc1ccccc1/N=N/c1ccccc1C=Cc1ccccc1,Cc1ccccc1/N=N\c1ccccc1C=Cc1ccccc1,True,True,True,ok,298.38900000000007,2.2393221259150113,0.383648558267878,4.0,395.8823177656947,61.47830791204376,8.285540726603916,0.8625043555536271,42.5580134963173,0.15308366510489738,unified_conditional_rl,390.1778646913194,59.77843619986306,11.928608889172994,0.6573862929949943,True,True,True,0.23910263713139085,PASS_AZO_PROXY,,,,,111,MC-AZO-0111
112,CC1=CC=CC=C1/N=N/C2=CC=CC=C2C=CC3=CC=CC=C3C=CC4=CC=CC=C4,azo,Cc1ccccc1/N=N/c1ccccc1C=Cc1ccccc1C=Cc1ccccc1,Cc1ccccc1/N=N/c1ccccc1C=Cc1ccccc1C=Cc1ccccc1,Cc1ccccc1/N=N\c1ccccc1C=Cc1ccccc1C=Cc1ccccc1,True,True,True,ok,400.52500000000015,2.4644551600531504,0.22820016489995676,6.0,395.8823177656947,61.47830791204376,8.285540726603916,0.8625043555536271,42.5580134963173,0.15308366510489738,unified_conditional_rl,390.1778646913194,59.77843619986306,11.928608889172994,0.6573862929949943,True,True,True,0.23910263713139085,PASS_AZO_PROXY,,,,,112,MC-AZO-0112
113,CC1=CC=CC=C1/N=NC2=CC=CC=C2C=CC3=CC=CC=C3,azo,Cc1ccccc1N=Nc1ccccc1C=Cc1ccccc1,Cc1ccccc1/N=N/c1ccccc1C=Cc1ccccc1,Cc1ccccc1/N=N\c1ccccc1C=Cc1ccccc1,True,True,True,ok,298.38900000000007,2.2393221259150113,0.383648558267878,4.0,395.8823177656947,61.47830791204376,8.285540726603916,0.8625043555536271,42.5580134963173,0.15308366510489738,unified_conditional_rl,390.1778646913194,59.77843619986306,11.928608889172994,0.6573862929949943,True,True,True,0.23910263713139085,PASS_AZO_PROXY,,,,,113,MC-AZO-0113
114,CC=NC1=NC=CC=C1/N=N/C2=CC=CC=C2C,azo,CC=Nc1ncccc1/N=N/c1ccccc1C,CC=Nc1ncccc1/N=N/c1ccccc1C,CC=Nc1ncccc1/N=N\c1ccccc1C,True,True,True,ok,238.29399999999998,2.9210130591280095,0.5721717191676798,3.0,402.34022658307185,61.47830791204376,9.352212643240206,0.8625043555536271,56.09164029547935,0.14395056763394862,unified_conditional_rl,391.09525564354203,59.77843619986306,11.569670310935848,0.6573862929949943,True,True,True,0.2390799054061893,PASS_AZO_PROXY,,,,,114,MC-AZO-0114
115,CC=NC1=NC=CC=C1/N=NC2=CC=CC=C2C,azo,CC=Nc1ncccc1N=Nc1ccccc1C,CC=Nc1ncccc1/N=N/c1ccccc1C,CC=Nc1ncccc1/N=N\c1ccccc1C,True,True,True,ok,238.29399999999998,2.9210130591280095,0.5721717191676798,3.0,402.34022658307185,61.47830791204376,9.352212643240206,0.8625043555536271,56.09164029547935,0.14395056763394862,unified_conditional_rl,391.09525564354203,59.77843619986306,11.569670310935848,0.6573862929949943,True,True,True,0.2390799054061893,PASS_AZO_PROXY,,,,,115,MC-AZO-0115
116,C1N=NC(C)=C1/N=N/C2=CC=CC=C2C=NC3=CC=CC=C3,azo,CC1=C(/N=N/c2ccccc2C=Nc2ccccc2)CN=N1,CC1=C(/N=N/c2ccccc2C=Nc2ccccc2)CN=N1,CC1=C(/N=N\c2ccccc2C=Nc2ccccc2)CN=N1,True,True,True,ok,289.34200000000004,3.1927699844056923,0.5470763960193846,4.0,392.6549462742418,61.47830791204376,9.127382154589611,0.8625043555536271,49.77164898548267,0.1580280706114975,unified_conditional_rl,384.12112135994556,59.77843619986306,18.829106730201023,0.6573862929949943,True,True,True,0.23902130918245731,PASS_AZO_PROXY,,,,,116,MC-AZO-0116
117,COC(C=CC1=CC=CC=C1)/N=NC2=CC=CC=C2C3=CC=CC=C3C,azo,COC(C=Cc1ccccc1)N=Nc1ccccc1-c1ccccc1C,COC(C=Cc1ccccc1)/N=N/c1ccccc1-c1ccccc1C,COC(C=Cc1ccccc1)/N=N\c1ccccc1-c1ccccc1C,True,True,True,ok,342.4420000000001,3.070129119087472,0.4750826643462042,6.0,397.37652584189686,61.47830791204376,8.900471784600988,0.8625043555536271,51.073700946695794,0.15121812714164556,unified_conditional_rl,389.49329029633446,59.77843619986306,13.635149836546397,0.6573862929949943,True,True,True,0.23898266949730415,PASS_AZO_PROXY,,,,,117,MC-AZO-0117
118,CC1=CC=CC=C1/N=N/C=CC2=CC=CC=C2Cl,azo,Cc1ccccc1/N=N/C=Cc1ccccc1Cl,Cc1ccccc1/N=N/C=Cc1ccccc1Cl,Cc1ccccc1/N=N\C=Cc1ccccc1Cl,True,True,True,ok,256.73600000000005,2.5046299230333346,0.656811059562435,3.0,400.8057330747629,61.47830791204376,7.856422179568963,0.8625043555536271,47.61725421187333,0.14551738270811942,unified_conditional_rl,390.6920916131309,59.77843619986306,11.962718037365791,0.6573862929949943,True,True,True,0.238851329709942,PASS_AZO_PROXY,,,,,118,MC-AZO-0118
119,CC1=CC=CC=C1/N=NC=CC2=CC=CC=C2Cl,azo,Cc1ccccc1N=NC=Cc1ccccc1Cl,Cc1ccccc1/N=N/C=Cc1ccccc1Cl,Cc1ccccc1/N=N\C=Cc1ccccc1Cl,True,True,True,ok,256.73600000000005,2.5046299230333346,0.656811059562435,3.0,400.8057330747629,61.47830791204376,7.856422179568963,0.8625043555536271,47.61725421187333,0.14551738270811942,unified_conditional_rl,390.6920916131309,59.77843619986306,11.962718037365791,0.6573862929949943,True,True,True,0.238851329709942,PASS_AZO_PROXY,,,,,119,MC-AZO-0119
120,CC=NC1=CC=CC=C1/N=N/C2=CC=CC=C2/N=NC3=CC=CC=C3C4=CC=CC=C4C,azo,CC=Nc1ccccc1/N=N/c1ccccc1N=Nc1ccccc1-c1ccccc1C,CC=Nc1ccccc1/N=N/c1ccccc1N=Nc1ccccc1-c1ccccc1C,CC=Nc1ccccc1/N=N\c1ccccc1N=Nc1ccccc1-c1ccccc1C,True,True,True,ok,417.51600000000013,2.785646064686979,0.221626654460108,6.0,399.0323468602989,61.47830791204376,7.526876563116766,0.8625043555536271,46.7527422409907,0.148114004225363,unified_conditional_rl,391.06849246402385,59.77843619986306,10.894443954236982,0.6573862929949943,True,True,True,0.23877103885719647,PASS_AZO_PROXY,,,,,120,MC-AZO-0120
121,COC(C)C1=CC=CC=C1/N=N/C2=CC=CC=C2C,azo,COC(C)c1ccccc1/N=N/c1ccccc1C,COC(C)c1ccccc1/N=N/c1ccccc1C,COC(C)c1ccccc1/N=N\c1ccccc1C,True,True,True,ok,254.333,2.844449450341312,0.6972067113463482,4.0,397.36558847865734,61.47830791204376,8.443614977477383,0.8625043555536271,45.267148791908596,0.15111076105661986,unified_conditional_rl,390.4905721252003,59.77843619986306,12.174588528262888,0.6573862929949943,True,True,True,0.23868143625062177,PASS_AZO_PROXY,,,,,121,MC-AZO-0121
122,CC=NC=C(C)N=NC1=CC=CC=C1/N=NC2=CC=CC=C2C3=CC=CC=C3,azo,CC=NC=C(C)N=Nc1ccccc1N=Nc1ccccc1-c1ccccc1,CC=NC=C(C)/N=N/c1ccccc1N=Nc1ccccc1-c1ccccc1,CC=NC=C(C)/N=N\c1ccccc1N=Nc1ccccc1-c1ccccc1,True,True,True,ok,367.45600000000013,3.1511735859384604,0.31498143181025406,6.0,395.0590194999013,61.47830791204376,8.807144457346016,0.8625043555536271,66.00311941272372,0.15484441039115046,unified_conditional_rl,386.48871149694304,59.77843619986306,17.20339427507584,0.6573862929949943,True,True,True,0.23866357223296558,PASS_AZO_PROXY,,,,,122,MC-AZO-0122
123,N=NC1=CC=CC=C1/N=NC2=CC=CC=C2C,azo,Cc1ccccc1N=Nc1ccccc1N=N,Cc1ccccc1/N=N/c1ccccc1N=N,Cc1ccccc1/N=N\c1ccccc1N=N,True,True,True,ok,224.26700000000005,2.5887727042895357,0.7070906988657902,3.0,389.3294797153035,61.47830791204376,7.538972016638748,0.8625043555536271,44.034337657874005,0.16381766727577599,unified_conditional_rl,390.91089450440694,59.77843619986306,10.893205400182811,0.6573862929949943,True,True,True,0.23861955532915025,PASS_AZO_PROXY,,,,,123,MC-AZO-0123
124,CC=CC1=CC=CC=C1/N=N/C2=CC=CC=C2C3=CC=CC=C3C,azo,CC=Cc1ccccc1/N=N/c1ccccc1-c1ccccc1C,CC=Cc1ccccc1/N=N/c1ccccc1-c1ccccc1C,CC=Cc1ccccc1/N=N\c1ccccc1-c1ccccc1C,True,True,True,ok,312.41600000000005,2.43532071607793,0.45846749672043446,4.0,397.0733669350334,61.47830791204376,8.858486890199867,0.8625043555536271,43.71347420259656,0.15148313532775795,unified_conditional_rl,389.1109211236642,59.77843619986306,14.194390791101709,0.6573862929949943,True,True,True,0.23857709017919293,PASS_AZO_PROXY,,,,,124,MC-AZO-0124
125,CC=CC1=CC=CC=C1/N=NC2=CC=CC=C2C3=CC=CC=C3C,azo,CC=Cc1ccccc1N=Nc1ccccc1-c1ccccc1C,CC=Cc1ccccc1/N=N/c1ccccc1-c1ccccc1C,CC=Cc1ccccc1/N=N\c1ccccc1-c1ccccc1C,True,True,True,ok,312.41600000000005,2.43532071607793,0.45846749672043446,4.0,397.0733669350334,61.47830791204376,8.858486890199867,0.8625043555536271,43.71347420259656,0.15148313532775795,unified_conditional_rl,389.1109211236642,59.77843619986306,14.194390791101709,0.6573862929949943,True,True,True,0.23857709017919293,PASS_AZO_PROXY,,,,,125,MC-AZO-0125
126,CC=NC(C)=CC1=CC=CC=C1/N=NC2=CC=CC=C2C,azo,CC=NC(C)=Cc1ccccc1N=Nc1ccccc1C,CC=NC(C)=Cc1ccccc1/N=N/c1ccccc1C,CC=NC(C)=Cc1ccccc1/N=N\c1ccccc1C,True,True,True,ok,277.37100000000004,3.0442797742783236,0.49541992079322905,4.0,398.06121033336984,61.47830791204376,5.918858346105335,0.8625043555536271,49.84617059255305,0.14781434468813726,unified_conditional_rl,391.2360165812133,59.77843619986306,9.220765937893304,0.6573862929949943,True,True,True,0.2385249340351532,PASS_AZO_PROXY,,,,,126,MC-AZO-0126
127,NC(C)=NC(C)=C/N=NC1=CC=CC=C1C,azo,CC(=CN=Nc1ccccc1C)N=C(C)N,CC(=C/N=N/c1ccccc1C)N=C(C)N,CC(=C/N=N\c1ccccc1C)N=C(C)N,True,True,True,ok,216.28799999999998,3.304911062760919,0.4699139241133224,3.0,401.2831358467827,61.47830791204376,5.953080435403696,0.8625043555536271,54.32848311355633,0.14110322036095696,unified_conditional_rl,390.31033069327077,59.77843619986306,9.4844074790073,0.6573862929949943,True,True,True,0.23820975610345668,PASS_AZO_PROXY,,,,,127,MC-AZO-0127
128,C1C[NH1]C(C)=C1/N=NC2=CC=CC=C2C3=CC=CC=C3,azo,CC1=C(N=Nc2ccccc2-c2ccccc2)CCN1,CC1=C(/N=N/c2ccccc2-c2ccccc2)CCN1,CC1=C(/N=N\c2ccccc2-c2ccccc2)CCN1,True,True,True,ok,263.34399999999994,2.613057386004213,0.8030926118918182,3.0,394.41863884471604,61.47830791204376,8.769888939006291,0.8625043555536271,68.61788848009746,0.15710440840167592,unified_conditional_rl,391.9499658582781,59.77843619986306,9.355468652883985,0.6573862929949943,True,True,True,0.23817038112433545,PASS_AZO_PROXY,,,,,128,MC-AZO-0128
129,CC=NN=NC1=CC=CC=C1/N=N/C2=CC=CC=C2C,azo,CC=NN=Nc1ccccc1/N=N/c1ccccc1C,CC=N/N=N/c1ccccc1/N=N/c1ccccc1C,CC=N/N=N\c1ccccc1/N=N/c1ccccc1C,True,True,True,ok,265.32,3.0525327715187593,0.39786057872493613,4.0,396.9890626956167,61.47830791204376,7.538972016638748,0.8625043555536271,45.52219764951127,0.1509246951428569,unified_conditional_rl,391.0798229172924,59.77843619986306,10.893205400182811,0.6573862929949943,True,True,True,0.23789313119159952,PASS_AZO_PROXY,,,,,129,MC-AZO-0129
130,CC(O)C1=CC=CC=C1/N=NC2=CC=CC=C2C,azo,Cc1ccccc1N=Nc1ccccc1C(C)O,Cc1ccccc1/N=N/c1ccccc1C(C)O,Cc1ccccc1/N=N\c1ccccc1C(C)O,True,True,True,ok,240.30600000000004,2.707662388313988,0.790550111004677,3.0,399.7277509019663,61.47830791204376,6.337845710158906,0.8625043555536271,45.81847452657502,0.14572949034910443,unified_conditional_rl,391.48928061186234,59.77843619986306,9.38409555704631,0.6573862929949943,True,True,True,0.23787993627578852,PASS_AZO_PROXY,,,,,130,MC-AZO-0130
131,N=NN=NC1=CC=CC=C1/N=N/C2=CC=CC=C2C3=CC=CC=C3C,azo,Cc1ccccc1-c1ccccc1/N=N/c1ccccc1N=NN=N,Cc1ccccc1-c1ccccc1/N=N/c1ccccc1N=NN=N,Cc1ccccc1-c1ccccc1/N=N\c1ccccc1N=NN=N,True,True,True,ok,328.379,2.836827000138708,0.3820740805541166,5.0,390.7692804440767,61.47830791204376,5.049668418170457,0.8625043555536271,44.93168836531618,0.15744146068691448,unified_conditional_rl,390.7548690599733,59.77843619986306,7.757893863013696,0.6573862929949943,True,True,True,0.23770164834396426,PASS_AZO_PROXY,,,,,131,MC-AZO-0131
132,CC1=CC=C(C)C1/N=NC2=CC=CC=C2C=CC3=CC=CC=C3C,azo,CC1=CC=C(C)C1N=Nc1ccccc1C=Cc1ccccc1C,CC1=CC=C(C)C1/N=N/c1ccccc1C=Cc1ccccc1C,CC1=CC=C(C)C1/N=N\c1ccccc1C=Cc1ccccc1C,True,True,True,ok,314.4320000000001,3.029673606665603,0.45289148899822373,4.0,407.0785787313152,61.47830791204376,7.230827688825949,0.8625043555536271,47.90697417935888,0.13505886246753526,unified_conditional_rl,391.41470467935693,59.77843619986306,11.054398596492403,0.6573862929949943,True,True,True,0.23762224536359966,PASS_AZO_PROXY,,,,,132,MC-AZO-0132
133,CC1=CC=CC=C1/N=NC2=CC=CC=C2C=CC3=CC=CC=C3C4=CC=CC=C4C=CC5=CC=CC=C5,azo,Cc1ccccc1N=Nc1ccccc1C=Cc1ccccc1-c1ccccc1C=Cc1ccccc1,Cc1ccccc1/N=N/c1ccccc1C=Cc1ccccc1-c1ccccc1C=Cc1ccccc1,Cc1ccccc1/N=N\c1ccccc1C=Cc1ccccc1-c1ccccc1C=Cc1ccccc1,True,True,True,ok,476.6230000000002,2.5267797489930874,0.16480785385692187,7.0,396.30806923222707,61.47830791204376,8.285540726603916,0.8625043555536271,42.33675820531204,0.15234220309875798,unified_conditional_rl,390.79594544937544,59.77843619986306,11.928608889172994,0.6573862929949943,True,True,True,0.2375095746540506,PASS_AZO_PROXY,,,,,133,MC-AZO-0133
134,CC(C)C1=CC=CC=C1/N=N/C2=CC=CC=C2C=CC3=CC=CC=C3C,azo,Cc1ccccc1C=Cc1ccccc1/N=N/c1ccccc1C(C)C,Cc1ccccc1C=Cc1ccccc1/N=N/c1ccccc1C(C)C,Cc1ccccc1C=Cc1ccccc1/N=N\c1ccccc1C(C)C,True,True,True,ok,340.4700000000001,2.4776405663867376,0.3355591936275392,5.0,403.3946254149616,61.47830791204376,7.526876563116766,0.8625043555536271,41.37991355794986,0.14035354686605384,unified_conditional_rl,391.15807800911915,59.77843619986306,10.894443954236982,0.6573862929949943,True,True,True,0.23727417470474996,PASS_AZO_PROXY,,,,,134,MC-AZO-0134
135,CC=CC1=CC=CC=C1/N=N/C2=CC=CC=C2C,azo,CC=Cc1ccccc1/N=N/c1ccccc1C,CC=Cc1ccccc1/N=N/c1ccccc1C,CC=Cc1ccccc1/N=N\c1ccccc1C,True,True,True,ok,236.31799999999998,2.47247755616943,0.6334808371323346,3.0,398.2033249899796,61.47830791204376,8.872722199568503,0.8625043555536271,44.6733859562039,0.14977122781738803,unified_conditional_rl,389.7557658736112,59.77843619986306,14.192777076777723,0.6573862929949943,True,True,True,0.237223154392947,PASS_AZO_PROXY,,,,,135,MC-AZO-0135
136,CC=CC1=CC=CC=C1/N=NC2=CC=CC=C2C,azo,CC=Cc1ccccc1N=Nc1ccccc1C,CC=Cc1ccccc1/N=N/c1ccccc1C,CC=Cc1ccccc1/N=N\c1ccccc1C,True,True,True,ok,236.31799999999998,2.47247755616943,0.6334808371323346,3.0,398.2033249899796,61.47830791204376,8.872722199568503,0.8625043555536271,44.6733859562039,0.14977122781738803,unified_conditional_rl,389.7557658736112,59.77843619986306,14.192777076777723,0.6573862929949943,True,True,True,0.237223154392947,PASS_AZO_PROXY,,,,,136,MC-AZO-0136
137,CC=NN=NC1=CC=CC=C1/N=N\C2=CC=CC=C2/N=N/C3=CC=CC=C3C,azo,CC=NN=Nc1ccccc1/N=N\c1ccccc1/N=N/c1ccccc1C,CC=N/N=N/c1ccccc1/N=N\c1ccccc1/N=N/c1ccccc1C,CC=N/N=N\c1ccccc1/N=N\c1ccccc1/N=N/c1ccccc1C,True,True,True,ok,369.4320000000001,3.151387578950237,0.23994068300564092,6.0,396.9890626956167,61.47830791204376,7.538972016638748,0.8625043555536271,45.52219764951127,0.1501805541220285,unified_conditional_rl,391.0798229172924,59.77843619986306,10.893205400182811,0.6573862929949943,True,True,True,0.23672018837183492,PASS_AZO_PROXY,,,,,137,MC-AZO-0137
138,NOC1=CC=CC=C1/N=NC2=CC=CC=C2C,azo,Cc1ccccc1N=Nc1ccccc1ON,Cc1ccccc1/N=N/c1ccccc1ON,Cc1ccccc1/N=N\c1ccccc1ON,True,True,True,ok,227.26700000000002,2.409414148559552,0.6420674094541831,3.0,393.9873734900052,61.47830791204376,8.42423546394674,0.8625043555536271,53.35263687649331,0.15738178240770498,unified_conditional_rl,391.32659596112427,59.77843619986306,12.872038398592736,0.6573862929949943,True,True,True,0.2366997574271204,PASS_AZO_PROXY,,,,,138,MC-AZO-0138
139,CC(=C)C=CC=C/N=N/C=CC1=CC=CC=C1,azo,C=C(C)C=CC=C/N=N/C=Cc1ccccc1,C=C(C)C=CC=C/N=N/C=Cc1ccccc1,C=C(C)C=CC=C/N=N\C=Cc1ccccc1,True,True,True,ok,224.30700000000002,3.4734176022487198,0.5087936735862928,5.0,396.1858510681133,61.47830791204376,9.292159795026071,0.8625043555536271,49.89096687006736,0.1501026795215983,unified_conditional_rl,387.1919568268093,59.77843619986306,15.202402975259172,0.6573862929949943,True,True,True,0.23669452523628634,PASS_AZO_PROXY,,,,,139,MC-AZO-0139
140,CC=NC1=NC=CC=C1/N=NC2=CC=CC=C2C3=CC=CC=C3,azo,CC=Nc1ncccc1N=Nc1ccccc1-c1ccccc1,CC=Nc1ncccc1/N=N/c1ccccc1-c1ccccc1,CC=Nc1ncccc1/N=N\c1ccccc1-c1ccccc1,True,True,True,ok,300.365,2.691981401933109,0.43773743051383035,4.0,397.4374171317184,61.47830791204376,13.58609908496324,0.8625043555536271,74.23917231580793,0.1512034473594822,unified_conditional_rl,383.37839405278146,59.77843619986306,21.744938524787624,0.6573862929949943,True,True,True,0.23665915596933512,PASS_AZO_PROXY,,,,,140,MC-AZO-0140
141,CN=NC=CC=C/N=NC=NC=CC=CC1=CC=CC=C1C,azo,CN=NC=CC=CN=NC=NC=CC=Cc1ccccc1C,C/N=N/C=CC=CN=NC=NC=CC=Cc1ccccc1C,C/N=N\C=CC=CN=NC=NC=CC=Cc1ccccc1C,True,True,True,ok,293.3740000000001,4.439423357186756,0.29005931648547756,7.0,398.8108318738021,61.47830791204376,7.666046724145544,0.8625043555536271,44.29155288914728,0.1379647946546133,unified_conditional_rl,384.7454639076237,59.77843619986306,10.563603598556234,0.6573862929949943,True,True,True,0.23655996399760243,PASS_AZO_PROXY,,,,,141,MC-AZO-0141
142,CN(C)C1=CC=CC=C1/N=NCCC2=CC=CC=C2N(/N=N/C3=CC=CC=C3)C=CC4=CC=CC=C4C,azo,Cc1ccccc1C=CN(/N=N/c1ccccc1)c1ccccc1CCN=Nc1ccccc1N(C)C,Cc1ccccc1C=CN(/N=N/c1ccccc1)c1ccccc1CCN=Nc1ccccc1N(C)C,Cc1ccccc1C=CN(/N=N\c1ccccc1)c1ccccc1CCN=Nc1ccccc1N(C)C,True,True,True,ok,488.63900000000024,3.20888027795303,0.16577292391520454,10.0,405.7519161423391,61.47830791204376,7.445327719338014,0.8625043555536271,72.27192067569422,0.1366826360042005,unified_conditional_rl,390.5471543087601,59.77843619986306,12.973004602275816,0.6573862929949943,True,True,True,0.23655104476228478,PASS_AZO_PROXY,,,,,142,MC-AZO-0142
143,N=NC1=CC=CC=C1/N=N/C=CC2=CC=CC=C2C,azo,Cc1ccccc1C=C/N=N/c1ccccc1N=N,Cc1ccccc1C=C/N=N/c1ccccc1N=N,Cc1ccccc1C=C/N=N\c1ccccc1N=N,True,True,True,ok,250.305,3.0064668456224197,0.7048849457920595,4.0,398.28753272060106,61.47830791204376,8.511101462946215,0.8625043555536271,42.793358394992424,0.14920639014059967,unified_conditional_rl,390.9764438207035,59.77843619986306,12.415462609125226,0.6573862929949943,True,True,True,0.23651272871458728,PASS_AZO_PROXY,,,,,143,MC-AZO-0143
144,CC(C)C1=CC=CC=C1/N=N/C2=CC=CC=C2/N=NC3=CC=CC=C3C,azo,Cc1ccccc1N=Nc1ccccc1/N=N/c1ccccc1C(C)C,Cc1ccccc1/N=N/c1ccccc1/N=N/c1ccccc1C(C)C,Cc1ccccc1/N=N\c1ccccc1/N=N/c1ccccc1C(C)C,True,True,True,ok,342.44600000000014,2.541257611126774,0.4223470720221441,5.0,398.1109032325266,61.47830791204376,7.538972016638748,0.8625043555536271,43.7391709912074,0.14923967418718984,unified_conditional_rl,391.7586523806581,59.77843619986306,10.893205400182811,0.6573862929949943,True,True,True,0.23644056822977566,PASS_AZO_PROXY,,,,,144,MC-AZO-0144
145,CN(C)C1=CC=CC=C1/N=N/C2=CC=CC=C2C,azo,Cc1ccccc1/N=N/c1ccccc1N(C)C,Cc1ccccc1/N=N/c1ccccc1N(C)C,Cc1ccccc1/N=N\c1ccccc1N(C)C,True,True,True,ok,239.32200000000003,2.237435335494178,0.7257720205006495,3.0,397.73170670926976,61.47830791204376,7.538972016638748,0.8625043555536271,65.71091160991102,0.1510337333616575,unified_conditional_rl,392.5413558667288,59.77843619986306,10.893205400182811,0.6573862929949943,True,True,True,0.23633543442524269,PASS_AZO_PROXY,,,,,145,MC-AZO-0145
146,CN(C)C1=CC=CC=C1/N=NC2=CC=CC=C2C,azo,Cc1ccccc1N=Nc1ccccc1N(C)C,Cc1ccccc1/N=N/c1ccccc1N(C)C,Cc1ccccc1/N=N\c1ccccc1N(C)C,True,True,True,ok,239.32200000000003,2.237435335494178,0.7257720205006495,3.0,397.73170670926976,61.47830791204376,7.538972016638748,0.8625043555536271,65.71091160991102,0.1510337333616575,unified_conditional_rl,392.5413558667288,59.77843619986306,10.893205400182811,0.6573862929949943,True,True,True,0.23633543442524269,PASS_AZO_PROXY,,,,,146,MC-AZO-0146
147,C#C/N=NC1=CC=CC=C1C=CC2=CC=CC=C2,azo,C#CN=Nc1ccccc1C=Cc1ccccc1,C#C/N=N/c1ccccc1C=Cc1ccccc1,C#C/N=N\c1ccccc1C=Cc1ccccc1,True,True,True,ok,232.286,2.836589301173337,0.42168972140942973,3.0,387.34862845335095,61.47830791204376,8.973359201064277,0.8625043555536271,47.34341153506176,0.16819827497198403,unified_conditional_rl,384.17325057912404,59.77843619986306,20.6656435778874,0.6573862929949943,True,True,True,0.2363330557695883,PASS_AZO_PROXY,,,,,147,MC-AZO-0147
148,COC1=CC=CC=C1/N=NC2=CC=CC=C2C=NC3=CC=CC=C3/N=NC4=CC=CC=C4C,azo,COc1ccccc1N=Nc1ccccc1C=Nc1ccccc1N=Nc1ccccc1C,COc1ccccc1/N=N/c1ccccc1C=Nc1ccccc1N=Nc1ccccc1C,COc1ccccc1/N=N\c1ccccc1C=Nc1ccccc1N=Nc1ccccc1C,True,True,True,ok,433.51500000000016,2.8308611881419736,0.2123782435568834,7.0,401.31058131114986,61.47830791204376,9.34188948640798,0.8625043555536271,52.44496831126452,0.1454593585312231,unified_conditional_rl,389.93799949543546,59.77843619986306,15.102885843277582,0.6573862929949943,True,True,True,0.2361279148345665,PASS_AZO_PROXY,,,,,148,MC-AZO-0148
149,CN=NC=NN=C/N=NC1=CC=CC=C1C,azo,CN=NC=NN=CN=Nc1ccccc1C,C/N=N/C=NN=CN=Nc1ccccc1C,C/N=N\C=NN=CN=Nc1ccccc1C,True,True,True,ok,216.24800000000002,3.92113509742191,0.3207498003235565,4.0,397.68004895961604,61.47830791204376,7.242447401133209,0.8625043555536271,45.77629457691148,0.14325108150597698,unified_conditional_rl,387.5824526075953,59.77843619986306,11.073673805731996,0.6573862929949943,True,True,True,0.2360315390753988,PASS_AZO_PROXY,,,,,149,MC-AZO-0149
150,CC=CC1=CC=CC=C1/N=N/C2=CC=CC=C2C=CC3=CC=CC=C3C,azo,CC=Cc1ccccc1/N=N/c1ccccc1C=Cc1ccccc1C,CC=Cc1ccccc1/N=N/c1ccccc1C=Cc1ccccc1C,CC=Cc1ccccc1/N=N\c1ccccc1C=Cc1ccccc1C,True,True,True,ok,338.45400000000006,2.687288801204552,0.33757845295924405,5.0,397.3132862084494,61.47830791204376,8.858486890199867,0.8625043555536271,43.71347420259656,0.1510887419370157,unified_conditional_rl,390.16732338793764,59.77843619986306,14.194390791101709,0.6573862929949943,True,True,True,0.23599414622959422,PASS_AZO_PROXY,,,,,150,MC-AZO-0150
151,N=CC1=CC=CC=C1/N=NC2=CC=C(C)C2C3=CC=CC=C3C,azo,CC1=CC=C(N=Nc2ccccc2C=N)C1c1ccccc1C,CC1=CC=C(/N=N/c2ccccc2C=N)C1c1ccccc1C,CC1=CC=C(/N=N\c2ccccc2C=N)C1c1ccccc1C,True,True,True,ok,301.3930000000001,3.6848778089281566,0.5557045724069946,4.0,402.5237307803298,61.47830791204376,8.040066003319387,0.8625043555536271,54.2243529850731,0.13843836431294865,unified_conditional_rl,389.068857449181,59.77843619986306,11.437961482886363,0.6573862929949943,True,True,True,0.23594203328469593,PASS_AZO_PROXY,,,,,151,MC-AZO-0151
152,CN=NC1=CC=CC=N1,azo,CN=Nc1ccccn1,C/N=N/c1ccccn1,C/N=N\c1ccccn1,True,True,True,ok,121.14299999999997,2.8697475338527756,0.5217389260937593,1.0,391.97886912738915,61.47830791204376,12.051531998820593,0.8625043555536271,53.88713646652474,0.16057264424521828,unified_conditional_rl,386.46858457422087,59.77843619986306,18.959808797686467,0.6573862929949943,True,True,True,0.23591444881396223,PASS_AZO_PROXY,,,,,152,MC-AZO-0152
153,CC=NCN(C)C=C/N=NC1=CC=CC=C1C2=CC=CC=C2C,azo,CC=NCN(C)C=CN=Nc1ccccc1-c1ccccc1C,CC=NCN(C)C=C/N=N/c1ccccc1-c1ccccc1C,CC=NCN(C)C=C/N=N\c1ccccc1-c1ccccc1C,True,True,True,ok,306.41300000000007,3.3373062065402666,0.5340482633818018,6.0,406.9527503390173,61.47830791204376,8.511101462946215,0.8625043555536271,66.56360008233099,0.13440252960240454,unified_conditional_rl,390.1161311001497,59.77843619986306,13.141970820360942,0.6573862929949943,True,True,True,0.23577409156218246,PASS_AZO_PROXY,,,,,153,MC-AZO-0153
154,CC=NC(C)=NN=NC1=CC=CC=C1/N=NC2=CC=CC=C2,azo,CC=NC(C)=NN=Nc1ccccc1N=Nc1ccccc1,CC=NC(C)=N/N=N/c1ccccc1N=Nc1ccccc1,CC=NC(C)=N/N=N\c1ccccc1N=Nc1ccccc1,True,True,True,ok,292.34600000000006,3.2685406648790636,0.3038483572815019,4.0,395.9695009103704,61.47830791204376,9.277844322964462,0.8625043555536271,50.56636582706449,0.15204876263419634,unified_conditional_rl,385.3267220785527,59.77843619986306,18.690944229813713,0.6573862929949943,True,True,True,0.23576398478536867,PASS_AZO_PROXY,,,,,154,MC-AZO-0154
155,CC1=CC=CC=C1/N=N\C=NC(C)=NC=C,azo,C=CN=C(C)N=C/N=N\c1ccccc1C,C=CN=C(C)N=C/N=N/c1ccccc1C,C=CN=C(C)N=C/N=N\c1ccccc1C,True,True,True,ok,214.27200000000002,3.696899244579102,0.418549876580613,3.0,403.57003434630195,61.47830791204376,6.325691544288162,0.8625043555536271,47.325073636707714,0.1349776806365003,unified_conditional_rl,388.4174021977511,59.77843619986306,12.28387228713753,0.6573862929949943,True,True,True,0.23570346199586553,PASS_AZO_PROXY,,,,,155,MC-AZO-0155
156,CC=NC1=CC=CC=C1C=CC2=CC=CC=C2/N=N/C3=CC=CC=C3C4=CC=CC=C4C,azo,CC=Nc1ccccc1C=Cc1ccccc1/N=N/c1ccccc1-c1ccccc1C,CC=Nc1ccccc1C=Cc1ccccc1/N=N/c1ccccc1-c1ccccc1C,CC=Nc1ccccc1C=Cc1ccccc1/N=N\c1ccccc1-c1ccccc1C,True,True,True,ok,415.54000000000013,2.856165343050602,0.17113113141918973,6.0,400.01408632002705,61.47830791204376,7.526876563116766,0.8625043555536271,42.155395589806915,0.14588408732324595,unified_conditional_rl,391.9491499557968,59.77843619986306,10.894443954236982,0.6573862929949943,True,True,True,0.2355477603848388,PASS_AZO_PROXY,,,,,156,MC-AZO-0156
157,CC=NC1=CC=CC=C1/N=NC2=CC=CC=C2C#C,azo,C#Cc1ccccc1N=Nc1ccccc1N=CC,C#Cc1ccccc1/N=N/c1ccccc1N=CC,C#Cc1ccccc1/N=N\c1ccccc1N=CC,True,True,True,ok,247.30100000000002,2.968958873594447,0.4239912843184728,3.0,400.52586440986755,61.47830791204376,7.769554697108003,0.8625043555536271,60.90143907007058,0.14653714052481998,unified_conditional_rl,389.28612016104853,59.77843619986306,16.54018751167334,0.6573862929949943,True,True,True,0.23513268597133175,PASS_AZO_PROXY,,,,,157,MC-AZO-0157
158,CC(C)=NN=NC1=CC=CC=C1/N=NC2=CC=CC=C2/N=NC3=CC=CC=C3C,azo,CC(C)=NN=Nc1ccccc1N=Nc1ccccc1N=Nc1ccccc1C,CC(C)=N/N=N/c1ccccc1N=Nc1ccccc1N=Nc1ccccc1C,CC(C)=N/N=N\c1ccccc1N=Nc1ccccc1N=Nc1ccccc1C,True,True,True,ok,383.4590000000001,3.056766510600406,0.23269660749825766,6.0,395.6204949280257,61.47830791204376,7.414815968900915,0.8625043555536271,44.745077811549834,0.15295008566339588,unified_conditional_rl,392.3232731522771,59.77843619986306,10.187645314675503,0.6573862929949943,True,True,True,0.23493033335840507,PASS_AZO_PROXY,,,,,158,MC-AZO-0158
159,OCN(C)C1=CC=CC=C1/N=NC2=CC=CC=C2C,azo,Cc1ccccc1N=Nc1ccccc1N(C)CO,Cc1ccccc1/N=N/c1ccccc1N(C)CO,Cc1ccccc1/N=N\c1ccccc1N(C)CO,True,True,True,ok,255.32100000000003,2.6193309948065675,0.6669810369958105,4.0,401.2314346616151,61.47830791204376,6.337845710158906,0.8625043555536271,73.52561510989563,0.1442256793784518,unified_conditional_rl,393.3009659672013,59.77843619986306,9.425211250383173,0.6573862929949943,True,True,True,0.2348501521158841,PASS_AZO_PROXY,,,,,159,MC-AZO-0159
160,CC=CN=NC1=CC=CC=C1/N=N/C2=CC=CC=C2C,azo,CC=CN=Nc1ccccc1/N=N/c1ccccc1C,CC=C/N=N/c1ccccc1/N=N/c1ccccc1C,CC=C/N=N\c1ccccc1/N=N/c1ccccc1C,True,True,True,ok,264.332,2.9665338325267143,0.6054174451524048,4.0,404.4778951273961,61.47830791204376,8.790586970987407,0.8625043555536271,44.05799638803285,0.1395849046664476,unified_conditional_rl,391.9134689536756,59.77843619986306,12.211738510495998,0.6573862929949943,True,True,True,0.2348500993129433,PASS_AZO_PROXY,,,,,160,MC-AZO-0160
161,CN(C)C1=CC=CC=C1/N=NC2=CC=CC=C2C3=CC=CC=C3C,azo,Cc1ccccc1-c1ccccc1N=Nc1ccccc1N(C)C,Cc1ccccc1-c1ccccc1/N=N/c1ccccc1N(C)C,Cc1ccccc1-c1ccccc1/N=N\c1ccccc1N(C)C,True,True,True,ok,315.4200000000001,2.2585993591739655,0.5310727753901878,4.0,402.0369840828376,61.47830791204376,7.526876563116766,0.8625043555536271,65.60276718296541,0.1440171953786826,unified_conditional_rl,393.1512213675904,59.77843619986306,10.894443954236982,0.6573862929949943,True,True,True,0.2348087884221308,PASS_AZO_PROXY,,,,,161,MC-AZO-0161
162,CC(C)=NC(C)=NC=C/N=NC1=CC=CC=C1,azo,CC(C)=NC(C)=NC=CN=Nc1ccccc1,CC(C)=NC(C)=NC=C/N=N/c1ccccc1,CC(C)=NC(C)=NC=C/N=N\c1ccccc1,True,True,True,ok,228.299,3.6326252356867093,0.4238883059877553,3.0,398.3541597994561,61.47830791204376,10.833855360127215,0.8625043555536271,47.50554523316214,0.14518382931769416,unified_conditional_rl,381.51476976487334,59.77843619986306,20.69256813504276,0.6573862929949943,True,True,True,0.2347515615792704,PASS_AZO_PROXY,,,,,162,MC-AZO-0162
163,CC1=CC=CC=C1/N=N/C2=CC=CC=C2,azo,Cc1ccccc1/N=N/c1ccccc1,Cc1ccccc1/N=N/c1ccccc1,Cc1ccccc1/N=N\c1ccccc1,True,True,True,ok,196.25300000000004,1.8932411607619581,0.6354127307373058,2.0,396.8159602685723,61.47830791204376,8.40331106897551,0.8625043555536271,44.63386599153512,0.15191686341517976,unified_conditional_rl,391.04294936231116,59.77843619986306,13.888172244055163,0.6573862929949943,True,True,True,0.23460299697580123,PASS_AZO_PROXY,,,,,163,MC-AZO-0163
164,CC1=CC=CC=C1/N=NC2=CC=CC=C2,azo,Cc1ccccc1N=Nc1ccccc1,Cc1ccccc1/N=N/c1ccccc1,Cc1ccccc1/N=N\c1ccccc1,True,True,True,ok,196.25300000000004,1.8932411607619581,0.6354127307373058,2.0,396.8159602685723,61.47830791204376,8.40331106897551,0.8625043555536271,44.63386599153512,0.15191686341517976,unified_conditional_rl,391.04294936231116,59.77843619986306,13.888172244055163,0.6573862929949943,True,True,True,0.23460299697580123,PASS_AZO_PROXY,,,,,164,MC-AZO-0164
165,CC1=CC=CC=C1/N=NC2=CC=CC=C2C3=CC=CC=C3C=CC4=CC=CC=C4,azo,Cc1ccccc1N=Nc1ccccc1-c1ccccc1C=Cc1ccccc1,Cc1ccccc1/N=N/c1ccccc1-c1ccccc1C=Cc1ccccc1,Cc1ccccc1/N=N\c1ccccc1-c1ccccc1C=Cc1ccccc1,True,True,True,ok,374.48700000000014,2.2832947962976125,0.24806444366931213,5.0,396.2270409809935,61.47830791204376,8.285540726603916,0.8625043555536271,42.33675820531204,0.15247557227237113,unified_conditional_rl,391.991724380948,59.77843619986306,11.928608889172994,0.6573862929949943,True,True,True,0.23455238283343696,PASS_AZO_PROXY,,,,,165,MC-AZO-0165
166,CC=NC=C(Cl)C(C)C=C/N=N/C=CC1=CC=CC=C1C,azo,CC=NC=C(Cl)C(C)C=C/N=N/C=Cc1ccccc1C,CC=NC=C(Cl)C(C)C=C/N=N/C=Cc1ccccc1C,CC=NC=C(Cl)C(C)C=C/N=N\C=Cc1ccccc1C,True,True,True,ok,301.8210000000001,4.533282284571867,0.4745151632856787,6.0,384.5407760759749,61.47830791204376,8.13742299325062,0.8625043555536271,45.641036284572294,0.15964453709939722,unified_conditional_rl,385.1838414814424,59.77843619986306,10.896826283163348,0.6573862929949943,True,True,True,0.2345348136684142,PASS_AZO_PROXY,,,,,166,MC-AZO-0166
167,CNN=NCC(C)=C/N=NC=CC1=CC=NC=C1C=NC2=CC=CC=C2C,azo,CNN=NCC(C)=CN=NC=Cc1ccncc1C=Nc1ccccc1C,CN/N=N/CC(C)=CN=NC=Cc1ccncc1C=Nc1ccccc1C,CN/N=N\CC(C)=CN=NC=Cc1ccncc1C=Nc1ccccc1C,True,True,True,ok,361.4530000000001,3.988415902666423,0.4048403820074885,8.0,376.01379326541183,61.47830791204376,13.540963876099376,0.8625043555536271,55.05524318050033,0.17691743591944636,unified_conditional_rl,382.5266085912108,59.77843619986306,18.48319790382867,0.6573862929949943,True,True,True,0.23447755521343794,PASS_AZO_PROXY,,,,,167,MC-AZO-0167
168,CC=NC1=CC=CC=C1C2=CC=CC=C2/N=NC3=CC=CC=C3/N=NC4=CC=CC=C4,azo,CC=Nc1ccccc1-c1ccccc1N=Nc1ccccc1N=Nc1ccccc1,CC=Nc1ccccc1-c1ccccc1/N=N/c1ccccc1N=Nc1ccccc1,CC=Nc1ccccc1-c1ccccc1/N=N\c1ccccc1N=Nc1ccccc1,True,True,True,ok,403.4890000000001,2.766320868411233,0.22781657539023994,6.0,394.94024646599127,61.47830791204376,11.31205272694885,0.8625043555536271,46.80533610446338,0.1553167407382562,unified_conditional_rl,382.84422317557005,59.77843619986306,22.694930263892793,0.6573862929949943,True,True,True,0.23416204486138364,PASS_AZO_PROXY,,,,,168,MC-AZO-0168
169,OCC1=CC=CC=C1/N=NC2=CC=CC=C2C,azo,Cc1ccccc1N=Nc1ccccc1CO,Cc1ccccc1/N=N/c1ccccc1CO,Cc1ccccc1/N=N\c1ccccc1CO,True,True,True,ok,226.27900000000002,2.211874745105863,0.7923306595008534,3.0,393.594946667721,61.47830791204376,6.337845710158906,0.8625043555536271,72.51267596994194,0.15670498247565015,unified_conditional_rl,393.5938636135822,59.77843619986306,9.933219072766448,0.6573862929949943,True,True,True,0.23415642588357818,PASS_AZO_PROXY,,,,,169,MC-AZO-0169
170,CC=NN=NC(C)=C/N=N/C1=CC=CC=C1/N=N/C2=CC=CC=C2C,azo,CC=NN=NC(C)=C/N=N/c1ccccc1/N=N/c1ccccc1C,CC=N/N=N/C(C)=C/N=N/c1ccccc1/N=N/c1ccccc1C,CC=N\N=N/C(C)=C\N=N\c1ccccc1/N=N/c1ccccc1C,True,True,True,ok,333.39900000000006,3.6781877746381806,0.31553088239465227,6.0,395.4427805899445,61.47830791204376,6.196815017018392,0.8625043555536271,47.562259904161635,0.14758273006938796,unified_conditional_rl,389.87260421221725,59.77843619986306,9.406503097125464,0.6573862929949943,True,True,True,0.2341504786286748,PASS_AZO_PROXY,,,,,170,MC-AZO-0170
171,C1NC(C)=C1/N=N\C2=CC=CC=C2/N=NC3=CC=CC=C3C=CC4=CC=CC=C4C,azo,CC1=C(/N=N\c2ccccc2N=Nc2ccccc2C=Cc2ccccc2C)CN1,CC1=C(/N=N/c2ccccc2N=Nc2ccccc2C=Cc2ccccc2C)CN1,CC1=C(/N=N\c2ccccc2N=Nc2ccccc2C=Cc2ccccc2C)CN1,True,True,True,ok,393.49400000000014,3.1654988579130166,0.34190247612509267,6.0,398.75369140453216,61.47830791204376,7.823723244140454,0.8625043555536271,57.77716833906311,0.1481554796966551,unified_conditional_rl,392.68702946791836,59.77843619986306,9.268194397555147,0.6573862929949943,True,True,True,0.23408710136267688,PASS_AZO_PROXY,,,,,171,MC-AZO-0171
172,OC=CC1=CC=CC=C1/N=NC2=CC=CC=C2C,azo,Cc1ccccc1N=Nc1ccccc1C=CO,Cc1ccccc1/N=N/c1ccccc1C=CO,Cc1ccccc1/N=N\c1ccccc1C=CO,True,True,True,ok,238.29000000000005,2.6741760768794904,0.5970465898853018,3.0,398.0600628730599,61.47830791204376,6.337845710158906,0.8625043555536271,44.41568284487289,0.14824186355868096,unified_conditional_rl,392.9139920713404,59.77843619986306,9.38409555704631,0.6573862929949943,True,True,True,0.23404631383636473,PASS_AZO_PROXY,,,,,172,MC-AZO-0172
173,CC(C)=NC(C)=C/N=N/C1=CC=CC=C1C,azo,CC(=C/N=N/c1ccccc1C)N=C(C)C,CC(=C/N=N/c1ccccc1C)N=C(C)C,CC(=C/N=N\c1ccccc1C)N=C(C)C,True,True,True,ok,215.29999999999998,3.3300229508728076,0.5284086266795976,3.0,401.2428040056258,61.47830791204376,5.953080435403696,0.8625043555536271,48.187195470298036,0.14062619554538014,unified_conditional_rl,391.64360230122315,59.77843619986306,9.4844074790073,0.6573862929949943,True,True,True,0.23401850319425604,PASS_AZO_PROXY,,,,,173,MC-AZO-0173
174,CC1=CC=CC=C1/N=N/C2=CC=CC=C2C3=NC=CC=C3C4=CC=CC=C4,azo,Cc1ccccc1/N=N/c1ccccc1-c1ncccc1-c1ccccc1,Cc1ccccc1/N=N/c1ccccc1-c1ncccc1-c1ccccc1,Cc1ccccc1/N=N\c1ccccc1-c1ncccc1-c1ccccc1,True,True,True,ok,349.4370000000001,2.2273736541457136,0.360728076523137,4.0,398.817613529626,61.47830791204376,10.321595124487933,0.8625043555536271,71.78009935917066,0.14990724225406887,unified_conditional_rl,392.75905402544385,59.77843619986306,12.669372057697013,0.6573862929949943,True,True,True,0.23397872243125403,PASS_AZO_PROXY,,,,,174,MC-AZO-0174
175,CN=NC1=NC=CC=C1/N=NC(C)=NC=CC2=CC=CC=C2,azo,CN=Nc1ncccc1N=NC(C)=NC=Cc1ccccc1,C/N=N/c1ncccc1N=NC(C)=NC=Cc1ccccc1,C/N=N\c1ncccc1N=NC(C)=NC=Cc1ccccc1,True,True,True,ok,292.346,3.4333488379559878,0.4451188834741267,4.0,406.92435150401553,61.47830791204376,9.378160353598572,0.8625043555536271,55.20502354974656,0.13374269451605433,unified_conditional_rl,388.2483932383637,59.77843619986306,15.767319661924741,0.6573862929949943,True,True,True,0.23394599787901585,PASS_AZO_PROXY,,,,,175,MC-AZO-0175
176,CC1=CC=CC=C1/N=N/C2=CC=CC=C2C3=NC=CC=C3,azo,Cc1ccccc1/N=N/c1ccccc1-c1ccccn1,Cc1ccccc1/N=N/c1ccccc1-c1ccccn1,Cc1ccccc1/N=N\c1ccccc1-c1ccccn1,True,True,True,ok,273.33900000000006,2.175896722169142,0.582663272737689,3.0,401.82453561088454,61.47830791204376,9.352212643240206,0.8625043555536271,53.547811714294994,0.14468338544425952,unified_conditional_rl,393.11594118779084,59.77843619986306,11.569670310935848,0.6573862929949943,True,True,True,0.23388242651018676,PASS_AZO_PROXY,,,,,176,MC-AZO-0176
177,C#CC1=CC=CC=C1/N=NC2=CC=CC=C2/N=NC=CC3=CC=CC=C3,azo,C#Cc1ccccc1N=Nc1ccccc1N=NC=Cc1ccccc1,C#Cc1ccccc1/N=N/c1ccccc1N=NC=Cc1ccccc1,C#Cc1ccccc1/N=N\c1ccccc1N=NC=Cc1ccccc1,True,True,True,ok,336.3980000000001,2.9547146043487764,0.3617005316118582,5.0,393.0551970336108,61.47830791204376,10.216744734319423,0.8625043555536271,56.284827148768215,0.1592711433828364,unified_conditional_rl,384.00848957167426,59.77843619986306,22.15029066066321,0.6573862929949943,True,True,True,0.23385275441183828,PASS_AZO_PROXY,,,,,177,MC-AZO-0177
178,CN(C)C(=C)C1=NC=CC=C1/N=NC2=CC=CC=C2C,azo,C=C(c1ncccc1N=Nc1ccccc1C)N(C)C,C=C(c1ncccc1/N=N/c1ccccc1C)N(C)C,C=C(c1ncccc1/N=N\c1ccccc1C)N(C)C,True,True,True,ok,266.348,2.7724737624244042,0.7723568542981416,4.0,393.53912064720686,61.47830791204376,7.862196682868259,0.8625043555536271,67.44172948710673,0.15821410660201185,unified_conditional_rl,393.7370311981478,59.77843619986306,9.73825759638365,0.6573862929949943,True,True,True,0.23375537572697713,PASS_AZO_PROXY,,,,,178,MC-AZO-0178
179,CN(C)CC(C)=C/N=N/C1=CC=CC=C1C2=CC=CC=C2,azo,CC(=C/N=N/c1ccccc1-c1ccccc1)CN(C)C,CC(=C/N=N/c1ccccc1-c1ccccc1)CN(C)C,CC(=C/N=N\c1ccccc1-c1ccccc1)CN(C)C,True,True,True,ok,279.38700000000006,2.6965197742783236,0.715104907290913,5.0,403.1078870803817,61.47830791204376,8.79913866980185,0.8625043555536271,83.22274081727835,0.14288851111250225,unified_conditional_rl,388.696266499333,59.77843619986306,17.955842696203735,0.6573862929949943,True,True,True,0.23356807447098016,PASS_AZO_PROXY,,,,,179,MC-AZO-0179
180,CC=NC=NN=NC1=CC=CC=C1/N=NC2=CC=CC=C2C,azo,CC=NC=NN=Nc1ccccc1N=Nc1ccccc1C,CC=NC=N/N=N/c1ccccc1N=Nc1ccccc1C,CC=NC=N/N=N\c1ccccc1N=Nc1ccccc1C,True,True,True,ok,292.34600000000006,3.4193815302636796,0.300658005063995,5.0,398.7940061510192,61.47830791204376,7.538972016638748,0.8625043555536271,46.00448264229618,0.14534749195463828,unified_conditional_rl,391.16711467628926,59.77843619986306,10.893205400182811,0.6573862929949943,True,True,True,0.23344642747924596,PASS_AZO_PROXY,,,,,180,MC-AZO-0180
181,C1C(C)=C1/N=NC2=CC=CC=C2C=CC3=CC=CC=C3C,azo,CC1=C(N=Nc2ccccc2C=Cc2ccccc2C)C1,CC1=C(/N=N/c2ccccc2C=Cc2ccccc2C)C1,CC1=C(/N=N\c2ccccc2C=Cc2ccccc2C)C1,True,True,True,ok,274.3670000000001,2.746047466586015,0.4875867174768166,4.0,397.1762161317029,61.47830791204376,9.62859172247479,0.8625043555536271,46.56775506205781,0.15177985568865557,unified_conditional_rl,390.57553196293475,59.77843619986306,15.328889644349436,0.6573862929949943,True,True,True,0.23340819525624756,PASS_AZO_PROXY,,,,,181,MC-AZO-0181
182,CC(=C)N=NC=CC=C/N=N/C=NC1=CC=CC=C1C,azo,C=C(C)N=NC=CC=C/N=N/C=Nc1ccccc1C,C=C(C)/N=N/C=CC=C/N=N/C=Nc1ccccc1C,C=C(C)/N=N\C=CC=C/N=N/C=Nc1ccccc1C,True,True,True,ok,267.336,4.366574904703179,0.2970568722331972,6.0,392.10219936929576,61.47830791204376,5.480423221608463,0.8625043555536271,57.52601385156083,0.1469524650347497,unified_conditional_rl,386.7419852573401,59.77843619986306,8.1625963984707,0.6573862929949943,True,True,True,0.23332564050408047,PASS_AZO_PROXY,,,,,182,MC-AZO-0182
183,CC1=CC=CC=C1/N=N/C=CC2=CC=CC=C2C=CC3=CC=CC=C3,azo,Cc1ccccc1/N=N/C=Cc1ccccc1C=Cc1ccccc1,Cc1ccccc1/N=N/C=Cc1ccccc1C=Cc1ccccc1,Cc1ccccc1/N=N\C=Cc1ccccc1C=Cc1ccccc1,True,True,True,ok,324.4270000000001,2.541296558421964,0.3592803307251081,5.0,397.7363813991915,61.47830791204376,9.368969612848037,0.8625043555536271,42.88910701297533,0.150336038776739,unified_conditional_rl,391.61172841833013,59.77843619986306,13.594011614040065,0.6573862929949943,True,True,True,0.23329114339375193,PASS_AZO_PROXY,,,,,183,MC-AZO-0183
184,CC(C)=NN=NC(C)=C/N=NC1=CC=CC=C1,azo,CC(=CN=Nc1ccccc1)N=NN=C(C)C,CC(=C/N=N/c1ccccc1)N=NN=C(C)C,CC(=C/N=N\c1ccccc1)N=NN=C(C)C,True,True,True,ok,229.287,3.641864658763634,0.4149183677188763,4.0,393.96890429819376,61.47830791204376,10.905124567508087,0.8625043555536271,48.98513916983717,0.15226801130132497,unified_conditional_rl,382.695257975962,59.77843619986306,20.320207123641993,0.6573862929949943,True,True,True,0.23318827662702835,PASS_AZO_PROXY,,,,,184,MC-AZO-0184
185,N=NC=CC(=C)C1=CC=CC=C1/N=N/C2=CC=CC=C2C,azo,C=C(C=CN=N)c1ccccc1/N=N/c1ccccc1C,C=C(C=CN=N)c1ccccc1/N=N/c1ccccc1C,C=C(C=CN=N)c1ccccc1/N=N\c1ccccc1C,True,True,True,ok,276.3430000000001,3.171842081970631,0.5164165510399102,5.0,398.69927832780587,61.47830791204376,7.390050500371949,0.8625043555536271,46.35439511860966,0.14724827068342564,unified_conditional_rl,392.6669227759125,59.77843619986306,10.234606200007457,0.6573862929949943,True,True,True,0.23303016108037072,PASS_AZO_PROXY,,,,,185,MC-AZO-0185
186,CC(/N=NC1=CC=CC=C1)C=CC2=CC=CC=C2C,azo,Cc1ccccc1C=CC(C)N=Nc1ccccc1,Cc1ccccc1C=CC(C)/N=N/c1ccccc1,Cc1ccccc1C=CC(C)/N=N\c1ccccc1,True,True,True,ok,250.34500000000003,2.9819654410173033,0.6677937265040664,4.0,401.68019617449227,61.47830791204376,8.568605552694637,0.8625043555536271,44.30818322545514,0.1440105245782219,unified_conditional_rl,390.19443842945583,59.77843619986306,15.779251164077822,0.6573862929949943,True,True,True,0.23297231259637155,PASS_AZO_PROXY,,,,,186,MC-AZO-0186
187,C1O[NH1]C(C)=C1/N=NC2=CC=CC=C2C=CC3=CC=CC=C3,azo,CC1=C(N=Nc2ccccc2C=Cc2ccccc2)CON1,CC1=C(/N=N/c2ccccc2C=Cc2ccccc2)CON1,CC1=C(/N=N\c2ccccc2C=Cc2ccccc2)CON1,True,True,True,ok,291.35400000000004,3.065010457778473,0.6548469814775684,4.0,400.7134185099956,61.47830791204376,7.585232077028823,0.8625043555536271,46.24482996551734,0.14490231286931082,unified_conditional_rl,393.2048036936808,59.77843619986306,9.405617138192014,0.6573862929949943,True,True,True,0.23293297902100632,PASS_AZO_PROXY,,,,,187,MC-AZO-0187
188,CN(C)C1=CC=CC=C1/N=N/C2=CC=CC=C2C=CC3=CC=CC=C3C,azo,Cc1ccccc1C=Cc1ccccc1/N=N/c1ccccc1N(C)C,Cc1ccccc1C=Cc1ccccc1/N=N/c1ccccc1N(C)C,Cc1ccccc1C=Cc1ccccc1/N=N\c1ccccc1N(C)C,True,True,True,ok,341.4580000000001,2.527278104848275,0.37710837854268187,5.0,402.14582951280175,61.47830791204376,7.526876563116766,0.8625043555536271,62.75359632725724,0.14380821777705516,unified_conditional_rl,393.92130008689924,59.77843619986306,10.894443954236982,0.6573862929949943,True,True,True,0.23283269017653202,PASS_AZO_PROXY,,,,,188,MC-AZO-0188
189,CN(C)C1=CC=CC=C1/N=NC2=CC=CC=C2C=CC3=CC=CC=C3C,azo,Cc1ccccc1C=Cc1ccccc1N=Nc1ccccc1N(C)C,Cc1ccccc1C=Cc1ccccc1/N=N/c1ccccc1N(C)C,Cc1ccccc1C=Cc1ccccc1/N=N\c1ccccc1N(C)C,True,True,True,ok,341.4580000000001,2.527278104848275,0.37710837854268187,5.0,402.14582951280175,61.47830791204376,7.526876563116766,0.8625043555536271,62.75359632725724,0.14380821777705516,unified_conditional_rl,393.92130008689924,59.77843619986306,10.894443954236982,0.6573862929949943,True,True,True,0.23283269017653202,PASS_AZO_PROXY,,,,,189,MC-AZO-0189
190,CN(C)C1=CC=CC=C1/N=N/C2=CC=CC=C2/N=NC3=CC=CC=C3C,azo,Cc1ccccc1N=Nc1ccccc1/N=N/c1ccccc1N(C)C,Cc1ccccc1/N=N/c1ccccc1/N=N/c1ccccc1N(C)C,Cc1ccccc1/N=N\c1ccccc1/N=N/c1ccccc1N(C)C,True,True,True,ok,343.43400000000014,2.5908951495883112,0.46514316959543495,5.0,398.18843234928727,61.47830791204376,7.538972016638748,0.8625043555536271,65.71091160991102,0.1502824764167457,unified_conditional_rl,393.9750254555074,59.77843619986306,10.893205400182811,0.6573862929949943,True,True,True,0.23275671751544189,PASS_AZO_PROXY,,,,,190,MC-AZO-0190
191,NN=CC1=CC=CC=C1/N=N/C2=CC=CC=C2C3=CC=CC=C3C,azo,Cc1ccccc1-c1ccccc1/N=N/c1ccccc1C=NN,Cc1ccccc1-c1ccccc1/N=N/c1ccccc1C=NN,Cc1ccccc1-c1ccccc1/N=N\c1ccccc1C=NN,True,True,True,ok,314.39200000000005,2.54003126552848,0.2990466454460044,4.0,403.1441086379093,61.47830791204376,7.526876563116766,0.8625043555536271,53.82436702224169,0.14198124644825613,unified_conditional_rl,393.8074678728035,59.77843619986306,10.894443954236982,0.6573862929949943,True,True,True,0.2327392712983929,PASS_AZO_PROXY,,,,,191,MC-AZO-0191
192,CN(C)C1=CC=CC=C1/N=NC=CC2=CC=CC=C2C,azo,Cc1ccccc1C=CN=Nc1ccccc1N(C)C,Cc1ccccc1C=C/N=N/c1ccccc1N(C)C,Cc1ccccc1C=C/N=N\c1ccccc1N(C)C,True,True,True,ok,265.36,2.6829676172537855,0.7285425504832688,4.0,405.6870298441939,61.47830791204376,8.511101462946215,0.8625043555536271,63.87131934343779,0.1386383840413918,unified_conditional_rl,393.3898676146596,59.77843619986306,12.415462609125226,0.6573862929949943,True,True,True,0.2326546716221618,PASS_AZO_PROXY,,,,,192,MC-AZO-0192
193,NCC1=CC=CC=C1/N=NC2=CC=CC=C2C,azo,Cc1ccccc1N=Nc1ccccc1CN,Cc1ccccc1/N=N/c1ccccc1CN,Cc1ccccc1/N=N\c1ccccc1CN,True,True,True,ok,225.29500000000002,2.2362920135517026,0.7918690797222521,3.0,399.5558064246882,61.47830791204376,7.538972016638748,0.8625043555536271,57.947983910242385,0.14791115711559252,unified_conditional_rl,393.72814305368075,59.77843619986306,11.53063659538397,0.6573862929949943,True,True,True,0.23264377123060134,PASS_AZO_PROXY,,,,,193,MC-AZO-0193
194,CC(C)CC1=NC=CC=C1/N=N/C2=CC=CC=C2C3=CC=CC=C3C,azo,Cc1ccccc1-c1ccccc1/N=N/c1cccnc1CC(C)C,Cc1ccccc1-c1ccccc1/N=N/c1cccnc1CC(C)C,Cc1ccccc1-c1ccccc1/N=N\c1cccnc1CC(C)C,True,True,True,ok,329.4470000000001,2.4468704669458727,0.4814882169215396,5.0,409.5421473128624,61.47830791204376,9.3372080440582,0.8625043555536271,66.13168664735628,0.13284585848940822,unified_conditional_rl,393.6851662367388,59.77843619986306,12.19462041751525,0.6573862929949943,True,True,True,0.23223987603210947,PASS_AZO_PROXY,,,,,194,MC-AZO-0194
195,CC=CC(C)(C)N=NC1=CC=CC=C1/N=NC2=CC=CC=C2C,azo,CC=CC(C)(C)N=Nc1ccccc1N=Nc1ccccc1C,CC=CC(C)(C)/N=N/c1ccccc1N=Nc1ccccc1C,CC=CC(C)(C)/N=N\c1ccccc1N=Nc1ccccc1C,True,True,True,ok,306.41300000000007,3.1548971694235366,0.42824367879881237,5.0,401.3061847291827,61.47830791204376,7.2578613144483155,0.8625043555536271,42.91030730130046,0.14264062855568801,unified_conditional_rl,391.51623942733477,59.77843619986306,13.312769047639714,0.6573862929949943,True,True,True,0.23217985019605344,PASS_AZO_PROXY,,,,,195,MC-AZO-0195
196,CC(C)=NC=NC(C)=C/N=N/C1=CC=CC=C1C2=CC=CC=C2C,azo,CC(=C/N=N/c1ccccc1-c1ccccc1C)N=CN=C(C)C,CC(=C/N=N/c1ccccc1-c1ccccc1C)N=CN=C(C)C,CC(=C/N=N\c1ccccc1-c1ccccc1C)N=CN=C(C)C,True,True,True,ok,318.4240000000001,3.377428731591827,0.3623110625987779,5.0,405.71162433870217,61.47830791204376,5.943529370940246,0.8625043555536271,50.52489796487316,0.13357745197551987,unified_conditional_rl,392.28765188211673,59.77843619986306,9.485485853177524,0.6573862929949943,True,True,True,0.23216846294471735,PASS_AZO_PROXY,,,,,196,MC-AZO-0196
197,CN=NC=CC1=CC=CC=C1/N=NC2=CC=CC=C2C,azo,CN=NC=Cc1ccccc1N=Nc1ccccc1C,C/N=N/C=Cc1ccccc1N=Nc1ccccc1C,C/N=N\C=Cc1ccccc1N=Nc1ccccc1C,True,True,True,ok,264.332,3.0938730898211446,0.6579743628043091,4.0,406.3417261306334,61.47830791204376,8.790586970987407,0.8625043555536271,42.88490773327777,0.1358653051942786,unified_conditional_rl,392.4773068312623,59.77843619986306,12.211738510495998,0.6573862929949943,True,True,True,0.23207704023488815,PASS_AZO_PROXY,,,,,197,MC-AZO-0197
198,CC(C)=NN=NC=CC=C/N=NC=CC1=CC=CC=C1Cl,azo,CC(C)=NN=NC=CC=CN=NC=Cc1ccccc1Cl,CC(C)=N/N=N/C=CC=CN=NC=Cc1ccccc1Cl,CC(C)=N/N=N\C=CC=CN=NC=Cc1ccccc1Cl,True,True,True,ok,301.78100000000006,4.168695928124477,0.28245872945839257,6.0,394.691586127227,61.47830791204376,8.805704910613848,0.8625043555536271,57.16849651298088,0.1475856197920888,unified_conditional_rl,386.1686434791083,59.77843619986306,14.909217874931619,0.6573862929949943,True,True,True,0.23206176184753674,PASS_AZO_PROXY,,,,,198,MC-AZO-0198
199,CC(C)=CC1=CC=CC=C1/N=NC2=CC=CC=N2,azo,CC(C)=Cc1ccccc1N=Nc1ccccn1,CC(C)=Cc1ccccc1/N=N/c1ccccn1,CC(C)=Cc1ccccc1/N=N\c1ccccn1,True,True,True,ok,237.306,2.7127775561694296,0.697906807166712,3.0,399.6974329140799,61.47830791204376,8.523829642791556,0.8625043555536271,53.41682027902624,0.14797382782729362,unified_conditional_rl,391.7150537138337,59.77843619986306,15.04640785471718,0.6573862929949943,True,True,True,0.2319800124103551,PASS_AZO_PROXY,,,,,199,MC-AZO-0199
200,CN(C)C(C)(C)CC1=CC=CC=C1C=CC2=CC=CC=C2/N=NC3=CC=CC=C3C,azo,Cc1ccccc1N=Nc1ccccc1C=Cc1ccccc1CC(C)(C)N(C)C,Cc1ccccc1/N=N/c1ccccc1C=Cc1ccccc1CC(C)(C)N(C)C,Cc1ccccc1/N=N\c1ccccc1C=Cc1ccccc1CC(C)(C)N(C)C,True,True,True,ok,397.56600000000026,2.823570865317377,0.30015602723330453,7.0,401.84123579952137,61.47830791204376,6.830341298087705,0.8625043555536271,62.16993834454951,0.14372624985356605,unified_conditional_rl,394.2784999397486,59.77843619986306,10.880300793481116,0.6573862929949943,True,True,True,0.23193885779013101,PASS_AZO_PROXY,,,,,200,MC-AZO-0200
201,COC=CC1=CC=CC=C1/N=N/C2=CC=CC=C2C,azo,COC=Cc1ccccc1/N=N/c1ccccc1C,COC=Cc1ccccc1/N=N/c1ccccc1C,COC=Cc1ccccc1/N=N\c1ccccc1C,True,True,True,ok,252.317,2.6182911812867555,0.554825047986997,4.0,400.0298890232513,61.47830791204376,8.443614977477383,0.8625043555536271,43.560338368333646,0.14652444020408412,unified_conditional_rl,393.06738773606486,59.77843619986306,12.174588528262888,0.6573862929949943,True,True,True,0.23192961174715532,PASS_AZO_PROXY,,,,,201,MC-AZO-0201
202,COC=CC1=CC=CC=C1/N=NC2=CC=CC=C2C,azo,COC=Cc1ccccc1N=Nc1ccccc1C,COC=Cc1ccccc1/N=N/c1ccccc1C,COC=Cc1ccccc1/N=N\c1ccccc1C,True,True,True,ok,252.317,2.6182911812867555,0.554825047986997,4.0,400.0298890232513,61.47830791204376,8.443614977477383,0.8625043555536271,43.560338368333646,0.14652444020408412,unified_conditional_rl,393.06738773606486,59.77843619986306,12.174588528262888,0.6573862929949943,True,True,True,0.23192961174715532,PASS_AZO_PROXY,,,,,202,MC-AZO-0202
203,C1NC=NC=C1/N=NC2=CC=NC=C2C=CC3=CC=CC=C3C,azo,Cc1ccccc1C=Cc1cnccc1N=NC1=CN=CNC1,Cc1ccccc1C=Cc1cnccc1/N=N/C1=CN=CNC1,Cc1ccccc1C=Cc1cnccc1/N=N\C1=CN=CNC1,True,True,True,ok,303.369,3.5041621711638786,0.8636468903932848,4.0,396.5145951903035,61.47830791204376,15.566053398032272,0.8625043555536271,50.4084902322727,0.14734650790271425,unified_conditional_rl,388.13882566534966,59.77843619986306,16.366323269424534,0.6573862929949943,True,True,True,0.23173175289527503,PASS_AZO_PROXY,,,,,203,MC-AZO-0203
204,N=NC1=CC=CC=C1/N=NC2=CC=CC=C2/N=NC3=CC=CC=C3C=CC4=CC=CC=C4C,azo,Cc1ccccc1C=Cc1ccccc1N=Nc1ccccc1N=Nc1ccccc1N=N,Cc1ccccc1C=Cc1ccccc1/N=N/c1ccccc1N=Nc1ccccc1N=N,Cc1ccccc1C=Cc1ccccc1/N=N\c1ccccc1N=Nc1ccccc1N=N,True,True,True,ok,430.5150000000001,2.9472349854599393,0.2233979856627253,7.0,397.0778323604655,61.47830791204376,7.526876563116766,0.8625043555536271,41.69449281202907,0.15056516092136968,unified_conditional_rl,393.47056699679644,59.77843619986306,10.894443954236982,0.6573862929949943,True,True,True,0.23164602542882484,PASS_AZO_PROXY,,,,,204,MC-AZO-0204
205,CNN=NC1=CC=CC=C1/N=NC2=CC=CC=C2C,azo,CNN=Nc1ccccc1N=Nc1ccccc1C,CN/N=N/c1ccccc1N=Nc1ccccc1C,CN/N=N\c1ccccc1N=Nc1ccccc1C,True,True,True,ok,253.309,2.859707684783258,0.626347216029906,4.0,396.8612348159689,61.47830791204376,7.200813211172285,0.8625043555536271,48.933308272715976,0.15162771140061798,unified_conditional_rl,394.2285590322935,59.77843619986306,10.678112394304708,0.6573862929949943,True,True,True,0.23135775776012046,PASS_AZO_PROXY,,,,,205,MC-AZO-0205
206,CC1=CC=CC=C1/N=NC2=CC=CC=C2F,azo,Cc1ccccc1N=Nc1ccccc1F,Cc1ccccc1/N=N/c1ccccc1F,Cc1ccccc1/N=N\c1ccccc1F,True,True,True,ok,214.24300000000002,2.1013110171543516,0.6550216319828663,2.0,394.9270478455433,61.47830791204376,10.602739992608885,0.8625043555536271,44.07379341687192,0.15512170202453426,unified_conditional_rl,390.5093676650634,59.77843619986306,16.37163811930938,0.6573862929949943,True,True,True,0.23091556339823288,PASS_AZO_PROXY,,,,,206,MC-AZO-0206
207,NC1=CC=CC=C1/N=N/C2=CC=CC=C2O,azo,Nc1ccccc1/N=N/c1ccccc1O,Nc1ccccc1/N=N/c1ccccc1O,Nc1ccccc1/N=N\c1ccccc1O,True,True,True,ok,213.24000000000004,2.3335832579570273,0.5924798721303572,2.0,394.5091067086171,61.47830791204376,8.460763079983902,0.8625043555536271,73.27428783214674,0.15689027493400926,unified_conditional_rl,390.31612826231293,59.77843619986306,17.485720226092326,0.6573862929949943,True,True,True,0.2307370302003133,PASS_AZO_PROXY,,,,,207,MC-AZO-0207
208,COC=CC1=CC=CC=C1/N=NCBr,azo,COC=Cc1ccccc1N=NCBr,COC=Cc1ccccc1/N=N/CBr,COC=Cc1ccccc1/N=N\CBr,True,True,True,ok,255.11499999999998,3.4793136626152155,0.3489683917575091,4.0,399.1787086689196,61.47830791204376,10.533378308670105,0.8625043555536271,53.350781790674716,0.14542044612309055,unified_conditional_rl,387.5390775683538,59.77843619986306,17.779187086560302,0.6573862929949943,True,True,True,0.23055529917843473,PASS_AZO_PROXY,,,,,208,MC-AZO-0208
209,CN=NNC1=CC=CC=C1Br,azo,CN=NNc1ccccc1Br,C/N=N/Nc1ccccc1Br,C/N=N\Nc1ccccc1Br,True,True,True,ok,214.06599999999997,2.6455621228977257,0.5958864131479934,2.0,387.75821154599845,61.47830791204376,9.136486161143125,0.8625043555536271,50.44287933399522,0.16782923847673634,unified_conditional_rl,392.23827401588187,59.77843619986306,15.028602844425924,0.6573862929949943,True,True,True,0.23047904961150947,PASS_AZO_PROXY,,,,,209,MC-AZO-0209
210,CNC=NC1=CC=C(C)C1/N=N/C2=CC=CC=C2C,azo,CNC=NC1=CC=C(C)C1/N=N/c1ccccc1C,CNC=NC1=CC=C(C)C1/N=N/c1ccccc1C,CNC=NC1=CC=C(C)C1/N=N\c1ccccc1C,True,True,True,ok,254.33700000000002,4.130464834956696,0.4984368956236919,4.0,408.10842214814085,61.47830791204376,6.91758913711317,0.8625043555536271,55.46576044282983,0.1264842614799233,unified_conditional_rl,389.41569348486865,59.77843619986306,10.834890808620193,0.6573862929949943,True,True,True,0.23046339120229573,PASS_AZO_PROXY,,,,,210,MC-AZO-0210
211,CC=NC=NC1=NC=CC=C1/N=N/C2=CC=CC=C2C,azo,CC=NC=Nc1ncccc1/N=N/c1ccccc1C,CC=NC=Nc1ncccc1/N=N/c1ccccc1C,CC=NC=Nc1ncccc1/N=N\c1ccccc1C,True,True,True,ok,265.32000000000005,3.3378423205903776,0.45390477834181725,4.0,407.11254710362556,61.47830791204376,9.352212643240206,0.8625043555536271,56.427858188697144,0.13413195993315788,unified_conditional_rl,392.98480201486785,59.77843619986306,11.569670310935848,0.6573862929949943,True,True,True,0.2304584998058069,PASS_AZO_PROXY,,,,,211,MC-AZO-0211
212,CC=CC1=CC=CC=C1/N=NC=CC2=CC=CC=C2C,azo,CC=Cc1ccccc1N=NC=Cc1ccccc1C,CC=Cc1ccccc1/N=N/C=Cc1ccccc1C,CC=Cc1ccccc1/N=N\C=Cc1ccccc1C,True,True,True,ok,262.356,2.886963806001516,0.6235755899904726,4.0,403.21813287715287,61.47830791204376,10.016835017611847,0.8625043555536271,44.978957535385234,0.14179485773674955,unified_conditional_rl,390.9940099266705,59.77843619986306,16.17612875576792,0.6573862929949943,True,True,True,0.23035916161294795,PASS_AZO_PROXY,,,,,212,MC-AZO-0212
213,CC(=C)C=CC=C/N=N/C=CC1=CC=CC=C1C,azo,C=C(C)C=CC=C/N=N/C=Cc1ccccc1C,C=C(C)C=CC=C/N=N/C=Cc1ccccc1C,C=C(C)C=CC=C/N=N\C=Cc1ccccc1C,True,True,True,ok,238.334,3.567689634136711,0.5054797473547094,5.0,393.0706002288445,61.47830791204376,6.231075828089846,0.8625043555536271,50.04229280525624,0.15245607135481412,unified_conditional_rl,391.8643304201876,59.77843619986306,8.529534715370177,0.6573862929949943,True,True,True,0.23033655746467668,PASS_AZO_PROXY,,,,,213,MC-AZO-0213
214,CN=NC=NC(C)=C/N=NC1=CC=CC=C1C2=CC=CC=C2C,azo,CN=NC=NC(C)=CN=Nc1ccccc1-c1ccccc1C,C/N=N/C=NC(C)=CN=Nc1ccccc1-c1ccccc1C,C/N=N\C=NC(C)=CN=Nc1ccccc1-c1ccccc1C,True,True,True,ok,305.38500000000005,3.4844131995472605,0.3852694804464229,5.0,404.9249669890722,61.47830791204376,5.943529370940246,0.8625043555536271,48.30520565718092,0.13389852120042078,unified_conditional_rl,392.4265568078406,59.77843619986306,9.485485853177524,0.6573862929949943,True,True,True,0.23032740959761316,PASS_AZO_PROXY,,,,,214,MC-AZO-0214
215,CC1=CC=CC=C1/N=N/C2=CC=CC=C2Cl,azo,Cc1ccccc1/N=N/c1ccccc1Cl,Cc1ccccc1/N=N/c1ccccc1Cl,Cc1ccccc1/N=N\c1ccccc1Cl,True,True,True,ok,230.69800000000004,2.054514027187798,0.6442569100243781,2.0,399.0587321304229,61.47830791204376,6.947904478732221,0.8625043555536271,43.01312391793323,0.14711550158077275,unified_conditional_rl,394.28610452497287,59.77843619986306,10.431397478801825,0.6573862929949943,True,True,True,0.2302444115722838,PASS_AZO_PROXY,,,,,215,MC-AZO-0215
216,CC1=CC=CC=C1/N=NC2=CC=CC=C2/N=NC3=CC=CC=C3,azo,Cc1ccccc1N=Nc1ccccc1N=Nc1ccccc1,Cc1ccccc1/N=N/c1ccccc1N=Nc1ccccc1,Cc1ccccc1/N=N\c1ccccc1N=Nc1ccccc1,True,True,True,ok,300.36500000000007,2.343712760877283,0.4742402112748466,4.0,396.40401917286295,61.47830791204376,8.40331106897551,0.8625043555536271,44.63386599153512,0.15259578584505087,unified_conditional_rl,392.8335924161347,59.77843619986306,13.888172244055163,0.6573862929949943,True,True,True,0.23022192042207348,PASS_AZO_PROXY,,,,,216,MC-AZO-0216
217,CC(C)C=CC1=CC=CC=C1/N=N/C2=CC=CC=C2C,azo,Cc1ccccc1/N=N/c1ccccc1C=CC(C)C,Cc1ccccc1/N=N/c1ccccc1C=CC(C)C,Cc1ccccc1/N=N\c1ccccc1C=CC(C)C,True,True,True,ok,264.37200000000007,2.571865592962288,0.5977519870697227,4.0,402.0521868101343,61.47830791204376,7.891727878571798,0.8625043555536271,43.67828626870255,0.14306917096319113,unified_conditional_rl,394.2127487536184,59.77843619986306,11.163805976151023,0.6573862929949943,True,True,True,0.230149432128049,PASS_AZO_PROXY,,,,,217,MC-AZO-0217
218,CC(C)C=CC1=CC=CC=C1/N=NC2=CC=CC=C2C,azo,Cc1ccccc1N=Nc1ccccc1C=CC(C)C,Cc1ccccc1/N=N/c1ccccc1C=CC(C)C,Cc1ccccc1/N=N\c1ccccc1C=CC(C)C,True,True,True,ok,264.37200000000007,2.571865592962288,0.5977519870697227,4.0,402.0521868101343,61.47830791204376,7.891727878571798,0.8625043555536271,43.67828626870255,0.14306917096319113,unified_conditional_rl,394.2127487536184,59.77843619986306,11.163805976151023,0.6573862929949943,True,True,True,0.230149432128049,PASS_AZO_PROXY,,,,,218,MC-AZO-0218
219,CC=CC1=CC=CC=C1C=CC2=CC=CC=C2/N=NC3=CC=CC=C3C,azo,CC=Cc1ccccc1C=Cc1ccccc1N=Nc1ccccc1C,CC=Cc1ccccc1C=Cc1ccccc1/N=N/c1ccccc1C,CC=Cc1ccccc1C=Cc1ccccc1/N=N\c1ccccc1C,True,True,True,ok,338.45400000000006,2.620686979342203,0.33757845295924405,5.0,398.8822027114386,61.47830791204376,8.872722199568503,0.8625043555536271,44.6733859562039,0.14866140977139322,unified_conditional_rl,392.74421278945846,59.77843619986306,14.192777076777723,0.6573862929949943,True,True,True,0.22992083694185136,PASS_AZO_PROXY,,,,,219,MC-AZO-0219
220,O=CC1=CC=CC=C1/N=N/C2=CC=CC=C2C=NC3=CC=CC=C3Cl,azo,O=Cc1ccccc1/N=N/c1ccccc1C=Nc1ccccc1Cl,O=Cc1ccccc1/N=N/c1ccccc1C=Nc1ccccc1Cl,O=Cc1ccccc1/N=N\c1ccccc1C=Nc1ccccc1Cl,True,True,True,ok,347.80500000000006,2.7253142498752716,0.3024835771596076,5.0,398.6097376448891,61.47830791204376,9.032708808093963,0.8625043555536271,49.638158654858785,0.14964478391419658,unified_conditional_rl,388.6112666625377,59.77843619986306,19.22285840612606,0.6573862929949943,True,True,True,0.22987532538468985,PASS_AZO_PROXY,,,,,220,MC-AZO-0220
221,CN(N)C1=CC=CC=C1/N=N/C=CC2=CC=CC=C2C,azo,Cc1ccccc1C=C/N=N/c1ccccc1N(C)N,Cc1ccccc1C=C/N=N/c1ccccc1N(C)N,Cc1ccccc1C=C/N=N\c1ccccc1N(C)N,True,True,True,ok,266.348,2.9487408966060116,0.5151679445625877,4.0,404.35634830861727,61.47830791204376,8.511101462946215,0.8625043555536271,64.54622958344117,0.1407455767614247,unified_conditional_rl,394.56220997945985,59.77843619986306,12.415462609125226,0.6573862929949943,True,True,True,0.22976679397548713,PASS_AZO_PROXY,,,,,221,MC-AZO-0221
222,C(O)C=CC1=CC=CC=C1/N=NC2=CC=CC=C2C=CC3=CC=CC=C3C,azo,Cc1ccccc1C=Cc1ccccc1N=Nc1ccccc1C=CCO,Cc1ccccc1C=Cc1ccccc1/N=N/c1ccccc1C=CCO,Cc1ccccc1C=Cc1ccccc1/N=N\c1ccccc1C=CCO,True,True,True,ok,354.4530000000001,2.7570817554115354,0.3938847509923214,6.0,404.11750444722884,61.47830791204376,6.327677332023591,0.8625043555536271,56.17631271898176,0.13940791399763422,unified_conditional_rl,395.21586527093547,59.77843619986306,9.934348476674806,0.6573862929949943,True,True,True,0.22975407274850387,PASS_AZO_PROXY,,,,,222,MC-AZO-0222
223,CONN=NC=C(C)N=C/N=N/C=CC1=CC=CC=C1,azo,CONN=NC=C(C)N=C/N=N/C=Cc1ccccc1,CON/N=N/C=C(C)N=C/N=N/C=Cc1ccccc1,CON/N=N\C=C(C)N=C/N=N/C=Cc1ccccc1,True,True,True,ok,272.312,4.2414279969829485,0.3562878239836654,7.0,382.61614983840735,61.47830791204376,13.018006797805725,0.8625043555536271,52.20598185891333,0.16507799751007401,unified_conditional_rl,379.43133531220786,59.77843619986306,21.856715948059982,0.6573862929949943,True,True,True,0.22974058792607152,PASS_AZO_PROXY,,,,,223,MC-AZO-0223
224,C1CC=C1/N=N/C2=CC=CC=C2C,azo,Cc1ccccc1/N=N/C1=CCC1,Cc1ccccc1/N=N/C1=CCC1,Cc1ccccc1/N=N\C1=CCC1,True,True,True,ok,172.231,2.7121798747489496,0.6067056584095264,2.0,388.71153007349744,61.47830791204376,9.821502479883891,0.8625043555536271,51.61173535710361,0.16636236579892585,unified_conditional_rl,390.4994880051404,59.77843619986306,17.43411624593795,0.6573862929949943,True,True,True,0.2297328401652536,PASS_AZO_PROXY,,,,,224,MC-AZO-0224
225,CN=NC(C)=NC=C/N=NN=NC=CC=CC1=CC=CC=C1C=CC2=CC=CC=C2,azo,CN=NC(C)=NC=CN=NN=NC=CC=Cc1ccccc1C=Cc1ccccc1,C/N=N/C(C)=NC=CN=NN=NC=CC=Cc1ccccc1C=Cc1ccccc1,C/N=N\C(C)=NC=CN=NN=NC=CC=Cc1ccccc1C=Cc1ccccc1,True,True,True,ok,397.4860000000001,4.049185571199729,0.11281031843644819,8.0,401.1837761118829,61.47830791204376,8.665203073384399,0.8625043555536271,50.161735171862915,0.13798263326555027,unified_conditional_rl,386.4541719656224,59.77843619986306,16.179888259948335,0.6573862929949943,True,True,True,0.22971643916390308,PASS_AZO_PROXY,,,,,225,MC-AZO-0225
226,C#CNNC1=CC=CC=C1C=CC2=CC=CC=C2/N=NC3=NC=CC=C3,azo,C#CNNc1ccccc1C=Cc1ccccc1N=Nc1ccccn1,C#CNNc1ccccc1C=Cc1ccccc1/N=N/c1ccccn1,C#CNNc1ccccc1C=Cc1ccccc1/N=N\c1ccccn1,True,True,True,ok,339.40200000000004,3.192699419533591,0.21392932056009636,6.0,399.0453777646617,61.47830791204376,6.204537154803938,0.8625043555536271,53.515697479205926,0.14581189618499674,unified_conditional_rl,393.74269714912543,59.77843619986306,12.009409306680297,0.6573862929949943,True,True,True,0.2296324723049061,PASS_AZO_PROXY,,,,,226,MC-AZO-0226
227,CN=NC1=NC=CC=C1/N=NC2=CC=CC=C2C3=CC=CC=C3,azo,CN=Nc1ncccc1N=Nc1ccccc1-c1ccccc1,C/N=N/c1ncccc1N=Nc1ccccc1-c1ccccc1,C/N=N\c1ncccc1N=Nc1ccccc1-c1ccccc1,True,True,True,ok,301.353,2.691494750349399,0.555020788306504,4.0,397.03904528145654,61.47830791204376,9.37056861095692,0.8625043555536271,72.6334668214036,0.152856621783673,unified_conditional_rl,391.9726537893908,59.77843619986306,16.270551122484594,0.6573862929949943,True,True,True,0.22939984831070923,PASS_AZO_PROXY,,,,,227,MC-AZO-0227
228,CC(C)C1=CC=CC=C1/N=N/C=CC2=CC=CC=C2,azo,CC(C)c1ccccc1/N=N/C=Cc1ccccc1,CC(C)c1ccccc1/N=N/C=Cc1ccccc1,CC(C)c1ccccc1/N=N\C=Cc1ccccc1,True,True,True,ok,250.345,2.4934089435245177,0.6341014817586741,4.0,402.4491975814138,61.47830791204376,12.82542047868965,0.8625043555536271,43.23785290937974,0.14213996440617918,unified_conditional_rl,384.4413804752276,59.77843619986306,22.94456172851856,0.6573862929949943,True,True,True,0.22927878551052883,PASS_AZO_PROXY,,,,,228,MC-AZO-0228
229,CC=NC(C)=CN=NC=CC=C/N=NC=NC=CC1=CC=CC=C1,azo,CC=NC(C)=CN=NC=CC=CN=NC=NC=Cc1ccccc1,CC=NC(C)=C/N=N/C=CC=CN=NC=NC=Cc1ccccc1,CC=NC(C)=C/N=N\C=CC=CN=NC=NC=Cc1ccccc1,True,True,True,ok,320.40000000000003,4.65247170508892,0.2598153058744319,8.0,395.8779243124115,61.47830791204376,9.292159795026071,0.8625043555536271,47.0307769137907,0.14174466873209937,unified_conditional_rl,384.3700077283358,59.77843619986306,15.202402975259172,0.6573862929949943,True,True,True,0.22905479888357752,PASS_AZO_PROXY,,,,,229,MC-AZO-0229
230,CN=NCCOC1=CC=CC=C1/N=NC2=CC=CC=C2C=CC3=CC=CC=C3C,azo,CN=NCCOc1ccccc1N=Nc1ccccc1C=Cc1ccccc1C,C/N=N/CCOc1ccccc1N=Nc1ccccc1C=Cc1ccccc1C,C/N=N\CCOc1ccccc1N=Nc1ccccc1C=Cc1ccccc1C,True,True,True,ok,384.4830000000001,2.9561186771773347,0.23326880636184572,8.0,400.333899519613,61.47830791204376,8.298292481421235,0.8625043555536271,55.18626045787596,0.14693647569457297,unified_conditional_rl,394.16787364881947,59.77843619986306,13.372776753577922,0.6573862929949943,True,True,True,0.22904888985474728,PASS_AZO_PROXY,,,,,230,MC-AZO-0230
231,CN(C)C(C)C=C/N=NC1=CC=CC=C1C=NC2=CC=CC=C2C,azo,Cc1ccccc1N=Cc1ccccc1N=NC=CC(C)N(C)C,Cc1ccccc1N=Cc1ccccc1/N=N/C=CC(C)N(C)C,Cc1ccccc1N=Cc1ccccc1/N=N\C=CC(C)N(C)C,True,True,True,ok,320.4400000000001,3.6719698115609614,0.5261283831276992,6.0,404.3124828564207,61.47830791204376,8.524778534876742,0.8625043555536271,58.639782858297394,0.13607229079472538,unified_conditional_rl,391.7416021264257,59.77843619986306,12.414051135385622,0.6573862929949943,True,True,True,0.2287829971179205,PASS_AZO_PROXY,,,,,231,MC-AZO-0231
232,NCN(O)N=NC1=CC=CC=C1/N=NC2=CC=CC=C2C,azo,Cc1ccccc1N=Nc1ccccc1N=NN(O)CN,Cc1ccccc1/N=N/c1ccccc1N=NN(O)CN,Cc1ccccc1/N=N\c1ccccc1N=NN(O)CN,True,True,True,ok,284.3230000000001,3.1083043896629388,0.4924548278510277,5.0,400.9021900255998,61.47830791204376,6.063628505410749,0.8625043555536271,66.59460487250925,0.14353412119503822,unified_conditional_rl,395.0925666808889,59.77843619986306,8.784424430893198,0.6573862929949943,True,True,True,0.22872624343196762,PASS_AZO_PROXY,,,,,232,MC-AZO-0232
233,CC=NC=CC1=CC=CC=C1/N=NC=CC2=CC=CC=C2C,azo,CC=NC=Cc1ccccc1N=NC=Cc1ccccc1C,CC=NC=Cc1ccccc1/N=N/C=Cc1ccccc1C,CC=NC=Cc1ccccc1/N=N\C=Cc1ccccc1C,True,True,True,ok,289.38200000000006,3.37339715526368,0.49170717334231995,5.0,408.43208951071966,61.47830791204376,8.511101462946215,0.8625043555536271,42.888782637416796,0.13076433764042786,unified_conditional_rl,392.43163596410204,59.77843619986306,12.415462609125226,0.6573862929949943,True,True,True,0.22871460188590878,PASS_AZO_PROXY,,,,,233,MC-AZO-0233
234,CN=NC=NC(C)=C/N=N/C=CC1=CC=CC=C1O,azo,CN=NC=NC(C)=C/N=N/C=Cc1ccccc1O,C/N=N/C=NC(C)=C/N=N/C=Cc1ccccc1O,C/N=N\C=NC(C)=C/N=N/C=Cc1ccccc1O,True,True,True,ok,257.297,4.217889969165542,0.48561550951313476,5.0,392.8128178122835,61.47830791204376,10.70426260683785,0.8625043555536271,53.63780663280397,0.15008511796074875,unified_conditional_rl,383.18885233021564,59.77843619986306,19.15630242135832,0.6573862929949943,True,True,True,0.22869327237346998,PASS_AZO_PROXY,,,,,234,MC-AZO-0234
235,CN=NC=NC=C/N=NC1=CC=CC=C1C2=CC=CC=C2C,azo,CN=NC=NC=CN=Nc1ccccc1-c1ccccc1C,C/N=N/C=NC=CN=Nc1ccccc1-c1ccccc1C,C/N=N\C=NC=CN=Nc1ccccc1-c1ccccc1C,True,True,True,ok,291.35800000000006,3.4880671071867573,0.40602157457022053,5.0,408.4403626786921,61.47830791204376,8.511101462946215,0.8625043555536271,44.72032416294695,0.13024593199248796,unified_conditional_rl,392.07771676739003,59.77843619986306,12.415462609125226,0.6573862929949943,True,True,True,0.22868221655541338,PASS_AZO_PROXY,,,,,235,MC-AZO-0235
236,N1=CC=CC=C1/N=N/C2=CC=CC=C2C,azo,Cc1ccccc1/N=N/c1ccccn1,Cc1ccccc1/N=N/c1ccccn1,Cc1ccccc1/N=N\c1ccccn1,True,True,True,ok,197.24100000000004,2.270564587335384,0.674378689634383,2.0,397.9517917801711,61.47830791204376,8.019005251250919,0.8625043555536271,50.45230292062661,0.15047256224293828,unified_conditional_rl,395.4398732133125,59.77843619986306,10.346090009077582,0.6573862929949943,True,True,True,0.22867986642973978,PASS_AZO_PROXY,,,,,236,MC-AZO-0236
237,COC1=CC=CC=C1/N=N/C2=CC=CC=C2C=CC3=CC=CC=C3Br,azo,COc1ccccc1/N=N/c1ccccc1C=Cc1ccccc1Br,COc1ccccc1/N=N/c1ccccc1C=Cc1ccccc1Br,COc1ccccc1/N=N\c1ccccc1C=Cc1ccccc1Br,True,True,True,ok,393.28400000000005,2.4342775796961362,0.3379901861571347,5.0,397.54888364949403,61.47830791204376,10.875052903452042,0.8625043555536271,48.968441404707505,0.15129702832053968,unified_conditional_rl,389.98152446872695,59.77843619986306,18.319535002527413,0.6573862929949943,True,True,True,0.22867483076817843,PASS_AZO_PROXY,,,,,237,MC-AZO-0237
238,CC1=CC=CC=C1/N=NC2=CC=CC=C2/N=NC3=CC=CC=N3,azo,Cc1ccccc1N=Nc1ccccc1N=Nc1ccccn1,Cc1ccccc1/N=N/c1ccccc1N=Nc1ccccn1,Cc1ccccc1/N=N\c1ccccc1N=Nc1ccccn1,True,True,True,ok,301.35300000000007,2.6186375105303945,0.5273400666531222,4.0,398.5813369814386,61.47830791204376,8.019005251250919,0.8625043555536271,50.45230292062661,0.14943996776068988,unified_conditional_rl,395.4780808954629,59.77843619986306,10.346090009077582,0.6573862929949943,True,True,True,0.22858538696260733,PASS_AZO_PROXY,,,,,238,MC-AZO-0238
239,CC=NC1=NC=CC=C1/N=NC2=CC=CC=C2C=CC3=CC=CC=C3C,azo,CC=Nc1ncccc1N=Nc1ccccc1C=Cc1ccccc1C,CC=Nc1ncccc1/N=N/c1ccccc1C=Cc1ccccc1C,CC=Nc1ncccc1/N=N\c1ccccc1C=Cc1ccccc1C,True,True,True,ok,340.43000000000006,2.9941815137551586,0.2895269488621579,5.0,404.00395335790904,61.47830791204376,9.3372080440582,0.8625043555536271,53.82127830396303,0.14120527392594726,unified_conditional_rl,395.26293577859855,59.77843619986306,11.57098577883925,0.6573862929949943,True,True,True,0.2285796126567742,PASS_AZO_PROXY,,,,,239,MC-AZO-0239
240,CC=NC1=CC=CC=C1/N=N/C2=CC=CC=C2C,azo,CC=Nc1ccccc1/N=N/c1ccccc1C,CC=Nc1ccccc1/N=N/c1ccccc1C,CC=Nc1ccccc1/N=N\c1ccccc1C,True,True,True,ok,237.30599999999998,2.6286754851635123,0.5237515576637926,3.0,399.6914520301147,61.47830791204376,7.538972016638748,0.8625043555536271,46.93078362422773,0.14706963362405157,unified_conditional_rl,395.20115331102573,59.77843619986306,10.893205400182811,0.6573862929949943,True,True,True,0.2285389348491075,PASS_AZO_PROXY,,,,,240,MC-AZO-0240
241,CC=NC1=CC=CC=C1/N=N/C2=CC=CC=C2/N=NC3=CC=CC=C3C,azo,CC=Nc1ccccc1/N=N/c1ccccc1N=Nc1ccccc1C,CC=Nc1ccccc1/N=N/c1ccccc1N=Nc1ccccc1C,CC=Nc1ccccc1/N=N\c1ccccc1N=Nc1ccccc1C,True,True,True,ok,341.41800000000006,2.8283223922483796,0.33959359380866133,5.0,399.6914520301147,61.47830791204376,7.538972016638748,0.8625043555536271,46.93078362422773,0.14706963362405157,unified_conditional_rl,395.20115331102573,59.77843619986306,10.893205400182811,0.6573862929949943,True,True,True,0.2285389348491075,PASS_AZO_PROXY,,,,,241,MC-AZO-0241
242,CC=NC1=CC=CC=C1/N=NC2=CC=CC=C2/N=N/C3=CC=CC=C3C,azo,CC=Nc1ccccc1N=Nc1ccccc1/N=N/c1ccccc1C,CC=Nc1ccccc1/N=N/c1ccccc1/N=N/c1ccccc1C,CC=Nc1ccccc1/N=N\c1ccccc1/N=N/c1ccccc1C,True,True,True,ok,341.41800000000006,2.8283223922483796,0.33959359380866133,5.0,399.6914520301147,61.47830791204376,7.538972016638748,0.8625043555536271,46.93078362422773,0.14706963362405157,unified_conditional_rl,395.20115331102573,59.77843619986306,10.893205400182811,0.6573862929949943,True,True,True,0.2285389348491075,PASS_AZO_PROXY,,,,,242,MC-AZO-0242
243,CC=NC1=CC=CC=C1/N=NC2=CC=CC=C2C,azo,CC=Nc1ccccc1N=Nc1ccccc1C,CC=Nc1ccccc1/N=N/c1ccccc1C,CC=Nc1ccccc1/N=N\c1ccccc1C,True,True,True,ok,237.30599999999998,2.6286754851635123,0.5237515576637926,3.0,399.6914520301147,61.47830791204376,7.538972016638748,0.8625043555536271,46.93078362422773,0.14706963362405157,unified_conditional_rl,395.20115331102573,59.77843619986306,10.893205400182811,0.6573862929949943,True,True,True,0.2285389348491075,PASS_AZO_PROXY,,,,,243,MC-AZO-0243
244,CC=NC1=CC=CC=C1/N=NC2=CC=CC=C2/N=NC3=CC=CC=C3/N=N/C4=CC=CC=C4C,azo,CC=Nc1ccccc1N=Nc1ccccc1N=Nc1ccccc1/N=N/c1ccccc1C,CC=Nc1ccccc1/N=N/c1ccccc1N=Nc1ccccc1/N=N/c1ccccc1C,CC=Nc1ccccc1/N=N\c1ccccc1N=Nc1ccccc1/N=N/c1ccccc1C,True,True,True,ok,445.53000000000014,2.9025852271604062,0.20006334100714562,7.0,399.6914520301147,61.47830791204376,7.538972016638748,0.8625043555536271,46.93078362422773,0.14706963362405157,unified_conditional_rl,395.20115331102573,59.77843619986306,10.893205400182811,0.6573862929949943,True,True,True,0.2285389348491075,PASS_AZO_PROXY,,,,,244,MC-AZO-0244
245,CC=NC1=CC=CC=C1/N=NC2=CC=CC=C2/N=NC3=CC=CC=C3C,azo,CC=Nc1ccccc1N=Nc1ccccc1N=Nc1ccccc1C,CC=Nc1ccccc1/N=N/c1ccccc1N=Nc1ccccc1C,CC=Nc1ccccc1/N=N\c1ccccc1N=Nc1ccccc1C,True,True,True,ok,341.41800000000006,2.8283223922483796,0.33959359380866133,5.0,399.6914520301147,61.47830791204376,7.538972016638748,0.8625043555536271,46.93078362422773,0.14706963362405157,unified_conditional_rl,395.20115331102573,59.77843619986306,10.893205400182811,0.6573862929949943,True,True,True,0.2285389348491075,PASS_AZO_PROXY,,,,,245,MC-AZO-0245
246,CC(C)CC1=CC=CC=C1/N=NC2=CC=CC=C2C,azo,Cc1ccccc1N=Nc1ccccc1CC(C)C,Cc1ccccc1/N=N/c1ccccc1CC(C)C,Cc1ccccc1/N=N\c1ccccc1CC(C)C,True,True,True,ok,252.36100000000002,2.247810481986056,0.6318209712457811,4.0,403.54099974445376,61.47830791204376,7.538972016638748,0.8625043555536271,55.72598535798875,0.14142971625636624,unified_conditional_rl,395.3433088165393,59.77843619986306,11.53063659538397,0.6573862929949943,True,True,True,0.228535698930904,PASS_AZO_PROXY,,,,,246,MC-AZO-0246
247,CN(C)CC1=CC=CC=C1/N=N/C2=CC=CC=C2C,azo,Cc1ccccc1/N=N/c1ccccc1CN(C)C,Cc1ccccc1/N=N/c1ccccc1CN(C)C,Cc1ccccc1/N=N\c1ccccc1CN(C)C,True,True,True,ok,253.34900000000002,2.2821438153193885,0.7385895312923938,4.0,413.92605370854153,61.47830791204376,7.538972016638748,0.8625043555536271,65.4346729456118,0.1257776408352958,unified_conditional_rl,395.47907804228254,59.77843619986306,11.53063659538397,0.6573862929949943,True,True,True,0.22850571852336446,PASS_AZO_PROXY,,,,,247,MC-AZO-0247
248,CC1=CC=CC=C1/N=N/C2=CC=CC=C2C3=NC=CC=C3C=CC4=CC=CC=C4C5=CC=CC=C5C,azo,Cc1ccccc1/N=N/c1ccccc1-c1ncccc1C=Cc1ccccc1-c1ccccc1C,Cc1ccccc1/N=N/c1ccccc1-c1ncccc1C=Cc1ccccc1-c1ccccc1C,Cc1ccccc1/N=N\c1ccccc1-c1ncccc1C=Cc1ccccc1-c1ccccc1C,True,True,True,ok,465.60000000000025,2.6459839599712858,0.22998708363911707,6.0,405.00143368468224,61.47830791204376,9.352212643240206,0.8625043555536271,53.90857930859022,0.1396314096531911,unified_conditional_rl,395.3287332660252,59.77843619986306,11.569670310935848,0.6573862929949943,True,True,True,0.22842438607556145,PASS_AZO_PROXY,,,,,248,MC-AZO-0248
249,CN(C)C=CC1=CC=CC=C1/N=NC2=CC=CC=C2C,azo,Cc1ccccc1N=Nc1ccccc1C=CN(C)C,Cc1ccccc1/N=N/c1ccccc1C=CN(C)C,Cc1ccccc1/N=N\c1ccccc1C=CN(C)C,True,True,True,ok,265.36000000000007,2.620536038306417,0.7192397645300966,4.0,400.5900419062586,61.47830791204376,7.538972016638748,0.8625043555536271,57.69591774545091,0.14622383477107748,unified_conditional_rl,395.6658449127267,59.77843619986306,10.893205400182811,0.6573862929949943,True,True,True,0.22834233748205493,PASS_AZO_PROXY,,,,,249,MC-AZO-0249
250,CC=N[NH1]CC(C)=C/N=N/C=CC1=CC=CC=C1,azo,CC=NNCC(C)=C/N=N/C=Cc1ccccc1,CC=NNCC(C)=C/N=N/C=Cc1ccccc1,CC=NNCC(C)=C/N=N\C=Cc1ccccc1,True,True,True,ok,242.32600000000002,3.663670159719725,0.46215660414431786,6.0,375.26184896443937,61.47830791204376,11.297115202177023,0.8625043555536271,66.19503406009613,0.18213987265941484,unified_conditional_rl,384.2130656226582,59.77843619986306,21.28179513554202,0.6573862929949943,True,True,True,0.22815517098591484,PASS_AZO_PROXY,,,,,250,MC-AZO-0250
251,COC1=NC=CC=C1/N=N/C2=CC=CC=C2C3=CC=CC=C3C,azo,COc1ncccc1/N=N/c1ccccc1-c1ccccc1C,COc1ncccc1/N=N/c1ccccc1-c1ccccc1C,COc1ncccc1/N=N\c1ccccc1-c1ccccc1C,True,True,True,ok,303.36500000000007,2.362179267807358,0.5989294981970416,4.0,397.18819343752534,61.47830791204376,10.491313843614858,0.8625043555536271,56.47540101861796,0.15235488531166239,unified_conditional_rl,394.6106516260699,59.77843619986306,13.318525212241836,0.6573862929949943,True,True,True,0.22811556999623084,PASS_AZO_PROXY,,,,,251,MC-AZO-0251
252,CC=NC1=CC=CC=C1/N=N/C=CC2=CC=CC=C2C,azo,CC=Nc1ccccc1/N=N/C=Cc1ccccc1C,CC=Nc1ccccc1/N=N/C=Cc1ccccc1C,CC=Nc1ccccc1/N=N\C=Cc1ccccc1C,True,True,True,ok,263.344,3.027003328547937,0.5177239592670694,4.0,404.5564566887884,61.47830791204376,8.511101462946215,0.8625043555536271,45.95324592392592,0.13943613303566907,unified_conditional_rl,394.5982624186889,59.77843619986306,12.415462609125226,0.6573862929949943,True,True,True,0.2280546775876336,PASS_AZO_PROXY,,,,,252,MC-AZO-0252
253,CC=NC1=CC=CC=C1/N=NC=CC2=CC=CC=C2C,azo,CC=Nc1ccccc1N=NC=Cc1ccccc1C,CC=Nc1ccccc1/N=N/C=Cc1ccccc1C,CC=Nc1ccccc1/N=N\C=Cc1ccccc1C,True,True,True,ok,263.344,3.027003328547937,0.5177239592670694,4.0,404.5564566887884,61.47830791204376,8.511101462946215,0.8625043555536271,45.95324592392592,0.13943613303566907,unified_conditional_rl,394.5982624186889,59.77843619986306,12.415462609125226,0.6573862929949943,True,True,True,0.2280546775876336,PASS_AZO_PROXY,,,,,253,MC-AZO-0253
254,CC=NC=NC=NC1=CC=CC=C1/N=NC2=CC=CC=C2C3=CC=CC=C3C,azo,CC=NC=NC=Nc1ccccc1N=Nc1ccccc1-c1ccccc1C,CC=NC=NC=Nc1ccccc1/N=N/c1ccccc1-c1ccccc1C,CC=NC=NC=Nc1ccccc1/N=N\c1ccccc1-c1ccccc1C,True,True,True,ok,367.45600000000013,3.252968145037898,0.2595739042361497,6.0,404.89607144067077,61.47830791204376,7.526876563116766,0.8625043555536271,48.69903231057032,0.13716702597291958,unified_conditional_rl,394.34143028563375,59.77843619986306,10.894443954236982,0.6573862929949943,True,True,True,0.22801586059030096,PASS_AZO_PROXY,,,,,254,MC-AZO-0254
255,COC1=CC=CC=C1/N=N/C=CC2=CC=CC=C2/N=N/C3=CC=CC=C3C,azo,COc1ccccc1/N=N/C=Cc1ccccc1/N=N/c1ccccc1C,COc1ccccc1/N=N/C=Cc1ccccc1/N=N/c1ccccc1C,COc1ccccc1/N=N\C=Cc1ccccc1/N=N/c1ccccc1C,True,True,True,ok,356.4290000000001,2.8663910056549646,0.4316578719608116,6.0,405.75514916668936,61.47830791204376,10.892823560344734,0.8625043555536271,47.90970352402519,0.1380067931510184,unified_conditional_rl,391.50733027670213,59.77843619986306,16.93096622128162,0.6573862929949943,True,True,True,0.22801181164641998,PASS_AZO_PROXY,,,,,255,MC-AZO-0255
256,CC=NN=NC(C)=C/N=N/C1=CC=CC=C1,azo,CC=NN=NC(C)=C/N=N/c1ccccc1,CC=N/N=N/C(C)=C/N=N/c1ccccc1,CC=N\N=N/C(C)=C\N=N\c1ccccc1,True,True,True,ok,215.26000000000002,3.796742455281443,0.4123195884804869,4.0,393.9222030245933,61.47830791204376,9.305839240980646,0.8625043555536271,49.45634644581435,0.1512872249710791,unified_conditional_rl,385.77174081294993,59.77843619986306,18.97298566307234,0.6573862929949943,True,True,True,0.22784045224006044,PASS_AZO_PROXY,,,,,256,MC-AZO-0256
257,CC=NN=NC(C)=C/N=NC1=CC=CC=C1,azo,CC=NN=NC(C)=CN=Nc1ccccc1,CC=N/N=N/C(C)=CN=Nc1ccccc1,CC=N/N=N\C(C)=CN=Nc1ccccc1,True,True,True,ok,215.26000000000002,3.796742455281443,0.4123195884804869,4.0,393.9222030245933,61.47830791204376,9.305839240980646,0.8625043555536271,49.45634644581435,0.1512872249710791,unified_conditional_rl,385.77174081294993,59.77843619986306,18.97298566307234,0.6573862929949943,True,True,True,0.22784045224006044,PASS_AZO_PROXY,,,,,257,MC-AZO-0257
258,CC(O)N=NC1=CC=CC=C1/N=NC2=CC=CC=C2C[C@@H1]C3=CC=CC=C3C,azo,Cc1ccccc1[CH]Cc1ccccc1N=Nc1ccccc1N=NC(C)O,Cc1ccccc1[CH]Cc1ccccc1/N=N/c1ccccc1N=NC(C)O,Cc1ccccc1[CH]Cc1ccccc1/N=N\c1ccccc1N=NC(C)O,True,True,True,ok,371.4640000000001,3.6092644617358687,0.46533546851632374,7.0,397.5945496809531,61.47830791204376,6.327677332023591,0.8625043555536271,54.71250754079284,0.1453147426116239,unified_conditional_rl,393.1411572986696,59.77843619986306,9.934348476674806,0.6573862929949943,True,True,True,0.22778956224625876,PASS_AZO_PROXY,,,,,258,MC-AZO-0258
259,CC=NC(C)=C(C)C/N=NC1=CC=CC=C1C=CC2=CC=CC=C2C,azo,CC=NC(C)=C(C)CN=Nc1ccccc1C=Cc1ccccc1C,CC=NC(C)=C(C)C/N=N/c1ccccc1C=Cc1ccccc1C,CC=NC(C)=C(C)C/N=N\c1ccccc1C=Cc1ccccc1C,True,True,True,ok,331.4630000000001,3.2998583867725255,0.32335073564751465,6.0,400.0993346252238,61.47830791204376,5.819737489174401,0.8625043555536271,57.625481222472956,0.14288133131681716,unified_conditional_rl,394.6796865791821,59.77843619986306,10.049447450255217,0.6573862929949943,True,True,True,0.22769948354618744,PASS_AZO_PROXY,,,,,259,MC-AZO-0259
260,CN=NC=NC=C/N=NC1=CC=CC=C1C,azo,CN=NC=NC=CN=Nc1ccccc1C,C/N=N/C=NC=CN=Nc1ccccc1C,C/N=N\C=NC=CN=Nc1ccccc1C,True,True,True,ok,215.26000000000002,3.9910160338767593,0.4177807158620622,4.0,408.91305162463595,61.47830791204376,8.524778534876742,0.8625043555536271,45.6278088847655,0.12642903842245506,unified_conditional_rl,390.1616555311844,59.77843619986306,12.414051135385622,0.6573862929949943,True,True,True,0.22769308818586595,PASS_AZO_PROXY,,,,,260,MC-AZO-0260
261,NC=NC1=NC=CC=C1/N=NC2=CC=CC=C2C,azo,Cc1ccccc1N=Nc1cccnc1N=CN,Cc1ccccc1/N=N/c1cccnc1N=CN,Cc1ccccc1/N=N\c1cccnc1N=CN,True,True,True,ok,239.28200000000004,2.957106254394281,0.5057831551324702,3.0,405.67462338726824,61.47830791204376,9.352212643240206,0.8625043555536271,61.34916985387781,0.13877244686689608,unified_conditional_rl,395.7699384182629,59.77843619986306,11.569670310935848,0.6573862929949943,True,True,True,0.2276642532856991,PASS_AZO_PROXY,,,,,261,MC-AZO-0261
262,CC=N[NH1]C=NC=C/N=NC1=CC=CC=C1C,azo,CC=NNC=NC=CN=Nc1ccccc1C,CC=NNC=NC=C/N=N/c1ccccc1C,CC=NNC=NC=C/N=N\c1ccccc1C,True,True,True,ok,229.287,3.891173018261278,0.3582190834539327,5.0,408.7942295064472,61.47830791204376,8.142401611357487,0.8625043555536271,57.112565500828,0.1277589280436776,unified_conditional_rl,391.2802682555645,59.77843619986306,12.168928099902455,0.6573862929949943,True,True,True,0.22762444337174792,PASS_AZO_PROXY,,,,,262,MC-AZO-0262
263,NC1=CC=CC=C1/N=NC2=CC=CC=C2C=CC3=CC=CC=C3N=CC4=CC=CC=C4,azo,Nc1ccccc1N=Nc1ccccc1C=Cc1ccccc1N=Cc1ccccc1,Nc1ccccc1/N=N/c1ccccc1C=Cc1ccccc1N=Cc1ccccc1,Nc1ccccc1/N=N\c1ccccc1C=Cc1ccccc1N=Cc1ccccc1,True,True,True,ok,402.50100000000015,2.742773436043869,0.15335449317187266,6.0,389.16403464093327,61.47830791204376,11.19104803803031,0.8625043555536271,66.08468953351456,0.165862346934108,unified_conditional_rl,386.0354033049537,59.77843619986306,22.945641073542312,0.6573862929949943,True,True,True,0.22762406576457386,PASS_AZO_PROXY,,,,,263,MC-AZO-0263
264,CN=NC(=C)C=C/N=N/C1=CC=CC=C1C,azo,C=C(C=C/N=N/c1ccccc1C)N=NC,C=C(C=C/N=N/c1ccccc1C)N=NC,C=C(C=C/N=N\c1ccccc1C)N=NC,True,True,True,ok,214.272,3.6975207830406394,0.5327641005713365,4.0,407.3355487049109,61.47830791204376,7.1665912737280575,0.8625043555536271,49.250018691773334,0.13029560995242295,unified_conditional_rl,392.58928852594244,59.77843619986306,10.319368907421993,0.6573862929949943,True,True,True,0.22755948477018234,PASS_AZO_PROXY,,,,,264,MC-AZO-0264
265,CC(C)=NN=NC1=CC=CC=C1/N=N/C2=CC=CC=C2C3=CC=CC=C3,azo,CC(C)=NN=Nc1ccccc1/N=N/c1ccccc1-c1ccccc1,CC(C)=N/N=N/c1ccccc1/N=N/c1ccccc1-c1ccccc1,CC(C)=N/N=N\c1ccccc1/N=N/c1ccccc1-c1ccccc1,True,True,True,ok,341.41800000000006,2.765696291083092,0.26644758461088824,5.0,392.7159027508528,61.47830791204376,10.124250476888456,0.8625043555536271,64.859572362145,0.16003399552629072,unified_conditional_rl,390.55443408663797,59.77843619986306,18.601224658449475,0.6573862929949943,True,True,True,0.22753645742005477,PASS_AZO_PROXY,,,,,265,MC-AZO-0265
266,NNN=NC=CCC=C/N=NC1=CC=CC=C1C,azo,Cc1ccccc1N=NC=CCC=CN=NNN,Cc1ccccc1/N=N/C=CCC=CN=NNN,Cc1ccccc1/N=N\C=CCC=CN=NNN,True,True,True,ok,244.30200000000005,4.005939094630968,0.45643748742136186,6.0,403.5743103876362,61.47830791204376,8.142401611357487,0.8625043555536271,62.962730528445206,0.13488500970432518,unified_conditional_rl,390.7388074028138,59.77843619986306,12.473352639054704,0.6573862929949943,True,True,True,0.2274173769428945,PASS_AZO_PROXY,,,,,266,MC-AZO-0266
267,C=CC1=CC=CC=C1C=CC2=CC=CC=C2/N=N/C3=CC=CC=C3C,azo,C=Cc1ccccc1C=Cc1ccccc1/N=N/c1ccccc1C,C=Cc1ccccc1C=Cc1ccccc1/N=N/c1ccccc1C,C=Cc1ccccc1C=Cc1ccccc1/N=N\c1ccccc1C,True,True,True,ok,324.4270000000001,2.576107716682438,0.34932813365374105,5.0,402.5661787212545,61.47830791204376,8.010846158681689,0.8625043555536271,49.9121256232512,0.14294831767184227,unified_conditional_rl,394.20417542588683,59.77843619986306,14.10849799838081,0.6573862929949943,True,True,True,0.2273193740797629,PASS_AZO_PROXY,,,,,267,MC-AZO-0267
268,CC1=CC=CC=C1/N=NC2=CC=CC=C2/N=NC3=CC=CC=C3F,azo,Cc1ccccc1N=Nc1ccccc1N=Nc1ccccc1F,Cc1ccccc1/N=N/c1ccccc1N=Nc1ccccc1F,Cc1ccccc1/N=N\c1ccccc1N=Nc1ccccc1F,True,True,True,ok,318.3550000000001,2.486187796205579,0.4665535624147111,4.0,395.25974588265143,61.47830791204376,10.602739992608885,0.8625043555536271,44.07379341687192,0.1545699635403019,unified_conditional_rl,392.01295002677927,59.77843619986306,16.37163811930938,0.6573862929949943,True,True,True,0.22731054753860677,PASS_AZO_PROXY,,,,,268,MC-AZO-0268
269,CC(C)=CC1=CC=CC=C1/N=NC2=CC=CC=C2CC3=CC=CC=C3C4=CC=CC=C4,azo,CC(C)=Cc1ccccc1N=Nc1ccccc1Cc1ccccc1-c1ccccc1,CC(C)=Cc1ccccc1/N=N/c1ccccc1Cc1ccccc1-c1ccccc1,CC(C)=Cc1ccccc1/N=N\c1ccccc1Cc1ccccc1-c1ccccc1,True,True,True,ok,402.5410000000001,2.4985878963327437,0.28788965176595627,6.0,399.8694305724296,61.47830791204376,8.807144457346016,0.8625043555536271,73.62601975896291,0.14811144706119328,unified_conditional_rl,391.11390045352755,59.77843619986306,18.210075024352296,0.6573862929949943,True,True,True,0.22719797409565864,PASS_AZO_PROXY,,,,,269,MC-AZO-0269
270,COC=NC(C)=C/N=NC1=CC=CC=C1/N=NC2=CC=CC=C2C3=CC=CC=C3C,azo,COC=NC(C)=CN=Nc1ccccc1N=Nc1ccccc1-c1ccccc1C,COC=NC(C)=C/N=N/c1ccccc1N=Nc1ccccc1-c1ccccc1C,COC=NC(C)=C/N=N\c1ccccc1N=Nc1ccccc1-c1ccccc1C,True,True,True,ok,397.48200000000014,3.3014220433482704,0.22862911689237989,7.0,399.83525912981077,61.47830791204376,6.929270015505459,0.8625043555536271,50.28120833104589,0.14444020778695416,unified_conditional_rl,394.61692387395993,59.77843619986306,10.51419865986486,0.6573862929949943,True,True,True,0.22718271226892073,PASS_AZO_PROXY,,,,,270,MC-AZO-0270
271,CN(C)C=C=NC1=CC=CC=C1/N=N/C2=CC=CC=C2C3=CC=CC=C3C,azo,Cc1ccccc1-c1ccccc1/N=N/c1ccccc1N=C=CN(C)C,Cc1ccccc1-c1ccccc1/N=N/c1ccccc1N=C=CN(C)C,Cc1ccccc1-c1ccccc1/N=N\c1ccccc1N=C=CN(C)C,True,True,True,ok,354.4570000000001,2.9815928257433466,0.38300375037540785,5.0,402.76855709271285,61.47830791204376,5.865076418581367,0.8625043555536271,57.543936884407344,0.14087363610941134,unified_conditional_rl,396.06507658257624,59.77843619986306,8.607615278390783,0.6573862929949943,True,True,True,0.22716557518119107,PASS_AZO_PROXY,,,,,271,MC-AZO-0271
272,CC=N[NH1]C(C)(C)C/N=N/C1=CC=CC=C1C2=CC=CC=C2,azo,CC=NNC(C)(C)C/N=N/c1ccccc1-c1ccccc1,CC=NNC(C)(C)C/N=N/c1ccccc1-c1ccccc1,CC=NNC(C)(C)C/N=N\c1ccccc1-c1ccccc1,True,True,True,ok,294.40200000000004,2.9836376429010425,0.463630727300386,6.0,403.2835928641571,61.47830791204376,9.484566874773257,0.8625043555536271,77.53436323706711,0.14268967121644363,unified_conditional_rl,390.0522287192511,59.77843619986306,19.342803298630724,0.6573862929949943,True,True,True,0.22710836434760542,PASS_AZO_PROXY,,,,,272,MC-AZO-0272
273,C/N=N/C1=CC=CC=C1C,azo,C/N=N/c1ccccc1C,C/N=N/c1ccccc1C,C/N=N\c1ccccc1C,True,True,True,ok,134.18199999999996,2.357539696345844,0.5274189283243268,1.0,398.1649938642824,61.47830791204376,7.242447401133209,0.8625043555536271,50.03074766395946,0.14960810807847996,unified_conditional_rl,395.94266002982795,59.77843619986306,11.073673805731996,0.6573862929949943,True,True,True,0.22699542383715238,PASS_AZO_PROXY,,,,,273,MC-AZO-0273
274,CC1=NC=CC=C1/N=NC=CC2=CC=CC=C2C3=CC=CC=C3C,azo,Cc1ccccc1-c1ccccc1C=CN=Nc1cccnc1C,Cc1ccccc1-c1ccccc1C=C/N=N/c1cccnc1C,Cc1ccccc1-c1ccccc1C=C/N=N\c1cccnc1C,True,True,True,ok,313.40400000000005,2.672020716077931,0.5345190734424223,4.0,409.13596012613226,61.47830791204376,7.966307269888696,0.8625043555536271,51.38824566494884,0.13276772049184335,unified_conditional_rl,396.137851355563,59.77843619986306,10.61125974909718,0.6573862929949943,True,True,True,0.22693497336462143,PASS_AZO_PROXY,,,,,274,MC-AZO-0274
275,CC=NC=NC(C)=C/N=N/C1=CC=CC=C1C,azo,CC=NC=NC(C)=C/N=N/c1ccccc1C,CC=NC=NC(C)=C/N=N/c1ccccc1C,CC=NC=NC(C)=C/N=N\c1ccccc1C,True,True,True,ok,228.299,3.8625377356867094,0.42371111702250347,4.0,402.3952088890924,61.47830791204376,5.953080435403696,0.8625043555536271,49.10076618748798,0.1352537410943319,unified_conditional_rl,392.1367323905868,59.77843619986306,9.4844074790073,0.6573862929949943,True,True,True,0.226807357197011,PASS_AZO_PROXY,,,,,275,MC-AZO-0275
276,CC=NC=NC(C)=C/N=NC1=CC=CC=C1C,azo,CC=NC=NC(C)=CN=Nc1ccccc1C,CC=NC=NC(C)=C/N=N/c1ccccc1C,CC=NC=NC(C)=C/N=N\c1ccccc1C,True,True,True,ok,228.299,3.8625377356867094,0.42371111702250347,4.0,402.3952088890924,61.47830791204376,5.953080435403696,0.8625043555536271,49.10076618748798,0.1352537410943319,unified_conditional_rl,392.1367323905868,59.77843619986306,9.4844074790073,0.6573862929949943,True,True,True,0.226807357197011,PASS_AZO_PROXY,,,,,276,MC-AZO-0276
277,CCCN=NC=NC(C)=C/N=N/C=CC1=CC=CC=C1Cl,azo,CCCN=NC=NC(C)=C/N=N/C=Cc1ccccc1Cl,CCC/N=N/C=NC(C)=C/N=N/C=Cc1ccccc1Cl,CCC/N=N\C=NC(C)=C/N=N/C=Cc1ccccc1Cl,True,True,True,ok,303.797,4.078469774278323,0.36182230834427215,7.0,399.4436904525184,61.47830791204376,6.945026327897611,0.8625043555536271,71.76087267982479,0.14003828117319878,unified_conditional_rl,389.7777729835123,59.77843619986306,13.974110166468689,0.6573862929949943,True,True,True,0.22671783109217414,PASS_AZO_PROXY,,,,,277,MC-AZO-0277
278,CC=NC(C)=N[NH1]CC1=CC=CC=C1/N=NC2=CC=CC=C2C,azo,CC=NC(C)=NNCc1ccccc1N=Nc1ccccc1C,CC=NC(C)=NNCc1ccccc1/N=N/c1ccccc1C,CC=NC(C)=NNCc1ccccc1/N=N\c1ccccc1C,True,True,True,ok,307.40100000000007,3.1530180946521558,0.36205537639753527,5.0,407.02212658343547,61.47830791204376,5.371662642139614,0.8625043555536271,60.6570161653122,0.13238119111578173,unified_conditional_rl,395.1623544479492,59.77843619986306,7.8614350500787085,0.6573862929949943,True,True,True,0.2267074006941036,PASS_AZO_PROXY,,,,,278,MC-AZO-0278
279,CCC=NN=NC(C)=C/N=N/C=CC1=CC=NC=C1C=CC2=CC=CC=C2C,azo,CCC=NN=NC(C)=C/N=N/C=Cc1ccncc1C=Cc1ccccc1C,CCC=N/N=N/C(C)=C/N=N/C=Cc1ccncc1C=Cc1ccccc1C,CCC=N\N=N/C(C)=C\N=N\C=Cc1ccncc1C=Cc1ccccc1C,True,True,True,ok,372.4760000000001,3.938222929278048,0.28869416622264954,8.0,387.5275914855321,61.47830791204376,16.194169902960102,0.8625043555536271,61.51018522771449,0.1583614824107413,unified_conditional_rl,384.18185046795605,59.77843619986306,20.598474861515008,0.6573862929949943,True,True,True,0.22664918848059723,PASS_AZO_PROXY,,,,,279,MC-AZO-0279
280,CC=NN=NC1=CC=CC=C1/N=N/C2=CC=CC=C2C3=NC=CC=C3C,azo,CC=NN=Nc1ccccc1/N=N/c1ccccc1-c1ncccc1C,CC=N/N=N/c1ccccc1/N=N/c1ccccc1-c1ncccc1C,CC=N/N=N\c1ccccc1/N=N/c1ccccc1-c1ncccc1C,True,True,True,ok,342.40600000000006,3.099969772864471,0.29364435041338677,5.0,407.1370457341555,61.47830791204376,9.3372080440582,0.8625043555536271,56.31310418555728,0.13569431119164466,unified_conditional_rl,395.6583630887937,59.77843619986306,11.57098577883925,0.6573862929949943,True,True,True,0.22661483270524443,PASS_AZO_PROXY,,,,,280,MC-AZO-0280
281,C1=CC=CC=C1/N=NC=CC2=CC=CC=C2O,azo,Oc1ccccc1C=CN=Nc1ccccc1,Oc1ccccc1C=C/N=N/c1ccccc1,Oc1ccccc1C=C/N=N\c1ccccc1,True,True,True,ok,224.263,2.5075071972251717,0.7819416255054261,3.0,400.1353564221234,61.47830791204376,11.498016703346615,0.8625043555536271,51.725818083386685,0.14711684491434646,unified_conditional_rl,386.88865173672133,59.77843619986306,22.381548589129867,0.6573862929949943,True,True,True,0.22647270245419215,PASS_AZO_PROXY,,,,,281,MC-AZO-0281
282,CC=NC(=C1)N=NC(C)=C1/N=NC2=CC=CC=C2,azo,CC=Nc1cc(N=Nc2ccccc2)c(C)nn1,CC=Nc1cc(/N=N/c2ccccc2)c(C)nn1,CC=Nc1cc(/N=N\c2ccccc2)c(C)nn1,True,True,True,ok,239.28200000000004,3.178490278062921,0.6014780862072389,3.0,410.0309047525813,61.47830791204376,6.8560042372986745,0.8625043555536271,48.266780922316,0.1293439724445552,unified_conditional_rl,395.0371655901711,59.77843619986306,11.796219858763196,0.6573862929949943,True,True,True,0.22633625860556406,PASS_AZO_PROXY,,,,,282,MC-AZO-0282
283,NC1=CC=CC=C1/N=NC=CC(C)=C/N=N/C2=CC=CC=C2C,azo,CC(C=CN=Nc1ccccc1N)=C/N=N/c1ccccc1C,CC(C=C/N=N/c1ccccc1N)=C/N=N/c1ccccc1C,CC(C=C/N=N\c1ccccc1N)=C/N=N/c1ccccc1C,True,True,True,ok,305.38500000000005,3.4063481645822247,0.41883051874531946,5.0,406.71233895249003,61.47830791204376,7.007119210031625,0.8625043555536271,64.89281974963262,0.1335067486396308,unified_conditional_rl,394.7984592387122,59.77843619986306,10.34400971281224,0.6573862929949943,True,True,True,0.22632804066097312,PASS_AZO_PROXY,,,,,283,MC-AZO-0283
284,CC=CC1=CC=CC=C1/N=NC2=CC=CC=C2C3=CC=CC=C3C=CC4=CC=CC=C4C,azo,CC=Cc1ccccc1N=Nc1ccccc1-c1ccccc1C=Cc1ccccc1C,CC=Cc1ccccc1/N=N/c1ccccc1-c1ccccc1C=Cc1ccccc1C,CC=Cc1ccccc1/N=N\c1ccccc1-c1ccccc1C=Cc1ccccc1C,True,True,True,ok,414.55200000000013,2.6784514314303074,0.22173662662775254,6.0,400.7740251856687,61.47830791204376,8.858486890199867,0.8625043555536271,43.57247817085056,0.14543135513542765,unified_conditional_rl,394.14487379569067,59.77843619986306,14.194390791101709,0.6573862929949943,True,True,True,0.2262682443116024,PASS_AZO_PROXY,,,,,284,MC-AZO-0284
285,CN=NC(C)=C(C)C1=CC=CC=C1/N=NC2=CC=CC=C2C3=CC=CC=C3,azo,CN=NC(C)=C(C)c1ccccc1N=Nc1ccccc1-c1ccccc1,C/N=N/C(C)=C(C)c1ccccc1N=Nc1ccccc1-c1ccccc1,C/N=N\C(C)=C(C)c1ccccc1N=Nc1ccccc1-c1ccccc1,True,True,True,ok,354.4570000000001,2.8209401630214526,0.4234843705297173,5.0,397.4255042919106,61.47830791204376,8.807144457346016,0.8625043555536271,74.87483951203035,0.15213736808383654,unified_conditional_rl,392.46212429654787,59.77843619986306,17.20339427507584,0.6573862929949943,True,True,True,0.2262343997105236,PASS_AZO_PROXY,,,,,285,MC-AZO-0285
286,N1C(C)=CC=C1/N=N/C2=CC=CC=C2C=CC3=CC=CC=C3,azo,Cc1ccc(/N=N/c2ccccc2C=Cc2ccccc2)[nH]1,Cc1ccc(/N=N/c2ccccc2C=Cc2ccccc2)[nH]1,Cc1ccc(/N=N\c2ccccc2C=Cc2ccccc2)[nH]1,True,True,True,ok,287.36600000000004,2.7870222920980012,0.45760936958980153,4.0,395.6722877571312,61.47830791204376,5.744489124777192,0.8625043555536271,48.425630221306676,0.1515835026753039,unified_conditional_rl,394.1860274112939,59.77843619986306,6.5302167845967265,0.6573862929949943,True,True,True,0.2261287865730033,PASS_AZO_PROXY,,,,,286,MC-AZO-0286
287,CNC1=NC=CC=C1/N=NC2=CC=CC=C2C=CC3=CC=CC=C3C=NC4=CC=CC=C4C,azo,CNc1ncccc1N=Nc1ccccc1C=Cc1ccccc1C=Nc1ccccc1C,CNc1ncccc1/N=N/c1ccccc1C=Cc1ccccc1C=Nc1ccccc1C,CNc1ncccc1/N=N\c1ccccc1C=Cc1ccccc1C=Nc1ccccc1C,True,True,True,ok,431.5430000000001,2.9316497686336476,0.18450048896653645,7.0,402.85362987687404,61.47830791204376,8.932721358629161,0.8625043555536271,56.86284987823211,0.14309448173464223,unified_conditional_rl,396.48469040158085,59.77843619986306,11.341220091484734,0.6573862929949943,True,True,True,0.22594886264451347,PASS_AZO_PROXY,,,,,287,MC-AZO-0287
288,COC=NC(C)=C/N=N/C1=CC=CC=C1C,azo,COC=NC(C)=C/N=N/c1ccccc1C,COC=NC(C)=C/N=N/c1ccccc1C,COC=NC(C)=C/N=N\c1ccccc1C,True,True,True,ok,217.27200000000002,3.5387607830406402,0.4313705755595777,4.0,398.71359047579523,61.47830791204376,6.667423491633159,0.8625043555536271,52.15262646286766,0.14435319008612307,unified_conditional_rl,394.08015183442257,59.77843619986306,10.600071718959342,0.6573862929949943,True,True,True,0.2259344289064356,PASS_AZO_PROXY,,,,,288,MC-AZO-0288
289,CC=NC1=C(C)NC=C1/N=NC2=CC=CC=C2,azo,CC=Nc1c(N=Nc2ccccc2)c[nH]c1C,CC=Nc1c(/N=N/c2ccccc2)c[nH]c1C,CC=Nc1c(/N=N\c2ccccc2)c[nH]c1C,True,True,True,ok,226.28300000000004,3.199215718418264,0.5930701595192218,3.0,398.6263570126146,61.47830791204376,4.627975683656317,0.8625043555536271,46.108984210300264,0.1421327238300089,unified_conditional_rl,389.9698893310115,59.77843619986306,5.225691230527338,0.6573862929949943,True,True,True,0.2258994775609013,PASS_AZO_PROXY,,,,,289,MC-AZO-0289
290,CC(N)=NC1=CC=CC=C1/N=NC2=CC=CC=C2C=CC3=CC=CC=C3,azo,CC(N)=Nc1ccccc1N=Nc1ccccc1C=Cc1ccccc1,CC(N)=Nc1ccccc1/N=N/c1ccccc1C=Cc1ccccc1,CC(N)=Nc1ccccc1/N=N\c1ccccc1C=Cc1ccccc1,True,True,True,ok,340.43,2.6756270603138645,0.25244990897906766,5.0,396.50369424508995,61.47830791204376,8.807144457346016,0.8625043555536271,52.93467305423775,0.1532799486258011,unified_conditional_rl,392.37520653694577,59.77843619986306,17.20339427507584,0.6573862929949943,True,True,True,0.22587261302503053,PASS_AZO_PROXY,,,,,290,MC-AZO-0290
291,CN=NC1=CC=C(C)C1/N=NC2=CC=CC=C2C=NC3=CC=CC=C3,azo,CN=NC1=CC=C(C)C1N=Nc1ccccc1C=Nc1ccccc1,C/N=N/C1=CC=C(C)C1N=Nc1ccccc1C=Nc1ccccc1,C/N=N\C1=CC=C(C)C1N=Nc1ccccc1C=Nc1ccccc1,True,True,True,ok,329.40700000000004,3.9115975104679723,0.4903112748633192,5.0,403.59391533167036,61.47830791204376,8.012301902757654,0.8625043555536271,49.85697073296717,0.13501188647256296,unified_conditional_rl,390.59949343600414,59.77843619986306,13.95871931842254,0.6573862929949943,True,True,True,0.22587135908664754,PASS_AZO_PROXY,,,,,291,MC-AZO-0291
292,CC=CC=NC=CN=NC=CC=CC1=CC=CC=C1C2=CC=CC=C2C=CC3=CC=CC=C3C,azo,CC=CC=NC=CN=NC=CC=Cc1ccccc1-c1ccccc1C=Cc1ccccc1C,CC=CC=NC=C/N=N/C=CC=Cc1ccccc1-c1ccccc1C=Cc1ccccc1C,CC=CC=NC=C/N=N\C=CC=Cc1ccccc1-c1ccccc1C=Cc1ccccc1C,True,True,True,ok,443.5940000000002,3.5827240154999407,0.13696108916010724,9.0,402.18732650911335,61.47830791204376,7.666046724145544,0.8625043555536271,44.85644993348217,0.138791271410833,unified_conditional_rl,393.5289620944686,59.77843619986306,10.563603598556234,0.6573862929949943,True,True,True,0.2258091151172564,PASS_AZO_PROXY,,,,,292,MC-AZO-0292
293,CN=NC1=NC=CC=C1/N=NC2=CC=CC=C2C3=CC=CC=C3C,azo,CN=Nc1ncccc1N=Nc1ccccc1-c1ccccc1C,C/N=N/c1ncccc1N=Nc1ccccc1-c1ccccc1C,C/N=N\c1ncccc1N=Nc1ccccc1-c1ccccc1C,True,True,True,ok,315.38000000000005,2.768045771022985,0.5295994548505829,4.0,401.61834246264374,61.47830791204376,6.4400346313139645,0.8625043555536271,55.36838169403222,0.14348226675565967,unified_conditional_rl,396.5972534279187,59.77843619986306,8.657937360344174,0.6573862929949943,True,True,True,0.22579636383830715,PASS_AZO_PROXY,,,,,293,MC-AZO-0293
294,CN(C)C=NC(C)=C(C)C/N=NC1=CC=CC=C1C,azo,CC(CN=Nc1ccccc1C)=C(C)N=CN(C)C,CC(C/N=N/c1ccccc1C)=C(C)N=CN(C)C,CC(C/N=N\c1ccccc1C)=C(C)N=CN(C)C,True,True,True,ok,258.36899999999997,3.3585453932286597,0.4474095251951917,5.0,398.8348600023887,61.47830791204376,5.8290896239836,0.8625043555536271,71.57701988617913,0.14465669942366347,unified_conditional_rl,395.3387997964378,59.77843619986306,10.048304961117271,0.6573862929949943,True,True,True,0.22570454282054828,PASS_AZO_PROXY,,,,,294,MC-AZO-0294
295,CC=NC1=CC=CC=C1C=CC2=CC=CC=C2N=NC3=CC=CC=C3/N=N/C4=CC=CC=C4,azo,CC=Nc1ccccc1C=Cc1ccccc1N=Nc1ccccc1/N=N/c1ccccc1,CC=Nc1ccccc1C=Cc1ccccc1/N=N/c1ccccc1/N=N/c1ccccc1,CC=Nc1ccccc1C=Cc1ccccc1/N=N\c1ccccc1/N=N/c1ccccc1,True,True,True,ok,429.5270000000001,3.001423636773776,0.15950693022130297,7.0,394.485316317262,61.47830791204376,11.31205272694885,0.8625043555536271,45.68309800105175,0.15592976102365924,unified_conditional_rl,386.54251796943316,59.77843619986306,22.694930263892793,0.6573862929949943,True,True,True,0.22569882619890452,PASS_AZO_PROXY,,,,,295,MC-AZO-0295
296,BrC=NN=NC1=CC=CC=C1/N=NC2=CC=CC=C2C3=CC=CC=C3C,azo,Cc1ccccc1-c1ccccc1N=Nc1ccccc1N=NN=CBr,Cc1ccccc1-c1ccccc1/N=N/c1ccccc1N=NN=CBr,Cc1ccccc1-c1ccccc1/N=N\c1ccccc1N=NN=CBr,True,True,True,ok,406.28700000000003,3.008730906467709,0.23928977319487346,5.0,404.0457302631835,61.47830791204376,7.075920771759967,0.8625043555536271,45.04952516928614,0.13950371347205417,unified_conditional_rl,396.39850477131273,59.77843619986306,9.479759146115464,0.6573862929949943,True,True,True,0.22549543332667304,PASS_AZO_PROXY,,,,,296,MC-AZO-0296
297,CC=C(C)C=NC=C/N=NC=CC=CC1=CC=NC=C1Br,azo,CC=C(C)C=NC=CN=NC=CC=Cc1ccncc1Br,CC=C(C)C=NC=C/N=N/C=CC=Cc1ccncc1Br,CC=C(C)C=NC=C/N=N\C=CC=Cc1ccncc1Br,True,True,True,ok,345.244,4.307868235816784,0.39039452873946884,6.0,395.5003579751633,61.47830791204376,11.885392739464518,0.8625043555536271,48.01416551481634,0.14457980419711983,unified_conditional_rl,385.842363435139,59.77843619986306,17.308541872207233,0.6573862929949943,True,True,True,0.2254697263404455,PASS_AZO_PROXY,,,,,297,MC-AZO-0297
298,CC(C)C1=CC=CC=C1/N=NC2=CC=CC=C2O,azo,CC(C)c1ccccc1N=Nc1ccccc1O,CC(C)c1ccccc1/N=N/c1ccccc1O,CC(C)c1ccccc1/N=N\c1ccccc1O,True,True,True,ok,240.30599999999998,2.3126090911502857,0.7592881813044057,3.0,398.1302096492159,61.47830791204376,8.19595424209694,0.8625043555536271,52.290184085489614,0.15036884888088972,unified_conditional_rl,393.36803461377053,59.77843619986306,16.26559382240501,0.6573862929949943,True,True,True,0.22543779797556857,PASS_AZO_PROXY,,,,,298,MC-AZO-0298
299,CN=NC=C(C)C/N=NC1=CC=CC=C1C=CC,azo,CC=Cc1ccccc1N=NCC(C)=CN=NC,CC=Cc1ccccc1/N=N/CC(C)=CN=NC,CC=Cc1ccccc1/N=N\CC(C)=CN=NC,True,True,True,ok,242.32599999999996,3.8667204033674807,0.6665039785485039,5.0,391.2027273607668,61.47830791204376,9.199139937742686,0.8625043555536271,58.11793709137845,0.1555334005201068,unified_conditional_rl,384.06397236817867,59.77843619986306,21.582387675260083,0.6573862929949943,True,True,True,0.22525290739180454,PASS_AZO_PROXY,,,,,299,MC-AZO-0299
300,N1(C)C=C1/N=N/C2=CC=CC=C2C,azo,Cc1ccccc1/N=N/C1=CN1C,Cc1ccccc1/N=N/C1=CN1C,Cc1ccccc1/N=N\C1=CN1C,True,True,True,ok,173.21900000000002,2.8736551346242116,0.6317471530767678,2.0,398.3902761741636,61.47830791204376,10.11265197159836,0.8625043555536271,48.86711899054768,0.14999560914563861,unified_conditional_rl,395.0101625529703,59.77843619986306,14.154321713250848,0.6573862929949943,True,True,True,0.22515795454557655,PASS_AZO_PROXY,,,,,300,MC-AZO-0300
301,C1N=NC(C)=C1/N=N/C2=CC=CC=C2C=CC3=CC=CC=C3C,azo,CC1=C(/N=N/c2ccccc2C=Cc2ccccc2C)CN=N1,CC1=C(/N=N/c2ccccc2C=Cc2ccccc2C)CN=N1,CC1=C(/N=N\c2ccccc2C=Cc2ccccc2C)CN=N1,True,True,True,ok,302.3810000000001,3.1276649164870367,0.49500109632292627,4.0,400.33745310104973,61.47830791204376,8.324459522879396,0.8625043555536271,47.87748556217383,0.14556828865900023,unified_conditional_rl,394.1303697997866,59.77843619986306,14.48084663476359,0.6573862929949943,True,True,True,0.22514738590355726,PASS_AZO_PROXY,,,,,301,MC-AZO-0301
302,CN=NC=NC=C/N=NC1=CC=CC=C1/N=N/C2=CC=CC=C2C,azo,CN=NC=NC=CN=Nc1ccccc1/N=N/c1ccccc1C,C/N=N/C=NC=CN=Nc1ccccc1/N=N/c1ccccc1C,C/N=N\C=NC=CN=Nc1ccccc1/N=N/c1ccccc1C,True,True,True,ok,319.37200000000007,3.7574582984955125,0.3509836537189676,6.0,409.8468820916931,61.47830791204376,8.790586970987407,0.8625043555536271,44.27603174156815,0.12646143549857836,unified_conditional_rl,392.381341278908,59.77843619986306,12.211738510495998,0.6573862929949943,True,True,True,0.2250564010670995,PASS_AZO_PROXY,,,,,302,MC-AZO-0302
303,CN(C)NC(C)=C/N=N/C1=CC=CC=C1C=CC2=CC=CC=C2C,azo,CC(=C/N=N/c1ccccc1C=Cc1ccccc1C)NN(C)C,CC(=C/N=N/c1ccccc1C=Cc1ccccc1C)NN(C)C,CC(=C/N=N\c1ccccc1C=Cc1ccccc1C)NN(C)C,True,True,True,ok,320.44000000000005,3.1176585958452216,0.45256858526151506,6.0,401.4860567117103,61.47830791204376,5.676933767733844,0.8625043555536271,65.69608523091108,0.14185815290881823,unified_conditional_rl,396.6884945374648,59.77843619986306,9.29818913109975,0.6573862929949943,True,True,True,0.22498363710665067,PASS_AZO_PROXY,,,,,303,MC-AZO-0303
304,CC(C)OCC1=CC=CC=C1/N=NC2=CC=CC=C2/N=N/C3=CC=CC=C3C=CC4=CC=CC=C4C,azo,Cc1ccccc1C=Cc1ccccc1/N=N/c1ccccc1N=Nc1ccccc1COC(C)C,Cc1ccccc1C=Cc1ccccc1/N=N/c1ccccc1N=Nc1ccccc1COC(C)C,Cc1ccccc1C=Cc1ccccc1/N=N\c1ccccc1N=Nc1ccccc1COC(C)C,True,True,True,ok,474.60800000000023,2.9538604061665996,0.17578296365757498,9.0,405.123538600335,61.47830791204376,8.358199436823215,0.8625043555536271,50.275700485381435,0.13905276759384755,unified_conditional_rl,396.32251909281223,59.77843619986306,12.393236510990953,0.6573862929949943,True,True,True,0.22476231080202985,PASS_AZO_PROXY,,,,,304,MC-AZO-0304
305,CN=NN(C)C=C/N=N/C=CC1=CC=CC=C1,azo,CN=NN(C)C=C/N=N/C=Cc1ccccc1,C/N=N/N(C)C=C/N=N/C=Cc1ccccc1,C/N=N\N(C)C=C/N=N/C=Cc1ccccc1,True,True,True,ok,229.28700000000003,3.870824823598797,0.5626866237585838,5.0,380.26528413758234,61.47830791204376,13.681287576228028,0.8625043555536271,56.812900898294686,0.17166947630436324,unified_conditional_rl,382.8951528258669,59.77843619986306,22.80203180691442,0.6573862929949943,True,True,True,0.22473626299009503,PASS_AZO_PROXY,,,,,305,MC-AZO-0305
306,CC=NC1=CC=CC=C1/N=NC2=CC=CC=C2N,azo,CC=Nc1ccccc1N=Nc1ccccc1N,CC=Nc1ccccc1/N=N/c1ccccc1N,CC=Nc1ccccc1/N=N\c1ccccc1N,True,True,True,ok,238.29399999999998,2.778315130133926,0.4802670495178422,3.0,401.57640052300366,61.47830791204376,9.923390675712115,0.8625043555536271,68.68298716655335,0.14540918927835556,unified_conditional_rl,391.5854700422032,59.77843619986306,18.80077565221379,0.6573862929949943,True,True,True,0.22469534119323675,PASS_AZO_PROXY,,,,,306,MC-AZO-0306
307,OCC=CC1=CC=CC=C1/N=NC2=CC=CC=C2,azo,OCC=Cc1ccccc1N=Nc1ccccc1,OCC=Cc1ccccc1/N=N/c1ccccc1,OCC=Cc1ccccc1/N=N\c1ccccc1,True,True,True,ok,238.29000000000002,2.4798862532778365,0.8003234692839359,4.0,402.2795496525159,61.47830791204376,9.73693244194037,0.8625043555536271,59.2694118876841,0.14415251779219002,unified_conditional_rl,388.6896428254479,59.77843619986306,21.62304122076229,0.6573862929949943,True,True,True,0.22461974244228042,PASS_AZO_PROXY,,,,,307,MC-AZO-0307
308,CC=NC1=CC=CC=C1C=CC2=CC=CC=C2/N=N/C=CC3=CC=CC=C3C,azo,CC=Nc1ccccc1C=Cc1ccccc1/N=N/C=Cc1ccccc1C,CC=Nc1ccccc1C=Cc1ccccc1/N=N/C=Cc1ccccc1C,CC=Nc1ccccc1C=Cc1ccccc1/N=N\C=Cc1ccccc1C,True,True,True,ok,365.4800000000001,3.159501540910318,0.24439137576563147,6.0,405.22889907575745,61.47830791204376,8.511101462946215,0.8625043555536271,43.254261172770214,0.13712581961455753,unified_conditional_rl,395.1632686744156,59.77843619986306,12.415462609125226,0.6573862929949943,True,True,True,0.22461376040259268,PASS_AZO_PROXY,,,,,308,MC-AZO-0308
309,COCC1=CC=CC=C1/N=N/C2=CC=CC=C2C3=CC=CC=C3C,azo,COCc1ccccc1/N=N/c1ccccc1-c1ccccc1C,COCc1ccccc1/N=N/c1ccccc1-c1ccccc1C,COCc1ccccc1/N=N\c1ccccc1-c1ccccc1C,True,True,True,ok,316.40400000000005,2.2475886281658415,0.5140619100265114,5.0,391.59446279487196,61.47830791204376,8.397246504484679,0.8625043555536271,52.74521985893915,0.16134908193058847,unified_conditional_rl,396.159951752056,59.77843619986306,12.977137467165162,0.6573862929949943,True,True,True,0.22459976924189198,PASS_AZO_PROXY,,,,,309,MC-AZO-0309
310,CN=NC(C)=CN=C/N=NC1=CC=CC=C1C=CC2=CC=CC=C2C,azo,CN=NC(C)=CN=CN=Nc1ccccc1C=Cc1ccccc1C,C/N=N/C(C)=CN=CN=Nc1ccccc1C=Cc1ccccc1C,C/N=N\C(C)=CN=CN=Nc1ccccc1C=Cc1ccccc1C,True,True,True,ok,331.42300000000006,3.600893543868949,0.26094300827508804,6.0,401.9488831612654,61.47830791204376,5.943529370940246,0.8625043555536271,47.47169306335809,0.13757142922204885,unified_conditional_rl,394.2303531395069,59.77843619986306,9.485485853177524,0.6573862929949943,True,True,True,0.22451756867243108,PASS_AZO_PROXY,,,,,310,MC-AZO-0310
311,CC1=CC=C(C)C1/N=N/C2=CC=CC=C2C=CC3=CC=CC=C3Br,azo,CC1=CC=C(C)C1/N=N/c1ccccc1C=Cc1ccccc1Br,CC1=CC=C(C)C1/N=N/c1ccccc1C=Cc1ccccc1Br,CC1=CC=C(C)C1/N=N\c1ccccc1C=Cc1ccccc1Br,True,True,True,ok,379.30100000000004,3.1028374862642663,0.40448944591634434,4.0,406.3437870921527,61.47830791204376,6.771037624423951,0.8625043555536271,47.72671134814294,0.13528923960600012,unified_conditional_rl,396.4463636275279,59.77843619986306,8.73055864904192,0.6573862929949943,True,True,True,0.2243684504829963,PASS_AZO_PROXY,,,,,311,MC-AZO-0311
312,CN=NC(C)=NC(C)=C/N=NC=CC1=NC=NC=C1,azo,CN=NC(C)=NC(C)=CN=NC=Cc1ccncn1,C/N=N/C(C)=NC(C)=CN=NC=Cc1ccncn1,C/N=N\C(C)=NC(C)=CN=NC=Cc1ccncn1,True,True,True,ok,257.301,4.459702789678364,0.4704655102183139,4.0,379.8872607228936,61.47830791204376,14.690642512360279,0.8625043555536271,55.62950140902035,0.1666244040547471,unified_conditional_rl,379.1444176932061,59.77843619986306,23.47934235223367,0.6573862929949943,True,True,True,0.224145475190899,PASS_AZO_PROXY,,,,,312,MC-AZO-0312
313,N=NCC1=C(C)NC=C1/N=N/C2=CC=CC=C2C,azo,Cc1ccccc1/N=N/c1c[nH]c(C)c1CN=N,Cc1ccccc1/N=N/c1c[nH]c(C)c1CN=N,Cc1ccccc1/N=N\c1c[nH]c(C)c1CN=N,True,True,True,ok,241.29800000000003,3.2888362404715528,0.7350003567323214,4.0,391.8035814958666,61.47830791204376,4.2002253382869705,0.8625043555536271,54.172873210033,0.15092569904896155,unified_conditional_rl,387.57121213898444,59.77843619986306,4.478760742642442,0.6573862929949943,True,True,True,0.22412959655185055,PASS_AZO_PROXY,,,,,313,MC-AZO-0313
314,CC1=CC=CC=C1/N=NC2=CC=CC=C2/N=NN(C)C=CC=C,azo,C=CC=CN(C)N=Nc1ccccc1N=Nc1ccccc1C,C=CC=CN(C)/N=N/c1ccccc1N=Nc1ccccc1C,C=CC=CN(C)/N=N\c1ccccc1N=Nc1ccccc1C,True,True,True,ok,305.3850000000001,3.259792919826981,0.36436642645024997,6.0,401.65316112103363,61.47830791204376,7.664243867972701,0.8625043555536271,65.16991324741593,0.14284675700232705,unified_conditional_rl,395.5984014749395,59.77843619986306,12.559465409839866,0.6573862929949943,True,True,True,0.22410768633419262,PASS_AZO_PROXY,,,,,314,MC-AZO-0314
315,COC=NC(C)=C/N=N/C1=CC=CC=C1C2=CC=CC=C2,azo,COC=NC(C)=C/N=N/c1ccccc1-c1ccccc1,COC=NC(C)=C/N=N/c1ccccc1-c1ccccc1,COC=NC(C)=C/N=N\c1ccccc1-c1ccccc1,True,True,True,ok,279.343,3.087614112235449,0.43256654173392856,5.0,396.8808266661841,61.47830791204376,10.139513049866204,0.8625043555536271,70.33704183123803,0.15244578904394804,unified_conditional_rl,391.57968458762554,59.77843619986306,18.676534802716326,0.6573862929949943,True,True,True,0.2240251817874707,PASS_AZO_PROXY,,,,,315,MC-AZO-0315
316,CC=NN1C(C)=NN=C1/N=NC2=CC=CC=C2,azo,CC=Nn1c(C)nnc1N=Nc1ccccc1,CC=Nn1c(C)nnc1/N=N/c1ccccc1,CC=Nn1c(C)nnc1/N=N\c1ccccc1,True,True,True,ok,228.25900000000001,3.1309739601765063,0.5983574857812028,3.0,402.43995665748616,61.47830791204376,9.787911608478973,0.8625043555536271,64.69589036214484,0.1430416751327259,unified_conditional_rl,391.7610614971391,59.77843619986306,18.261490963423473,0.6573862929949943,True,True,True,0.22397977538804117,PASS_AZO_PROXY,,,,,316,MC-AZO-0316
317,CC(C=CC1=CC=CC=C1/N)=NC2=CC=CC=C2/N=NC3=CC=CC=C3C,azo,CC(C=Cc1ccccc1N)=Nc1ccccc1N=Nc1ccccc1C,CC(C=Cc1ccccc1N)=Nc1ccccc1/N=N/c1ccccc1C,CC(C=Cc1ccccc1N)=Nc1ccccc1/N=N\c1ccccc1C,True,True,True,ok,354.4570000000001,2.7841768494119865,0.3055546133761035,5.0,400.81964109992776,61.47830791204376,6.196815017018392,0.8625043555536271,59.48575594652874,0.144546255321845,unified_conditional_rl,397.62519230670983,59.77843619986306,9.406503097125464,0.6573862929949943,True,True,True,0.22389643002668166,PASS_AZO_PROXY,,,,,317,MC-AZO-0317
318,CC1NC=C(C)C1/N=N/C=CC2=CC=NC=C2C=CC3=CC=CC=C3CF,azo,CC1=CNC(C)C1/N=N/C=Cc1ccncc1C=Cc1ccccc1CF,CC1=CNC(C)C1/N=N/C=Cc1ccncc1C=Cc1ccccc1CF,CC1=CNC(C)C1/N=N\C=Cc1ccncc1C=Cc1ccccc1CF,True,True,True,ok,362.4520000000001,4.486438231686549,0.6987341801660834,6.0,396.15205493556283,61.47830791204376,13.718249866879132,0.8625043555536271,55.976001478539104,0.1420474113850819,unified_conditional_rl,386.22224874779494,59.77843619986306,17.048976773249496,0.6573862929949943,True,True,True,0.2238782776095761,PASS_AZO_PROXY,,,,,318,MC-AZO-0318
319,CC=NC=NN=NN(C)C/N=NC1=CC=CC=C1C,azo,CC=NC=NN=NN(C)CN=Nc1ccccc1C,CC=NC=N/N=N/N(C)CN=Nc1ccccc1C,CC=NC=N/N=N\N(C)CN=Nc1ccccc1C,True,True,True,ok,259.31700000000006,4.140238687114261,0.33368048992607585,6.0,403.93538386193603,61.47830791204376,6.784771961896836,0.8625043555536271,67.0764834140038,0.1326242612432046,unified_conditional_rl,392.46326149257,59.77843619986306,10.375227460974278,0.6573862929949943,True,True,True,0.22370106642003418,PASS_AZO_PROXY,,,,,319,MC-AZO-0319
320,NN=NC=NC=C/N=NC1=CC=CC=C1C=CC2=CC=CC=C2C,azo,Cc1ccccc1C=Cc1ccccc1N=NC=CN=CN=NN,Cc1ccccc1C=Cc1ccccc1/N=N/C=CN=CN=NN,Cc1ccccc1C=Cc1ccccc1/N=N\C=CN=CN=NN,True,True,True,ok,318.38400000000007,3.6825229138801276,0.19752059710652464,6.0,412.28305268485633,61.47830791204376,8.511101462946215,0.8625043555536271,50.5644533592714,0.1238886639783012,unified_conditional_rl,393.61585156697265,59.77843619986306,12.415462609125226,0.6573862929949943,True,True,True,0.22365325735179037,PASS_AZO_PROXY,,,,,320,MC-AZO-0320
321,CNC1=NC=CC=C1/N=NC=CC2=CC=CC=C2,azo,CNc1ncccc1N=NC=Cc1ccccc1,CNc1ncccc1/N=N/C=Cc1ccccc1,CNc1ncccc1/N=N\C=Cc1ccccc1,True,True,True,ok,238.294,2.76318378593386,0.8216134628478973,4.0,400.38658092237375,61.47830791204376,15.367210650292153,0.8625043555536271,58.53976178380441,0.1452923483504454,unified_conditional_rl,386.8637616440181,59.77843619986306,23.75564748779134,0.6573862929949943,True,True,True,0.22363129380394764,PASS_AZO_PROXY,,,,,321,MC-AZO-0321
322,CC=NC1=CC=CN=C1/N=NC2=CC=CC=C2C=CC3=CC=CC=C3C,azo,CC=Nc1cccnc1N=Nc1ccccc1C=Cc1ccccc1C,CC=Nc1cccnc1/N=N/c1ccccc1C=Cc1ccccc1C,CC=Nc1cccnc1/N=N\c1ccccc1C=Cc1ccccc1C,True,True,True,ok,340.43000000000006,3.003959448977831,0.2895269488621579,5.0,403.8580902906431,61.47830791204376,6.4400346313139645,0.8625043555536271,53.540402422444345,0.13983210180914946,unified_conditional_rl,397.43355879447154,59.77843619986306,8.657937360344174,0.6573862929949943,True,True,True,0.22358520598934414,PASS_AZO_PROXY,,,,,322,MC-AZO-0322
323,CC1=NC=CC=C1/N=NC2=CC=CC=C2C3=CC=CC=C3C=C[N+1]=CC4=CC=CC=C4C,azo,Cc1ccccc1C=[N+]C=Cc1ccccc1-c1ccccc1N=Nc1cccnc1C,Cc1ccccc1C=[N+]C=Cc1ccccc1-c1ccccc1/N=N/c1cccnc1C,Cc1ccccc1C=[N+]C=Cc1ccccc1-c1ccccc1/N=N\c1cccnc1C,True,True,True,ok,416.52800000000013,3.1741481581078848,0.24197980502774485,6.0,409.2811564213855,61.47830791204376,7.033810890054049,0.8625043555536271,53.4606678689143,0.13093586306048832,unified_conditional_rl,396.8483359965664,59.77843619986306,9.515492654374027,0.6573862929949943,True,True,True,0.22357800453219687,PASS_AZO_PROXY,,,,,323,MC-AZO-0323
324,CC=NN(C)N=NC1=CC=CC=C1C=CC2=CC=CC=C2/N=N/C3=CC=CC=C3C,azo,CC=NN(C)N=Nc1ccccc1C=Cc1ccccc1/N=N/c1ccccc1C,CC=NN(C)/N=N/c1ccccc1C=Cc1ccccc1/N=N/c1ccccc1C,CC=NN(C)/N=N\c1ccccc1C=Cc1ccccc1/N=N/c1ccccc1C,True,True,True,ok,396.49800000000016,3.3148607701387203,0.17620457747893176,7.0,401.93136547250293,61.47830791204376,7.212786128307083,0.8625043555536271,56.4029275731682,0.14154573448793467,unified_conditional_rl,396.2940951306669,59.77843619986306,9.69719359506436,0.6573862929949943,True,True,True,0.2235520466607225,PASS_AZO_PROXY,,,,,324,MC-AZO-0324
325,OCCCC1=CC=CC=C1/N=NC2=CC=CC=C2C,azo,Cc1ccccc1N=Nc1ccccc1CCCO,Cc1ccccc1/N=N/c1ccccc1CCCO,Cc1ccccc1/N=N\c1ccccc1CCCO,True,True,True,ok,254.333,2.2506833491189226,0.7926414921609427,5.0,398.6678077793536,61.47830791204376,6.337845710158906,0.8625043555536271,63.15942954815108,0.1482849970426873,unified_conditional_rl,397.89476543866976,59.77843619986306,9.933219072766448,0.6573862929949943,True,True,True,0.22338101095922774,PASS_AZO_PROXY,,,,,325,MC-AZO-0325
326,CC=NN=NC(C)=C/N=NC1=CC=CC=C1N,azo,CC=NN=NC(C)=CN=Nc1ccccc1N,CC=N/N=N/C(C)=CN=Nc1ccccc1N,CC=N/N=N\C(C)=CN=Nc1ccccc1N,True,True,True,ok,230.275,3.99772523568671,0.363404885284704,4.0,396.54718380376653,61.47830791204376,8.006292213272378,0.8625043555536271,68.60349581439732,0.14582437581763616,unified_conditional_rl,389.94404624365325,59.77843619986306,16.07680564028312,0.6573862929949943,True,True,True,0.22326677869746267,PASS_AZO_PROXY,,,,,326,MC-AZO-0326
327,C1C(C)C=C1/N=NC2=CC=CC=C2C3=CC=CC=C3C,azo,Cc1ccccc1-c1ccccc1N=NC1=CC(C)C1,Cc1ccccc1-c1ccccc1/N=N/C1=CC(C)C1,Cc1ccccc1-c1ccccc1/N=N\C1=CC(C)C1,True,True,True,ok,262.35600000000005,3.004337084934277,0.6366155056686472,3.0,403.6059776156453,61.47830791204376,9.085715616552086,0.8625043555536271,57.41891486122739,0.14190187680651303,unified_conditional_rl,395.3829968652761,59.77843619986306,15.103855389981907,0.6573862929949943,True,True,True,0.22314645604069167,PASS_AZO_PROXY,,,,,327,MC-AZO-0327
328,CC=NC1=CC=CC=C1/N=N/C2=CC=CC=C2,azo,CC=Nc1ccccc1/N=N/c1ccccc1,CC=Nc1ccccc1/N=N/c1ccccc1,CC=Nc1ccccc1/N=N\c1ccccc1,True,True,True,ok,223.279,2.553603812609788,0.5279161113313052,3.0,400.1996596088763,61.47830791204376,11.31205272694885,0.8625043555536271,49.28619710195443,0.14689528162215032,unified_conditional_rl,387.93607397456634,59.77843619986306,22.694930263892793,0.6573862929949943,True,True,True,0.22310601103402705,PASS_AZO_PROXY,,,,,328,MC-AZO-0328
329,CC=NC1=CC=CC=C1/N=NC2=CC=CC=C2,azo,CC=Nc1ccccc1N=Nc1ccccc1,CC=Nc1ccccc1/N=N/c1ccccc1,CC=Nc1ccccc1/N=N\c1ccccc1,True,True,True,ok,223.279,2.553603812609788,0.5279161113313052,3.0,400.1996596088763,61.47830791204376,11.31205272694885,0.8625043555536271,49.28619710195443,0.14689528162215032,unified_conditional_rl,387.93607397456634,59.77843619986306,22.694930263892793,0.6573862929949943,True,True,True,0.22310601103402705,PASS_AZO_PROXY,,,,,329,MC-AZO-0329
330,CC=NC1=CC=CC=C1/N=NC2=CC=CC=C2/N=NC3=CC=CC=C3,azo,CC=Nc1ccccc1N=Nc1ccccc1N=Nc1ccccc1,CC=Nc1ccccc1/N=N/c1ccccc1N=Nc1ccccc1,CC=Nc1ccccc1/N=N\c1ccccc1N=Nc1ccccc1,True,True,True,ok,327.391,2.794059709824781,0.35006326880701183,5.0,400.1996596088763,61.47830791204376,11.31205272694885,0.8625043555536271,49.28619710195443,0.14689528162215032,unified_conditional_rl,387.93607397456634,59.77843619986306,22.694930263892793,0.6573862929949943,True,True,True,0.22310601103402705,PASS_AZO_PROXY,,,,,330,MC-AZO-0330
331,CN=NC1=CC=CC=C1/N=NC2=CC=CC=C2/N=NC3=CC=CC=C3C4=CC=CC=C4C,azo,CN=Nc1ccccc1N=Nc1ccccc1N=Nc1ccccc1-c1ccccc1C,C/N=N/c1ccccc1N=Nc1ccccc1N=Nc1ccccc1-c1ccccc1C,C/N=N\c1ccccc1N=Nc1ccccc1N=Nc1ccccc1-c1ccccc1C,True,True,True,ok,418.50400000000013,2.7082409355791857,0.27985911259989205,6.0,398.82353661064735,61.47830791204376,7.526876563116766,0.8625043555536271,48.2332124959583,0.1485969634559279,unified_conditional_rl,397.50996236204884,59.77843619986306,10.894443954236982,0.6573862929949943,True,True,True,0.22305644231681887,PASS_AZO_PROXY,,,,,331,MC-AZO-0331
332,CC(C)=CC1=CC=CC=C1/N=N/C2=CC=CC=C2C=CC3=CC=CC=C3,azo,CC(C)=Cc1ccccc1/N=N/c1ccccc1C=Cc1ccccc1,CC(C)=Cc1ccccc1/N=N/c1ccccc1C=Cc1ccccc1,CC(C)=Cc1ccccc1/N=N\c1ccccc1C=Cc1ccccc1,True,True,True,ok,338.45400000000006,2.6018926473583974,0.33623525298541945,5.0,395.3481454236033,61.47830791204376,8.807144457346016,0.8625043555536271,45.35606296515141,0.15455484443273396,unified_conditional_rl,393.1834155657253,59.77843619986306,17.20339427507584,0.6573862929949943,True,True,True,0.2230141896301842,PASS_AZO_PROXY,,,,,332,MC-AZO-0332
333,CC(C)=CC1=CC=CC=C1/N=NC2=CC=CC=C2C=CC3=CC=CC=C3,azo,CC(C)=Cc1ccccc1N=Nc1ccccc1C=Cc1ccccc1,CC(C)=Cc1ccccc1/N=N/c1ccccc1C=Cc1ccccc1,CC(C)=Cc1ccccc1/N=N\c1ccccc1C=Cc1ccccc1,True,True,True,ok,338.45400000000006,2.6018926473583974,0.33623525298541945,5.0,395.3481454236033,61.47830791204376,8.807144457346016,0.8625043555536271,45.35606296515141,0.15455484443273396,unified_conditional_rl,393.1834155657253,59.77843619986306,17.20339427507584,0.6573862929949943,True,True,True,0.2230141896301842,PASS_AZO_PROXY,,,,,333,MC-AZO-0333
334,CC=CC1=CC=CC=C1/N=N/C=CC2=CC=CC=C2C=CC3=CC=CC=C3C=CC4=CC=CC=C4C,azo,CC=Cc1ccccc1/N=N/C=Cc1ccccc1C=Cc1ccccc1C=Cc1ccccc1C,CC=Cc1ccccc1/N=N/C=Cc1ccccc1C=Cc1ccccc1C=Cc1ccccc1C,CC=Cc1ccccc1/N=N\C=Cc1ccccc1C=Cc1ccccc1C=Cc1ccccc1C,True,True,True,ok,466.62800000000016,3.032171439181658,0.1822168746688587,8.0,404.1102397652785,61.47830791204376,10.016835017611847,0.8625043555536271,44.978957535385234,0.14015517137949993,unified_conditional_rl,393.9242047949618,59.77843619986306,16.17612875576792,0.6573862929949943,True,True,True,0.22297298613843572,PASS_AZO_PROXY,,,,,334,MC-AZO-0334
335,CC=CN=NC=NC=C/N=NC=NC1=CC=CC=C1C=CC2=CC=CC=C2C3=CC=CC=C3,azo,CC=CN=NC=NC=CN=NC=Nc1ccccc1C=Cc1ccccc1-c1ccccc1,CC=C/N=N/C=NC=CN=NC=Nc1ccccc1C=Cc1ccccc1-c1ccccc1,CC=C/N=N\C=NC=CN=NC=Nc1ccccc1C=Cc1ccccc1-c1ccccc1,True,True,True,ok,432.5310000000001,3.880743400186189,0.14166324616562032,9.0,390.2972185490509,61.47830791204376,12.82542047868965,0.8625043555536271,77.4619028276656,0.1564169257652551,unified_conditional_rl,383.7266133900568,59.77843619986306,22.94456172851856,0.6573862929949943,True,True,True,0.22285914591179562,PASS_AZO_PROXY,,,,,335,MC-AZO-0335
336,CN=NC1=CC=CC=C1/N=N/C2=CC=CC=C2C,azo,CN=Nc1ccccc1/N=N/c1ccccc1C,C/N=N/c1ccccc1/N=N/c1ccccc1C,C/N=N\c1ccccc1/N=N/c1ccccc1C,True,True,True,ok,238.29399999999998,2.6305793313173584,0.665906237802834,3.0,398.7707373983896,61.47830791204376,7.538972016638748,0.8625043555536271,48.76429103358265,0.14873642766575929,unified_conditional_rl,397.6977813780546,59.77843619986306,10.893205400182811,0.6573862929949943,True,True,True,0.2226664216737705,PASS_AZO_PROXY,,,,,336,MC-AZO-0336
337,CN=NC1=CC=CC=C1/N=NC2=CC=CC=C2C,azo,CN=Nc1ccccc1N=Nc1ccccc1C,C/N=N/c1ccccc1N=Nc1ccccc1C,C/N=N\c1ccccc1N=Nc1ccccc1C,True,True,True,ok,238.29399999999998,2.6305793313173584,0.665906237802834,3.0,398.7707373983896,61.47830791204376,7.538972016638748,0.8625043555536271,48.76429103358265,0.14873642766575929,unified_conditional_rl,397.6977813780546,59.77843619986306,10.893205400182811,0.6573862929949943,True,True,True,0.2226664216737705,PASS_AZO_PROXY,,,,,337,MC-AZO-0337
338,CC=NC1=CC=CC=C1/N=NN,azo,CC=Nc1ccccc1N=NN,CC=Nc1ccccc1/N=N/N,CC=Nc1ccccc1/N=N\N,True,True,True,ok,162.19599999999997,3.2899578510005982,0.30830154640684515,2.0,401.9095726742564,61.47830791204376,9.914370208538871,0.8625043555536271,59.306210159981845,0.14266540199133224,unified_conditional_rl,391.0949544225134,59.77843619986306,18.69062638836348,0.6573862929949943,True,True,True,0.22266372163493195,PASS_AZO_PROXY,,,,,338,MC-AZO-0338
339,N#CC1=CC=CC=C1/N=N/C=CC(C)=C/N=NC2=CC=CC=C2C,azo,CC(C=C/N=N/c1ccccc1C#N)=CN=Nc1ccccc1C,CC(C=C/N=N/c1ccccc1C#N)=CN=Nc1ccccc1C,CC(C=C/N=N\c1ccccc1C#N)=CN=Nc1ccccc1C,True,True,True,ok,315.38000000000005,3.423546516364599,0.48122245511418127,5.0,403.96864978030015,61.47830791204376,6.892848486939757,0.8625043555536271,80.61442759033815,0.1375657961454111,unified_conditional_rl,395.5861496403134,59.77843619986306,12.369323291636533,0.6573862929949943,True,True,True,0.22266041996662705,PASS_AZO_PROXY,,,,,339,MC-AZO-0339
340,CN=NC1=CC=CC=C1,azo,CN=Nc1ccccc1,C/N=N/c1ccccc1,C/N=N\c1ccccc1,True,True,True,ok,120.15499999999996,2.2355723859237813,0.5082400924589742,1.0,391.71841659289447,61.47830791204376,11.473996468879625,0.8625043555536271,46.91947257720199,0.16066233032454885,unified_conditional_rl,387.2605028342667,59.77843619986306,23.401642506150196,0.6573862929949943,True,True,True,0.2226234901000196,PASS_AZO_PROXY,,,,,340,MC-AZO-0340
341,CC1=CC=CC=C1/N=NC2=CC=CC=C2/N=NN=CC=CC=CO,azo,Cc1ccccc1N=Nc1ccccc1N=NN=CC=CC=CO,Cc1ccccc1/N=N/c1ccccc1N=NN=CC=CC=CO,Cc1ccccc1/N=N\c1ccccc1N=NN=CC=CC=CO,True,True,True,ok,319.36800000000005,3.4443631336603477,0.225006523182217,6.0,402.0431570550688,61.47830791204376,6.337845710158906,0.8625043555536271,47.282929570113765,0.1390611051208402,unified_conditional_rl,395.72644085496205,59.77843619986306,9.38409555704631,0.6573862929949943,True,True,True,0.22260766758920053,PASS_AZO_PROXY,,,,,341,MC-AZO-0341
342,C1C(C)C=C1/N=NC=CC2=CC=CC=C2C,azo,Cc1ccccc1C=CN=NC1=CC(C)C1,Cc1ccccc1C=C/N=N/C1=CC(C)C1,Cc1ccccc1C=C/N=N\C1=CC(C)C1,True,True,True,ok,212.29599999999996,3.6596453924215364,0.6656720693626395,3.0,405.1869474437349,61.47830791204376,11.71999217811391,0.8625043555536271,57.92942909297631,0.13469706993772904,unified_conditional_rl,389.4739375883071,59.77843619986306,18.533544540799777,0.6573862929949943,True,True,True,0.22259419003476627,PASS_AZO_PROXY,,,,,342,MC-AZO-0342
343,CC1=CC=CC=C1/N=NC2=CC=CC=C2C=CC3=CC=CC4=C3C=CC=C4Cl,azo,Cc1ccccc1N=Nc1ccccc1C=Cc1cccc2c(Cl)cccc12,Cc1ccccc1/N=N/c1ccccc1C=Cc1cccc2c(Cl)cccc12,Cc1ccccc1/N=N\c1ccccc1C=Cc1cccc2c(Cl)cccc12,True,True,True,ok,382.8940000000002,2.4556407529178212,0.24984214778914404,4.0,411.0674370206942,61.47830791204376,6.620179217045323,0.8625043555536271,57.486117276481934,0.1291574565567282,unified_conditional_rl,398.1689189015395,59.77843619986306,10.28587459799314,0.6573862929949943,True,True,True,0.2224659544007924,PASS_AZO_PROXY,,,,,343,MC-AZO-0343
344,C1OC(C)=C1/N=NC2=CC=CC=C2C=CC3=CC=CC=C3C,azo,CC1=C(N=Nc2ccccc2C=Cc2ccccc2C)CO1,CC1=C(/N=N/c2ccccc2C=Cc2ccccc2C)CO1,CC1=C(/N=N\c2ccccc2C=Cc2ccccc2C)CO1,True,True,True,ok,290.3660000000001,2.9640118187252167,0.5395915395322106,4.0,402.2038889087268,61.47830791204376,9.62859172247479,0.8625043555536271,50.46363631614685,0.14392149947263605,unified_conditional_rl,395.3135909007021,59.77843619986306,15.328889644349436,0.6573862929949943,True,True,True,0.22246370769945634,PASS_AZO_PROXY,,,,,344,MC-AZO-0344
345,CNC1=NC=CC=C1/N=N/C2=CC=CC=C2C3=CC=CC=C3,azo,CNc1ncccc1/N=N/c1ccccc1-c1ccccc1,CNc1ncccc1/N=N/c1ccccc1-c1ccccc1,CNc1ncccc1/N=N\c1ccccc1-c1ccccc1,True,True,True,ok,288.354,2.308844303932318,0.6701738138694924,4.0,395.7640453601229,61.47830791204376,13.04658520628144,0.8625043555536271,77.27455896236427,0.1542221377526428,unified_conditional_rl,390.05509622770614,59.77843619986306,21.315571408488445,0.6573862929949943,True,True,True,0.22245732325320006,PASS_AZO_PROXY,,,,,345,MC-AZO-0345
346,CC=NC=NC1=CC=CC=C1/N=NC2=CC=CC=C2C3=CC=CC=C3,azo,CC=NC=Nc1ccccc1N=Nc1ccccc1-c1ccccc1,CC=NC=Nc1ccccc1/N=N/c1ccccc1-c1ccccc1,CC=NC=Nc1ccccc1/N=N\c1ccccc1-c1ccccc1,True,True,True,ok,326.403,2.8804113193367265,0.2910277716904965,5.0,402.61713105018856,61.47830791204376,10.906083403433609,0.8625043555536271,68.12102783341965,0.14362701785159093,unified_conditional_rl,390.82419190172317,59.77843619986306,20.58779682650443,0.6573862929949943,True,True,True,0.22232834845026792,PASS_AZO_PROXY,,,,,346,MC-AZO-0346
347,C1C=NC(N)=C1/N=C/C2=CC=CC=C2/N=NC3=CC=CC=C3C,azo,Cc1ccccc1N=Nc1ccccc1/C=N/C1=C(N)N=CC1,Cc1ccccc1/N=N/c1ccccc1/C=N/C1=C(N)N=CC1,Cc1ccccc1/N=N\c1ccccc1/C=N/C1=C(N)N=CC1,True,True,True,ok,303.3690000000001,3.2897289807809518,0.6579657528553848,4.0,399.11496501005496,61.47830791204376,10.133438049473082,0.8625043555536271,62.910553137572435,0.14720693538767665,unified_conditional_rl,393.63214353920995,59.77843619986306,16.156545459474973,0.6573862929949943,True,True,True,0.22226686343010932,PASS_AZO_PROXY,,,,,347,MC-AZO-0347
348,CN(C)CC1=CC=CC=C1/N=NC2=CC=CC=C2/N=NC3=CC=CC=C3C,azo,Cc1ccccc1N=Nc1ccccc1N=Nc1ccccc1CN(C)C,Cc1ccccc1/N=N/c1ccccc1N=Nc1ccccc1CN(C)C,Cc1ccccc1/N=N\c1ccccc1N=Nc1ccccc1CN(C)C,True,True,True,ok,357.4610000000002,2.6541099855066594,0.4431801915547722,6.0,413.97317170860515,61.47830791204376,7.538972016638748,0.8625043555536271,65.4346729456118,0.12570905275423058,unified_conditional_rl,398.04631676359344,59.77843619986306,11.53063659538397,0.6573862929949943,True,True,True,0.22219680723092353,PASS_AZO_PROXY,,,,,348,MC-AZO-0348
349,CC1=CC=CC=C1/N=NC(=C)C=CC=C,azo,C=CC=CC(=C)N=Nc1ccccc1C,C=CC=CC(=C)/N=N/c1ccccc1C,C=CC=CC(=C)/N=N\c1ccccc1C,True,True,True,ok,198.26900000000003,3.2617364155072135,0.5077268533607808,4.0,400.0142576448787,61.47830791204376,6.4696552838275885,0.8625043555536271,48.001502241990465,0.14376874380279767,unified_conditional_rl,396.2108093179777,59.77843619986306,12.254610471374626,0.6573862929949943,True,True,True,0.22200784286272987,PASS_AZO_PROXY,,,,,349,MC-AZO-0349
350,CC=NC=NC1=CC=CC=C1/N=NC2=CC=CC=C2C,azo,CC=NC=Nc1ccccc1N=Nc1ccccc1C,CC=NC=Nc1ccccc1/N=N/c1ccccc1C,CC=NC=Nc1ccccc1/N=N\c1ccccc1C,True,True,True,ok,264.332,3.103787413428573,0.41579732944353287,4.0,406.20399606916044,61.47830791204376,7.538972016638748,0.8625043555536271,48.87707369380723,0.13618443259442065,unified_conditional_rl,397.5086699381829,59.77843619986306,10.893205400182811,0.6573862929949943,True,True,True,0.22198743652721872,PASS_AZO_PROXY,,,,,350,MC-AZO-0350
351,COCCC1=CC=CC=C1/N=N/C2=CC=CC=C2C,azo,COCCc1ccccc1/N=N/c1ccccc1C,COCCc1ccccc1/N=N/c1ccccc1C,COCCc1ccccc1/N=N\c1ccccc1C,True,True,True,ok,254.333,2.238022929538504,0.7178260837416236,5.0,397.0075390051579,61.47830791204376,8.547641972828973,0.8625043555536271,54.71312112849421,0.15245873881698843,unified_conditional_rl,397.50823860686927,59.77843619986306,12.636114843653578,0.6573862929949943,True,True,True,0.22191478682057827,PASS_AZO_PROXY,,,,,351,MC-AZO-0351
352,NN=NC=CC(C)=C/N=NC1=CC=CC=C1C2=CC=CC=C2,azo,CC(C=CN=NN)=CN=Nc1ccccc1-c1ccccc1,CC(C=C/N=N/N)=CN=Nc1ccccc1-c1ccccc1,CC(C=C/N=N\N)=CN=Nc1ccccc1-c1ccccc1,True,True,True,ok,291.35800000000006,3.338688741802141,0.350159491129202,5.0,402.5928595016118,61.47830791204376,10.357093990906165,0.8625043555536271,73.0799281664348,0.1413526388623524,unified_conditional_rl,391.48802063039216,59.77843619986306,18.50064693416093,0.6573862929949943,True,True,True,0.22185757027242503,PASS_AZO_PROXY,,,,,352,MC-AZO-0352
353,CN(C)C(C)=NCCN=NC1=CC=CC=C1/N=NC2=CC=CC=C2/N=NC3=CC=CC=C3C,azo,CC(=NCCN=Nc1ccccc1N=Nc1ccccc1N=Nc1ccccc1C)N(C)C,CC(=NCC/N=N/c1ccccc1N=Nc1ccccc1N=Nc1ccccc1C)N(C)C,CC(=NCC/N=N\c1ccccc1N=Nc1ccccc1N=Nc1ccccc1C)N(C)C,True,True,True,ok,440.55500000000023,3.3273702761673505,0.15145560261090285,8.0,402.3372496080405,61.47830791204376,6.0677476995988435,0.8625043555536271,65.85471213000665,0.139719750654319,unified_conditional_rl,397.05856633238346,59.77843619986306,9.903330450056878,0.6573862929949943,True,True,True,0.22182664060868243,PASS_AZO_PROXY,,,,,353,MC-AZO-0353
354,CC=NN=NC1=CC=CC=C1/N=NC2=CC=CC=C2O,azo,CC=NN=Nc1ccccc1N=Nc1ccccc1O,CC=N/N=N/c1ccccc1N=Nc1ccccc1O,CC=N/N=N\c1ccccc1N=Nc1ccccc1O,True,True,True,ok,267.292,3.182820304675257,0.4768239336254834,4.0,399.0691305077974,61.47830791204376,8.19595424209694,0.8625043555536271,54.07585952757984,0.1475607495436349,unified_conditional_rl,394.11321514076735,59.77843619986306,16.26559382240501,0.6573862929949943,True,True,True,0.22174370412823907,PASS_AZO_PROXY,,,,,354,MC-AZO-0354
355,CN(C)CC=CC1=CC=CC=C1/N=N[NH1]C(C)=CC,azo,CC=C(C)NN=Nc1ccccc1C=CCN(C)C,CC=C(C)N/N=N/c1ccccc1C=CCN(C)C,CC=C(C)N/N=N\c1ccccc1C=CCN(C)C,True,True,True,ok,258.36899999999997,3.3564402352516574,0.6228996138871703,6.0,401.30327453271684,61.47830791204376,7.647171870992245,0.8625043555536271,68.30544435015508,0.14272990997325555,unified_conditional_rl,393.15037522926383,59.77843619986306,16.6815402915442,0.6573862929949943,True,True,True,0.22167132950807394,PASS_AZO_PROXY,,,,,355,MC-AZO-0355
356,CN=NC1=NC=CC=C1/N=NC=CC2=CC=CC=C2C=CC3=CC=CC=C3,azo,CN=Nc1ncccc1N=NC=Cc1ccccc1C=Cc1ccccc1,C/N=N/c1ncccc1N=NC=Cc1ccccc1C=Cc1ccccc1,C/N=N\c1ncccc1N=NC=Cc1ccccc1C=Cc1ccccc1,True,True,True,ok,353.42900000000003,3.1425334618380214,0.35817355000083934,6.0,407.0747302490799,61.47830791204376,11.037332718162927,0.8625043555536271,55.171986442546086,0.13536704804250488,unified_conditional_rl,392.69555453142266,59.77843619986306,18.13310417490895,0.6573862929949943,True,True,True,0.22162384868500756,PASS_AZO_PROXY,,,,,356,MC-AZO-0356
357,CNC=C1N=CC=C=C1/N=NC2=CC=CC=C2C=NC3=CC=CC=C3,azo,CNC=C1N=CC=C=C1N=Nc1ccccc1C=Nc1ccccc1,CNC=C1N=CC=C=C1/N=N/c1ccccc1C=Nc1ccccc1,CNC=C1N=CC=C=C1/N=N\c1ccccc1C=Nc1ccccc1,True,True,True,ok,327.391,3.7789518598772656,0.48255114436304525,5.0,394.1671643002142,61.47830791204376,9.976786029843666,0.8625043555536271,57.7199360353647,0.15145153161725936,unified_conditional_rl,386.09774661616893,59.77843619986306,21.65746919141292,0.6573862929949943,True,True,True,0.2216038682535451,PASS_AZO_PROXY,,,,,357,MC-AZO-0357
358,CC=NN=NC(C)=C/N=N/C1=CC=CC=C1C=CC2=CC=CC=C2C,azo,CC=NN=NC(C)=C/N=N/c1ccccc1C=Cc1ccccc1C,CC=N/N=N/C(C)=C/N=N/c1ccccc1C=Cc1ccccc1C,CC=N\N=N/C(C)=C\N=N\c1ccccc1C=Cc1ccccc1C,True,True,True,ok,331.42300000000006,3.583635851561258,0.24866781782318154,6.0,398.3432044260658,61.47830791204376,5.943529370940246,0.8625043555536271,46.40365818411345,0.14318126168432793,unified_conditional_rl,395.4550450034906,59.77843619986306,9.485485853177524,0.6573862929949943,True,True,True,0.22160254393708395,PASS_AZO_PROXY,,,,,358,MC-AZO-0358
359,CNC1=NC=CN=C1/N=NC2=CC=CC=C2C3=CC=CC=C3/N=N/C4=CC=CC=C4C,azo,CNc1nccnc1N=Nc1ccccc1-c1ccccc1/N=N/c1ccccc1C,CNc1nccnc1/N=N/c1ccccc1-c1ccccc1/N=N/c1ccccc1C,CNc1nccnc1/N=N\c1ccccc1-c1ccccc1/N=N/c1ccccc1C,True,True,True,ok,407.4810000000001,2.9259562817934377,0.33949584946346,6.0,403.89431659526264,61.47830791204376,8.932721358629161,0.8625043555536271,52.248231501884334,0.14125233335436624,unified_conditional_rl,398.14400800134945,59.77843619986306,11.341220091484734,0.6573862929949943,True,True,True,0.22159945352192953,PASS_AZO_PROXY,,,,,359,MC-AZO-0359
360,CC(=C)C1=NC=CC=C1/N=N[NH1]CC=CC=CC2=CC=CC=C2C=CC3=CC=CC=C3,azo,C=C(C)c1ncccc1N=NNCC=CC=Cc1ccccc1C=Cc1ccccc1,C=C(C)c1ncccc1/N=N/NCC=CC=Cc1ccccc1C=Cc1ccccc1,C=C(C)c1ncccc1/N=N\NCC=CC=Cc1ccccc1C=Cc1ccccc1,True,True,True,ok,406.5330000000001,3.248250618226235,0.13489361918622475,9.0,397.74888283796736,61.47830791204376,10.54298513679542,0.8625043555536271,68.66838877933736,0.14975649133646665,unified_conditional_rl,392.4176332998274,59.77843619986306,18.084927754272698,0.6573862929949943,True,True,True,0.22157891896930684,PASS_AZO_PROXY,,,,,360,MC-AZO-0360
361,CN=NC=NC(C)=C/N=NC1=CC=CC=C1C,azo,CN=NC=NC(C)=CN=Nc1ccccc1C,C/N=N/C=NC(C)=CN=Nc1ccccc1C,C/N=N\C=NC(C)=CN=Nc1ccccc1C,True,True,True,ok,229.287,3.945179081840556,0.4245497063709249,4.0,404.7624169644348,61.47830791204376,5.953080435403696,0.8625043555536271,48.813595401284886,0.13114192552420995,unified_conditional_rl,393.93796129931815,59.77843619986306,9.4844074790073,0.6573862929949943,True,True,True,0.2215562687334589,PASS_AZO_PROXY,,,,,361,MC-AZO-0361
362,CC=NC=C=NC(=C)C=C/N=NC1=CC=CC=C1C,azo,C=C(C=CN=Nc1ccccc1C)N=C=CN=CC,C=C(C=C/N=N/c1ccccc1C)N=C=CN=CC,C=C(C=C/N=N\c1ccccc1C)N=C=CN=CC,True,True,True,ok,252.321,4.2509002255757995,0.4239921310034104,5.0,409.2201677246321,61.47830791204376,7.615904593765319,0.8625043555536271,52.5324376628447,0.12449028105869142,unified_conditional_rl,392.54212462997134,59.77843619986306,10.822175479698679,0.6573862929949943,True,True,True,0.2215419553743433,PASS_AZO_PROXY,,,,,362,MC-AZO-0362
363,CC=NN=NC=CC=C/N=NC=CC1=CC=CC=C1Br,azo,CC=NN=NC=CC=CN=NC=Cc1ccccc1Br,CC=N/N=N/C=CC=CN=NC=Cc1ccccc1Br,CC=N/N=N\C=CC=CN=NC=Cc1ccccc1Br,True,True,True,ok,332.205,4.3843131428715445,0.2914360301345365,6.0,394.716974896553,61.47830791204376,8.8932137652091,0.8625043555536271,46.64979950154867,0.14536064525906509,unified_conditional_rl,390.7512342910456,59.77843619986306,12.926880478450686,0.6573862929949943,True,True,True,0.22139478207839772,PASS_AZO_PROXY,,,,,363,MC-AZO-0363
364,N(C)C(C)C1=CC=CC=C1/N=NC2=CC=CC=C2C,azo,CNC(C)c1ccccc1N=Nc1ccccc1C,CNC(C)c1ccccc1/N=N/c1ccccc1C,CNC(C)c1ccccc1/N=N\c1ccccc1C,True,True,True,ok,253.349,2.7891930400849017,0.7882891052277088,4.0,403.9078061361287,61.47830791204376,7.200813211172285,0.8625043555536271,48.63997493938268,0.14023709364725137,unified_conditional_rl,398.299906348793,59.77843619986306,10.678112394304708,0.6573862929949943,True,True,True,0.22130624675357438,PASS_AZO_PROXY,,,,,364,MC-AZO-0364
365,CN(C)C1=CC=CC=C1/N=NC2=CC=NC=C2C3=CC=CC=C3C,azo,Cc1ccccc1-c1cnccc1N=Nc1ccccc1N(C)C,Cc1ccccc1-c1cnccc1/N=N/c1ccccc1N(C)C,Cc1ccccc1-c1cnccc1/N=N\c1ccccc1N(C)C,True,True,True,ok,316.4080000000001,2.488401365862927,0.59299771918803,4.0,400.8126184024665,61.47830791204376,16.154426928212697,0.8625043555536271,62.02357968296724,0.14420508911639682,unified_conditional_rl,392.6920987724554,59.77843619986306,19.113097892999082,0.6573862929949943,True,True,True,0.22127215302845876,PASS_AZO_PROXY,,,,,365,MC-AZO-0365
366,CC=NC1=NC=CC=C1/N=NN(C)CCCC=CC2=CC=CC=C2,azo,CC=Nc1ncccc1N=NN(C)CCCC=Cc1ccccc1,CC=Nc1ncccc1/N=N/N(C)CCCC=Cc1ccccc1,CC=Nc1ncccc1/N=N\N(C)CCCC=Cc1ccccc1,True,True,True,ok,321.428,3.2014580787152926,0.28925015433811163,8.0,408.57052419054554,61.47830791204376,12.625778968242532,0.8625043555536271,74.34474798626735,0.13251862436115633,unified_conditional_rl,390.6831043557977,59.77843619986306,20.266774997805026,0.6573862929949943,True,True,True,0.22121634186446207,PASS_AZO_PROXY,,,,,366,MC-AZO-0366
367,CN=CC=CC1=CC=CC=C1/N=NC2=CC=CC=C2,azo,CN=CC=Cc1ccccc1N=Nc1ccccc1,CN=CC=Cc1ccccc1/N=N/c1ccccc1,CN=CC=Cc1ccccc1/N=N\c1ccccc1,True,True,True,ok,249.317,2.8050423501179242,0.5502399645761958,4.0,399.3655779650143,61.47830791204376,11.31205272694885,0.8625043555536271,51.932774534516625,0.14842837671935244,unified_conditional_rl,388.9521569934768,59.77843619986306,22.694930263892793,0.6573862929949943,True,True,True,0.22107209519058105,PASS_AZO_PROXY,,,,,367,MC-AZO-0367
368,CC1=CC=CC=C1/N=N/C2=CC=CC=C2C3=CC=CC=C3/N=NC4=CC=CC=C4C=CC5=CC=CC=C5Br,azo,Cc1ccccc1/N=N/c1ccccc1-c1ccccc1N=Nc1ccccc1C=Cc1ccccc1Br,Cc1ccccc1/N=N/c1ccccc1-c1ccccc1N=Nc1ccccc1C=Cc1ccccc1Br,Cc1ccccc1/N=N\c1ccccc1-c1ccccc1N=Nc1ccccc1C=Cc1ccccc1Br,True,True,True,ok,557.4950000000002,2.786814657102493,0.14118747018491068,7.0,400.57194030568525,61.47830791204376,6.711855741644052,0.8625043555536271,41.60422570303979,0.1441975193409035,unified_conditional_rl,397.6226939826847,59.77843619986306,8.35660039186006,0.6573862929949943,True,True,True,0.2209907986118268,PASS_AZO_PROXY,,,,,368,MC-AZO-0368
369,CC1=NC=C(C)C1/N=NC2=CC=CC=C2C3=CC=CC=C3C,azo,CC1=CN=C(C)C1N=Nc1ccccc1-c1ccccc1C,CC1=CN=C(C)C1/N=N/c1ccccc1-c1ccccc1C,CC1=CN=C(C)C1/N=N\c1ccccc1-c1ccccc1C,True,True,True,ok,289.38200000000006,3.305685768765456,0.6697125192314227,3.0,410.3390268702248,61.47830791204376,8.2402600636407,0.8625043555536271,50.63268505119288,0.1290246947707233,unified_conditional_rl,397.0159892296172,59.77843619986306,11.130724340256268,0.6573862929949943,True,True,True,0.22097492207642472,PASS_AZO_PROXY,,,,,369,MC-AZO-0369
370,CC1=CC=CC=C1C=CC2=CC=CC=C2/N=N/N=NC3=CC=NC=C3C,azo,Cc1ccccc1C=Cc1ccccc1/N=N/N=Nc1ccncc1C,Cc1ccccc1C=Cc1ccccc1/N=N/N=Nc1ccncc1C,Cc1ccccc1C=Cc1ccccc1/N=N\N=Nc1ccncc1C,True,True,True,ok,341.4180000000001,3.0690928497875483,0.2908763895341053,5.0,403.3355531735235,61.47830791204376,15.543906191272297,0.8625043555536271,41.6194083780494,0.13869006832012515,unified_conditional_rl,391.25524202469046,59.77843619986306,19.429745764322362,0.6573862929949943,True,True,True,0.22093458760136458,PASS_AZO_PROXY,,,,,370,MC-AZO-0370
371,CN=CC(O)=CC1=CC=CC=C1/N=NC2=CC=CC=C2C=CC3=CC=CC=C3,azo,CN=CC(O)=Cc1ccccc1N=Nc1ccccc1C=Cc1ccccc1,CN=CC(O)=Cc1ccccc1/N=N/c1ccccc1C=Cc1ccccc1,CN=CC(O)=Cc1ccccc1/N=N\c1ccccc1C=Cc1ccccc1,True,True,True,ok,367.45200000000006,3.044480527777109,0.21962302184790813,6.0,400.72226629032826,61.47830791204376,8.024531138194924,0.8625043555536271,49.68574440915506,0.14557961281963852,unified_conditional_rl,397.9410640276681,59.77843619986306,11.80047673057498,0.6573862929949943,True,True,True,0.22093285354322645,PASS_AZO_PROXY,,,,,371,MC-AZO-0371
372,CC=NC1=CC=CC=C1/N=NC2=CC=CC=C2C3=CC=CC=C3/N=NC4=CC=CC=C4C,azo,CC=Nc1ccccc1N=Nc1ccccc1-c1ccccc1N=Nc1ccccc1C,CC=Nc1ccccc1/N=N/c1ccccc1-c1ccccc1N=Nc1ccccc1C,CC=Nc1ccccc1/N=N\c1ccccc1-c1ccccc1N=Nc1ccccc1C,True,True,True,ok,417.51600000000013,2.8129200417737223,0.221626654460108,6.0,401.93923717626586,61.47830791204376,7.538972016638748,0.8625043555536271,46.93078362422773,0.14344869105659983,unified_conditional_rl,398.3124379096974,59.77843619986306,10.893205400182811,0.6573862929949943,True,True,True,0.220915122207042,PASS_AZO_PROXY,,,,,372,MC-AZO-0372
373,CC1=NC=CC=C1/N=NC=CC2=CC=CC=C2C=CC3=CC=CC=C3C4=CC=CC=C4C,azo,Cc1ccccc1-c1ccccc1C=Cc1ccccc1C=CN=Nc1cccnc1C,Cc1ccccc1-c1ccccc1C=Cc1ccccc1C=C/N=N/c1cccnc1C,Cc1ccccc1-c1ccccc1C=Cc1ccccc1C=C/N=N\c1cccnc1C,True,True,True,ok,415.54000000000013,2.84167843634029,0.23044660001354889,6.0,409.6157089719433,61.47830791204376,7.966307269888696,0.8625043555536271,51.38824566494884,0.1320402133412506,unified_conditional_rl,398.5998324712573,59.77843619986306,10.61125974909718,0.6573862929949943,True,True,True,0.22090106314310556,PASS_AZO_PROXY,,,,,373,MC-AZO-0373
374,CC=NN=NC1=CC=CC=C1/N=N/C2=CC=CC=C2,azo,CC=NN=Nc1ccccc1/N=N/c1ccccc1,CC=N/N=N/c1ccccc1/N=N/c1ccccc1,CC=N/N=N\c1ccccc1/N=N/c1ccccc1,True,True,True,ok,251.293,2.995018998469572,0.40749942874735723,4.0,399.1848734128965,61.47830791204376,11.31205272694885,0.8625043555536271,47.877751615397244,0.14842907695217275,unified_conditional_rl,388.8826448850027,59.77843619986306,22.694930263892793,0.6573862929949943,True,True,True,0.22079098857473578,PASS_AZO_PROXY,,,,,374,MC-AZO-0374
375,CC1=CC=CC=C1/N=N/C=CC2=NC=CC=C2,azo,Cc1ccccc1/N=N/C=Cc1ccccn1,Cc1ccccc1/N=N/C=Cc1ccccn1,Cc1ccccc1/N=N\C=Cc1ccccn1,True,True,True,ok,223.27900000000005,2.707694889532865,0.7201990149699876,3.0,406.97058790096986,61.47830791204376,10.59206747721035,0.8625043555536271,50.79396269872859,0.13636382703266028,unified_conditional_rl,397.53558796325495,59.77843619986306,13.184960127264311,0.6573862929949943,True,True,True,0.22078941517098108,PASS_AZO_PROXY,,,,,375,MC-AZO-0375
376,CN=NC=NC1=CC=CC=C1/N=NC2=CC=CC=C2C,azo,CN=NC=Nc1ccccc1N=Nc1ccccc1C,C/N=N/C=Nc1ccccc1N=Nc1ccccc1C,C/N=N\C=Nc1ccccc1N=Nc1ccccc1C,True,True,True,ok,265.32,3.1721802516248605,0.4165953554769946,4.0,410.06552925194086,61.47830791204376,7.538972016638748,0.8625043555536271,58.09421392612103,0.13026325841482223,unified_conditional_rl,397.9967747065852,59.77843619986306,10.893205400182811,0.6573862929949943,True,True,True,0.22071610132413524,PASS_AZO_PROXY,,,,,376,MC-AZO-0376
377,N=NC=NC(C)=C/N=NC1=CC=CC=C1C,azo,CC(=CN=Nc1ccccc1C)N=CN=N,CC(=C/N=N/c1ccccc1C)N=CN=N,CC(=C/N=N\c1ccccc1C)N=CN=N,True,True,True,ok,215.26000000000002,3.9187392445791014,0.4476027413258355,4.0,401.2737203224508,61.47830791204376,5.953080435403696,0.8625043555536271,48.56348429017385,0.13653013886264662,unified_conditional_rl,394.40946355189436,59.77843619986306,9.4844074790073,0.6573862929949943,True,True,True,0.22070007265345976,PASS_AZO_PROXY,,,,,377,MC-AZO-0377
378,CC(C)=CC1=CC=CC=C1/N=NC=CC2=CC=CC=C2,azo,CC(C)=Cc1ccccc1N=NC=Cc1ccccc1,CC(C)=Cc1ccccc1/N=N/C=Cc1ccccc1,CC(C)=Cc1ccccc1/N=N\C=Cc1ccccc1,True,True,True,ok,262.356,2.7683882091845415,0.6159897639555235,4.0,399.9696108217034,61.47830791204376,10.357093990906165,0.8625043555536271,45.76742615657912,0.1470902007894909,unified_conditional_rl,393.0088076993159,59.77843619986306,18.50064693416093,0.6573862929949943,True,True,True,0.22065764485821554,PASS_AZO_PROXY,,,,,378,MC-AZO-0378
379,C1=CC=NC=C1/N=N/C2=CC=CC=C2C=CC3=CC=CC=C3C,azo,Cc1ccccc1C=Cc1ccccc1/N=N/c1cccnc1,Cc1ccccc1C=Cc1ccccc1/N=N/c1cccnc1,Cc1ccccc1C=Cc1ccccc1/N=N\c1cccnc1,True,True,True,ok,299.377,2.4900881892634263,0.431316039228487,4.0,403.450688986139,61.47830791204376,13.619431813440922,0.8625043555536271,42.24976451087741,0.1400718705931798,unified_conditional_rl,390.08977516623327,59.77843619986306,21.143953045778648,0.6573862929949943,True,True,True,0.2205894231038106,PASS_AZO_PROXY,,,,,379,MC-AZO-0379
380,CC1=NC=CC=C1/N=NC=CC2=CC=CC=C2,azo,Cc1ncccc1N=NC=Cc1ccccc1,Cc1ncccc1/N=N/C=Cc1ccccc1,Cc1ncccc1/N=N\C=Cc1ccccc1,True,True,True,ok,223.27900000000002,2.6869727356867106,0.7201990149699876,3.0,404.3441767172042,61.47830791204376,8.96729359852699,0.8625043555536271,50.52193050606775,0.1404467567530491,unified_conditional_rl,398.376371546112,59.77843619986306,11.737594143687987,0.6573862929949943,True,True,True,0.22051754597574255,PASS_AZO_PROXY,,,,,380,MC-AZO-0380
381,N1NC(C)=C1/N=N/C2=CC=CC=C2C,azo,Cc1ccccc1/N=N/c1[nH][nH]c1C,Cc1ccccc1/N=N/c1[nH][nH]c1C,Cc1ccccc1/N=N\c1[nH][nH]c1C,True,True,True,ok,188.23400000000004,3.095384047230599,0.6787300396071967,2.0,388.40554635301766,61.47830791204376,4.2002253382869705,0.8625043555536271,44.87751302154436,0.1570104872520871,unified_conditional_rl,388.33002806505783,59.77843619986306,4.231168010915427,0.6573862929949943,True,True,True,0.22050164034231076,PASS_AZO_PROXY,,,,,381,MC-AZO-0381
382,CC=NC=NC(N)=C/N=N/C=CC1=CC=CC=C1C2=CC=NC=C2C,azo,CC=NC=NC(N)=C/N=N/C=Cc1ccccc1-c1ccncc1C,CC=NC=NC(N)=C/N=N/C=Cc1ccccc1-c1ccncc1C,CC=NC=NC(N)=C/N=N\C=Cc1ccccc1-c1ccncc1C,True,True,True,ok,332.41100000000006,3.8948185438689498,0.48377044807915714,6.0,391.41974387521776,61.47830791204376,16.4969991519007,0.8625043555536271,55.82899566024429,0.15219488443515583,unified_conditional_rl,388.4975243232707,59.77843619986306,19.264703804301895,0.6573862929949943,True,True,True,0.22045534232152228,PASS_AZO_PROXY,,,,,382,MC-AZO-0382
383,CN=NC=NC1=NC=CC=C1/N=NC2=CC=CC=C2C,azo,CN=NC=Nc1ncccc1N=Nc1ccccc1C,C/N=N/C=Nc1ncccc1N=Nc1ccccc1C,C/N=N\C=Nc1ncccc1N=Nc1ccccc1C,True,True,True,ok,266.30800000000005,3.4062351587866635,0.45417235628346264,4.0,408.5254911017705,61.47830791204376,9.352212643240206,0.8625043555536271,65.43736691210245,0.131692889081174,unified_conditional_rl,396.9023874561996,59.77843619986306,11.569670310935848,0.6573862929949943,True,True,True,0.2204387156190071,PASS_AZO_PROXY,,,,,383,MC-AZO-0383
384,CC=NC1=CC=CC=C1/N=N/C2=CC=CC=C2C3=CC=CC=C3,azo,CC=Nc1ccccc1/N=N/c1ccccc1-c1ccccc1,CC=Nc1ccccc1/N=N/c1ccccc1-c1ccccc1,CC=Nc1ccccc1/N=N\c1ccccc1-c1ccccc1,True,True,True,ok,299.377,2.46842913948967,0.3897507877312896,4.0,395.99031229737585,61.47830791204376,10.906083403433609,0.8625043555536271,66.82602708562945,0.15447292925572667,unified_conditional_rl,391.6808893107741,59.77843619986306,20.58779682650443,0.6573862929949943,True,True,True,0.22032838168711014,PASS_AZO_PROXY,,,,,384,MC-AZO-0384
385,CC=NC1=CC=CC=C1/N=NC2=CC=CC=C2C3=CC=CC=C3,azo,CC=Nc1ccccc1N=Nc1ccccc1-c1ccccc1,CC=Nc1ccccc1/N=N/c1ccccc1-c1ccccc1,CC=Nc1ccccc1/N=N\c1ccccc1-c1ccccc1,True,True,True,ok,299.377,2.46842913948967,0.3897507877312896,4.0,395.99031229737585,61.47830791204376,10.906083403433609,0.8625043555536271,66.82602708562945,0.15447292925572667,unified_conditional_rl,391.6808893107741,59.77843619986306,20.58779682650443,0.6573862929949943,True,True,True,0.22032838168711014,PASS_AZO_PROXY,,,,,385,MC-AZO-0385
386,CC=NC=C1N=NC(C)=C1/N=N/C=CC2=CC=CC=C2C,azo,CC=NC=C1N=NC(C)=C1/N=N/C=Cc1ccccc1C,CC=NC=C1N=NC(C)=C1/N=N/C=Cc1ccccc1C,CC=NC=C1N=NC(C)=C1/N=N\C=Cc1ccccc1C,True,True,True,ok,279.3470000000001,3.9500766973552457,0.5468150700228476,4.0,404.6597748917155,61.47830791204376,10.337293543455171,0.8625043555536271,47.403184627536575,0.13326860937049773,unified_conditional_rl,392.37329541556346,59.77843619986306,14.357517070775483,0.6573862929949943,True,True,True,0.22030271748392896,PASS_AZO_PROXY,,,,,386,MC-AZO-0386
387,CC(N)=NC(C)=C/N=N/C1=CC=CC=C1/N=N/C2=CC=CC=C2,azo,CC(=C/N=N/c1ccccc1/N=N/c1ccccc1)N=C(C)N,CC(=C/N=N/c1ccccc1/N=N/c1ccccc1)N=C(C)N,CC(=C/N=N\c1ccccc1/N=N/c1ccccc1)N=C(C)N,True,True,True,ok,306.3730000000001,3.2497943184283793,0.4456237096071449,5.0,401.08471035543,61.47830791204376,9.277844322964462,0.8625043555536271,56.60084559987166,0.14417502562455117,unified_conditional_rl,392.25678692538,59.77843619986306,18.690944229813713,0.6573862929949943,True,True,True,0.22029670871842946,PASS_AZO_PROXY,,,,,387,MC-AZO-0387
388,CN(C)C1=CC=CC=C1/N=N/C=NC2=CC=CC=C2,azo,CN(C)c1ccccc1/N=N/C=Nc1ccccc1,CN(C)c1ccccc1/N=N/C=Nc1ccccc1,CN(C)c1ccccc1/N=N\C=Nc1ccccc1,True,True,True,ok,252.321,2.777013419048993,0.456503767033865,4.0,399.5022460150241,61.47830791204376,10.614436426589567,0.8625043555536271,73.55463875035787,0.1487571655729036,unified_conditional_rl,389.67780963670504,59.77843619986306,22.604374762284262,0.6573862929949943,True,True,True,0.22026825622147883,PASS_AZO_PROXY,,,,,388,MC-AZO-0388
389,CC1=CC=CC=C1/N=NC2=CC=NC=C2C=CC3=CC=CC=C3,azo,Cc1ccccc1N=Nc1ccncc1C=Cc1ccccc1,Cc1ccccc1/N=N/c1ccncc1C=Cc1ccccc1,Cc1ccccc1/N=N\c1ccncc1C=Cc1ccccc1,True,True,True,ok,299.37700000000007,2.441064659851662,0.5462273566656721,4.0,395.3764475100617,61.47830791204376,17.638316386801904,0.8625043555536271,39.98539752457725,0.15013146026221186,unified_conditional_rl,390.0158431836664,59.77843619986306,21.08036811469138,0.6573862929949943,True,True,True,0.22021164281819267,PASS_AZO_PROXY,,,,,389,MC-AZO-0389
390,CC1=CC=CC=C1/N=N/C(C2)=CC=CC=C2C3=CC=CC=C3,azo,Cc1ccccc1/N=N/C1=CC=CC=C(c2ccccc2)C1,Cc1ccccc1/N=N/C1=CC=CC=C(c2ccccc2)C1,Cc1ccccc1/N=N\C1=CC=CC=C(c2ccccc2)C1,True,True,True,ok,286.3780000000001,2.7718469074826153,0.6175401797293288,3.0,406.98910859350457,61.47830791204376,10.599096210416839,0.8625043555536271,68.61085218172195,0.13676160258764955,unified_conditional_rl,395.3597866315484,59.77843619986306,16.783998342717165,0.6573862929949943,True,True,True,0.2201645705533607,PASS_AZO_PROXY,,,,,390,MC-AZO-0390
391,CC=CC1=NC=CC=C1/N=NC2=CC=CC=C2C3=CC=CC=C3C,azo,CC=Cc1ncccc1N=Nc1ccccc1-c1ccccc1C,CC=Cc1ncccc1/N=N/c1ccccc1-c1ccccc1C,CC=Cc1ncccc1/N=N\c1ccccc1-c1ccccc1C,True,True,True,ok,313.40400000000005,2.6010809358581497,0.5060482589753612,4.0,406.66042900056317,61.47830791204376,9.3372080440582,0.8625043555536271,49.07425181081493,0.13676295432508392,unified_conditional_rl,398.5242913218497,59.77843619986306,11.57098577883925,0.6573862929949943,True,True,True,0.22016137204134625,PASS_AZO_PROXY,,,,,391,MC-AZO-0391
392,COC=CC1=CC=CC=C1/N=NC2=NC=CC=C2/N=N/C3=CC=CC=C3C4=CC=CC=C4,azo,COC=Cc1ccccc1N=Nc1ncccc1/N=N/c1ccccc1-c1ccccc1,COC=Cc1ccccc1/N=N/c1ncccc1/N=N/c1ccccc1-c1ccccc1,COC=Cc1ccccc1/N=N\c1ncccc1/N=N/c1ccccc1-c1ccccc1,True,True,True,ok,419.4880000000001,2.999374050088244,0.22360963961051197,7.0,404.3899287564862,61.47830791204376,10.348549093528446,0.8625043555536271,70.47025968777734,0.14088425747122632,unified_conditional_rl,394.75990589292365,59.77843619986306,17.473796553855458,0.6573862929949943,True,True,True,0.22014848474929705,PASS_AZO_PROXY,,,,,392,MC-AZO-0392
393,CC(C)(N)C1=CC=CC=C1/N=N/C2=CC=CC=C2/N=NC3=CC=CC=C3N,azo,CC(C)(N)c1ccccc1/N=N/c1ccccc1N=Nc1ccccc1N,CC(C)(N)c1ccccc1/N=N/c1ccccc1N=Nc1ccccc1N,CC(C)(N)c1ccccc1/N=N\c1ccccc1N=Nc1ccccc1N,True,True,True,ok,358.44900000000007,2.84834793986,0.4130940735333851,5.0,400.8619452537105,61.47830791204376,7.734179169841615,0.8625043555536271,63.4993508600362,0.14601306540794745,unified_conditional_rl,399.24866137209284,59.77843619986306,9.286634564226912,0.6573862929949943,True,True,True,0.21999334303368243,PASS_AZO_PROXY,,,,,393,MC-AZO-0393
394,CNCC1=NC=CC=C1/N=NC2=CC=CC=C2C,azo,CNCc1ncccc1N=Nc1ccccc1C,CNCc1ncccc1/N=N/c1ccccc1C,CNCc1ncccc1/N=N\c1ccccc1C,True,True,True,ok,240.30999999999997,2.543274005873572,0.8310410172560965,4.0,398.74938170508284,61.47830791204376,8.932721358629161,0.8625043555536271,73.88075662237685,0.14997496742187835,unified_conditional_rl,398.8140836266348,59.77843619986306,11.952471183576877,0.6573862929949943,True,True,True,0.21998985015104183,PASS_AZO_PROXY,,,,,394,MC-AZO-0394
395,CC=NC=NC=CC(/N)=NC1=CC=CC=C1/N=N/C2=CC=CC=C2,azo,CC=NC=NC=CC(N)=Nc1ccccc1/N=N/c1ccccc1,CC=NC=NC=CC(N)=Nc1ccccc1/N=N/c1ccccc1,CC=NC=NC=CC(N)=Nc1ccccc1/N=N\c1ccccc1,True,True,True,ok,318.384,3.6074925842097985,0.4658064666034993,6.0,401.64290108452695,61.47830791204376,10.943486007961187,0.8625043555536271,56.10403014744486,0.1406481388049572,unified_conditional_rl,389.0271754679491,59.77843619986306,20.336404689740927,0.6573862929949943,True,True,True,0.219989211669847,PASS_AZO_PROXY,,,,,395,MC-AZO-0395
396,CN(C)C(C)(C)NC1=CC=CC=C1/N=NC2=CC=CC=C2C3=CC=CC=C3C,azo,Cc1ccccc1-c1ccccc1N=Nc1ccccc1NC(C)(C)N(C)C,Cc1ccccc1-c1ccccc1/N=N/c1ccccc1NC(C)(C)N(C)C,Cc1ccccc1-c1ccccc1/N=N\c1ccccc1NC(C)(C)N(C)C,True,True,True,ok,372.51600000000013,2.717225655665585,0.38220266753273957,6.0,409.84171914139506,61.47830791204376,6.513500964922144,0.8625043555536271,58.55458842987713,0.13090028529131958,unified_conditional_rl,399.238502951738,59.77843619986306,10.077005163365305,0.6573862929949943,True,True,True,0.21994921096873593,PASS_AZO_PROXY,,,,,396,MC-AZO-0396
397,CC(C)(O)NC1=CC=CC=C1/N=N/C2=CC=CC=C2[N+1],azo,CC(C)(O)Nc1ccccc1/N=N/c1ccccc1[N+],CC(C)(O)Nc1ccccc1/N=N/c1ccccc1[N+],CC(C)(O)Nc1ccccc1/N=N\c1ccccc1[N+],True,True,True,ok,268.32,3.3120287074793486,0.6501818016436561,4.0,393.4501801004367,61.47830791204376,7.396209695446508,0.8625043555536271,57.03622745231564,0.15542726001037438,unified_conditional_rl,395.3536644256451,59.77843619986306,15.045143526561729,0.6573862929949943,True,True,True,0.21990142224029932,PASS_AZO_PROXY,,,,,397,MC-AZO-0397
398,C1OC(C)=C1/N=NC2=NC=CC=C2C3=CC=CC=C3C=CC4=CC=CC=C4,azo,CC1=C(N=Nc2ncccc2-c2ccccc2C=Cc2ccccc2)CO1,CC1=C(/N=N/c2ncccc2-c2ccccc2C=Cc2ccccc2)CO1,CC1=C(/N=N\c2ncccc2-c2ccccc2C=Cc2ccccc2)CO1,True,True,True,ok,353.4250000000001,2.9344950002995596,0.40103684613475776,5.0,398.8081282374567,61.47830791204376,14.78366952801468,0.8625043555536271,63.16415347756066,0.14826181268424346,unified_conditional_rl,392.5962668310595,59.77843619986306,19.84168672026048,0.6573862929949943,True,True,True,0.21986105764752145,PASS_AZO_PROXY,,,,,398,MC-AZO-0398
399,CC1=NC=CC=C1/N=N/C2=CC=CC=C2C3=CC=NC=C3,azo,Cc1ncccc1/N=N/c1ccccc1-c1ccncc1,Cc1ncccc1/N=N/c1ccccc1-c1ccncc1,Cc1ncccc1/N=N\c1ccccc1-c1ccncc1,True,True,True,ok,274.327,2.4287922556679025,0.6397589329199505,3.0,398.0478271740837,61.47830791204376,8.96926638236356,0.8625043555536271,64.13520224822241,0.15106689414493352,unified_conditional_rl,398.1441917796412,59.77843619986306,13.37357443258639,0.6573862929949943,True,True,True,0.2196655950145243,PASS_AZO_PROXY,,,,,399,MC-AZO-0399
400,CC1=NC=CC=C1/N=NC2=CC=CC=C2C3=CC=NC=C3,azo,Cc1ncccc1N=Nc1ccccc1-c1ccncc1,Cc1ncccc1/N=N/c1ccccc1-c1ccncc1,Cc1ncccc1/N=N\c1ccccc1-c1ccncc1,True,True,True,ok,274.327,2.4287922556679025,0.6397589329199505,3.0,398.0478271740837,61.47830791204376,8.96926638236356,0.8625043555536271,64.13520224822241,0.15106689414493352,unified_conditional_rl,398.1441917796412,59.77843619986306,13.37357443258639,0.6573862929949943,True,True,True,0.2196655950145243,PASS_AZO_PROXY,,,,,400,MC-AZO-0400
401,CON=NC1=CC=CC=C1/N=NC2=CC=CC=C2O,azo,CON=Nc1ccccc1N=Nc1ccccc1O,CO/N=N/c1ccccc1N=Nc1ccccc1O,CO/N=N\c1ccccc1N=Nc1ccccc1O,True,True,True,ok,256.265,2.9411809714965447,0.6472376654099331,4.0,399.836847555747,61.47830791204376,8.863533982348146,0.8625043555536271,56.559347558606134,0.14795263811724435,unified_conditional_rl,396.06192166089863,59.77843619986306,16.06654375255039,0.6573862929949943,True,True,True,0.21965954148979036,PASS_AZO_PROXY,,,,,401,MC-AZO-0401
402,COC1=NC=CC=C1/N=N/C2=CC=CC=C2C,azo,COc1ncccc1/N=N/c1ccccc1C,COc1ncccc1/N=N/c1ccccc1C,COc1ncccc1/N=N\c1ccccc1C,True,True,True,ok,227.267,2.3978766289363183,0.7482219204721907,3.0,399.10554085343733,61.47830791204376,10.508173054459606,0.8625043555536271,57.09487976487168,0.14921254096451092,unified_conditional_rl,398.1152298774238,59.77843619986306,13.318525212241836,0.6573862929949943,True,True,True,0.21961150404391944,PASS_AZO_PROXY,,,,,402,MC-AZO-0402
403,COC1=NC=CC=C1/N=NC2=CC=CC=C2C,azo,COc1ncccc1N=Nc1ccccc1C,COc1ncccc1/N=N/c1ccccc1C,COc1ncccc1/N=N\c1ccccc1C,True,True,True,ok,227.267,2.3978766289363183,0.7482219204721907,3.0,399.10554085343733,61.47830791204376,10.508173054459606,0.8625043555536271,57.09487976487168,0.14921254096451092,unified_conditional_rl,398.1152298774238,59.77843619986306,13.318525212241836,0.6573862929949943,True,True,True,0.21961150404391944,PASS_AZO_PROXY,,,,,403,MC-AZO-0403
404,CC1=NC=CC=C1/N=NC2=CC=CC=C2/N=N/C3=CC=CC=C3C4=CC=CC=C4C,azo,Cc1ccccc1-c1ccccc1/N=N/c1ccccc1N=Nc1cccnc1C,Cc1ccccc1-c1ccccc1/N=N/c1ccccc1N=Nc1cccnc1C,Cc1ccccc1-c1ccccc1/N=N\c1ccccc1N=Nc1cccnc1C,True,True,True,ok,391.4780000000001,2.6860411656053245,0.31618073814127484,5.0,403.77809674857576,61.47830791204376,7.033810890054049,0.8625043555536271,52.72529235386452,0.14056107222974418,unified_conditional_rl,399.2596441385499,59.77843619986306,9.515492654374027,0.6573862929949943,True,True,True,0.21958250559900516,PASS_AZO_PROXY,,,,,404,MC-AZO-0404
405,CC1=CC=CC=C1/N=NC=CC=CC,azo,CC=CC=CN=Nc1ccccc1C,CC=CC=C/N=N/c1ccccc1C,CC=CC=C/N=N\c1ccccc1C,True,True,True,ok,186.258,3.1441744318459843,0.49970293378891933,3.0,414.10974659465654,61.47830791204376,6.667418212997266,0.8625043555536271,45.468344577333426,0.12320323028361901,unified_conditional_rl,398.26172326357363,59.77843619986306,9.796093768417485,0.6573862929949943,True,True,True,0.21956574387923675,PASS_AZO_PROXY,,,,,405,MC-AZO-0405
406,C1NC=NC=C1/N=N/C=CC2=CC=CC=C2C=CC3=CC=CC=C3,azo,C(=Cc1ccccc1C=Cc1ccccc1)/N=N/C1=CN=CNC1,C(=Cc1ccccc1C=Cc1ccccc1)/N=N/C1=CN=CNC1,C(=Cc1ccccc1C=Cc1ccccc1)/N=N\C1=CN=CNC1,True,True,True,ok,314.392,3.418642419374633,0.6279395492319276,5.0,399.46041792390065,61.47830791204376,14.031708473188568,0.8625043555536271,58.011384929600126,0.14443921106682983,unified_conditional_rl,391.05884602706755,59.77843619986306,19.448468602367925,0.6573862929949943,True,True,True,0.21956114506016824,PASS_AZO_PROXY,,,,,406,MC-AZO-0406
407,CN=CC=NC=C/N=N/C=CN=CC=CC=CC=CC1=CC=CC=C1C,azo,CN=CC=NC=C/N=N/C=CN=CC=CC=CC=Cc1ccccc1C,CN=CC=NC=C/N=N/C=CN=CC=CC=CC=Cc1ccccc1C,CN=CC=NC=C/N=N\C=CN=CC=CC=CC=Cc1ccccc1C,True,True,True,ok,345.45000000000016,4.463158234402931,0.3286209754097256,9.0,399.3517000935039,61.47830791204376,9.705552707434396,0.8625043555536271,44.75344980450046,0.1375545083302447,unified_conditional_rl,390.4791813881682,59.77843619986306,13.814387650929273,0.6573862929949943,True,True,True,0.2194797802406621,PASS_AZO_PROXY,,,,,407,MC-AZO-0407
408,CN(N)CCCC1=CC=CC=C1/N=NC2=CC=CC=C2C,azo,Cc1ccccc1N=Nc1ccccc1CCCN(C)N,Cc1ccccc1/N=N/c1ccccc1CCCN(C)N,Cc1ccccc1/N=N\c1ccccc1CCCN(C)N,True,True,True,ok,282.391,2.556152081970632,0.4913848802454511,6.0,409.34537454774835,61.47830791204376,7.538972016638748,0.8625043555536271,81.00277843585047,0.1326560312339937,unified_conditional_rl,399.2120654114249,59.77843619986306,11.53063659538397,0.6573862929949943,True,True,True,0.2194661632867556,PASS_AZO_PROXY,,,,,408,MC-AZO-0408
409,CC=NN=NC1=CC=CC=C1/N=NC2=CC=CC=C2/N=NC3=CC=CC=C3,azo,CC=NN=Nc1ccccc1N=Nc1ccccc1N=Nc1ccccc1,CC=N/N=N/c1ccccc1N=Nc1ccccc1N=Nc1ccccc1,CC=N/N=N\c1ccccc1N=Nc1ccccc1N=Nc1ccccc1,True,True,True,ok,355.40500000000003,3.1234705424652818,0.24739043469907002,6.0,399.1848734128965,61.47830791204376,11.31205272694885,0.8625043555536271,47.877751615397244,0.1475155687050316,unified_conditional_rl,388.8826448850027,59.77843619986306,22.694930263892793,0.6573862929949943,True,True,True,0.21943212821462954,PASS_AZO_PROXY,,,,,409,MC-AZO-0409
410,CC1=CC=CC=C1/N=NC2=CC=NC=C2C3=CC=NC=C3,azo,Cc1ccccc1N=Nc1ccncc1-c1ccncc1,Cc1ccccc1/N=N/c1ccncc1-c1ccncc1,Cc1ccccc1/N=N\c1ccncc1-c1ccncc1,True,True,True,ok,274.32700000000006,2.429203173782046,0.6397589329199505,3.0,395.6013503552613,61.47830791204376,16.180386583382536,0.8625043555536271,62.74784478026959,0.1526513632170881,unified_conditional_rl,393.5285869297638,59.77843619986306,19.11092498679271,0.6573862929949943,True,True,True,0.21933457760272043,PASS_AZO_PROXY,,,,,410,MC-AZO-0410
411,NN=NCC(C)=C/N=NC1=CC=CC=C1,azo,CC(=CN=Nc1ccccc1)CN=NN,CC(=C/N=N/c1ccccc1)CN=NN,CC(=C/N=N\c1ccccc1)CN=NN,True,True,True,ok,203.249,3.6198311510042744,0.45550979189558183,4.0,389.2767128017772,61.47830791204376,9.11201713980893,0.8625043555536271,64.42504716046113,0.1607197291701824,unified_conditional_rl,389.8678169517396,59.77843619986306,19.881634849595567,0.6573862929949943,True,True,True,0.2192561406020205,PASS_AZO_PROXY,,,,,411,MC-AZO-0411
412,CC(C)CC=NN=NC1=CC=CC=C1/N=NC2=CC=CC=C2O,azo,CC(C)CC=NN=Nc1ccccc1N=Nc1ccccc1O,CC(C)CC=N/N=N/c1ccccc1N=Nc1ccccc1O,CC(C)CC=N/N=N\c1ccccc1N=Nc1ccccc1O,True,True,True,ok,309.37300000000005,3.219448164582225,0.4005464959365163,6.0,408.105362757157,61.47830791204376,8.19595424209694,0.8625043555536271,65.04709065413124,0.1333203838171854,unified_conditional_rl,394.33330939905744,59.77843619986306,17.217397862627944,0.6573862929949943,True,True,True,0.21922676095445448,PASS_AZO_PROXY,,,,,412,MC-AZO-0412
413,CN=NC1=NC=CC=C1/N=N/C=CC2=CC=NC=C2C3=CC=CC=C3C,azo,CN=Nc1ncccc1/N=N/C=Cc1ccncc1-c1ccccc1C,C/N=N/c1ncccc1/N=N/C=Cc1ccncc1-c1ccccc1C,C/N=N\c1ncccc1/N=N/C=Cc1ccncc1-c1ccccc1C,True,True,True,ok,342.40600000000006,3.283374833593215,0.5395800359886516,5.0,408.0874113534135,61.47830791204376,12.225717725437505,0.8625043555536271,50.31088989734201,0.13236516883892827,unified_conditional_rl,395.2507852109596,59.77843619986306,15.46544264773344,0.6573862929949943,True,True,True,0.21920858338628085,PASS_AZO_PROXY,,,,,413,MC-AZO-0413
414,N1=CC=CC=C1/N=NC2=CC=CC=C2N,azo,Nc1ccccc1N=Nc1ccccn1,Nc1ccccc1/N=N/c1ccccn1,Nc1ccccc1/N=N\c1ccccn1,True,True,True,ok,198.22900000000004,2.447411440482238,0.5948937267941263,2.0,395.50912508830635,61.47830791204376,11.313672120123101,0.8625043555536271,68.03187213661215,0.15519740930507478,unified_conditional_rl,392.9646484230819,59.77843619986306,19.791087942482857,0.6573862929949943,True,True,True,0.21919452852229726,PASS_AZO_PROXY,,,,,414,MC-AZO-0414
415,CC=C(C)CC1=CC=CC=C1/N=N/C=CC2=CC=CC=C2,azo,CC=C(C)Cc1ccccc1/N=N/C=Cc1ccccc1,CC=C(C)Cc1ccccc1/N=N/C=Cc1ccccc1,CC=C(C)Cc1ccccc1/N=N\C=Cc1ccccc1,True,True,True,ok,276.383,2.8200610227020313,0.4759447077599613,5.0,401.6064106739964,61.47830791204376,9.945806253641667,0.8625043555536271,56.120914293143244,0.14515163105871615,unified_conditional_rl,393.4113415759769,59.77843619986306,19.196555221053483,0.6573862929949943,True,True,True,0.2191924764272114,PASS_AZO_PROXY,,,,,415,MC-AZO-0415
416,NC=CC=NC(/N=N/C=CC(C)=C)C=CC1=CC=CC=C1C=CC2=CC=CC=C2,azo,C=C(C)C=C/N=N/C(C=Cc1ccccc1C=Cc1ccccc1)N=CC=CN,C=C(C)C=C/N=N/C(C=Cc1ccccc1C=Cc1ccccc1)N=CC=CN,C=C(C)C=C/N=N\C(C=Cc1ccccc1C=Cc1ccccc1)N=CC=CN,True,True,True,ok,382.5110000000001,4.160543816616409,0.23574164592429672,9.0,397.3021036272888,61.47830791204376,12.517311273764404,0.8625043555536271,56.732159847224466,0.14310390276228688,unified_conditional_rl,383.28350659862116,59.77843619986306,23.46055718561414,0.6573862929949943,True,True,True,0.21914104872993279,PASS_AZO_PROXY,,,,,416,MC-AZO-0416
417,CC=NN1N=C(C)C=C1/N=N/C2=CC=CC=C2,azo,CC=Nn1nc(C)cc1/N=N/c1ccccc1,CC=Nn1nc(C)cc1/N=N/c1ccccc1,CC=Nn1nc(C)cc1/N=N\c1ccccc1,True,True,True,ok,227.27100000000002,3.214206299265988,0.5847719918108828,3.0,408.3571955698165,61.47830791204376,9.940539323604725,0.8625043555536271,52.3617243319859,0.1329258541090945,unified_conditional_rl,395.3389634879773,59.77843619986306,15.883587868985447,0.6573862929949943,True,True,True,0.21913204170262246,PASS_AZO_PROXY,,,,,417,MC-AZO-0417
418,CC=NC1=CC=CC=C1/N=NC2=CC=CC=C2O,azo,CC=Nc1ccccc1N=Nc1ccccc1O,CC=Nc1ccccc1/N=N/c1ccccc1O,CC=Nc1ccccc1/N=N\c1ccccc1O,True,True,True,ok,239.278,2.773996195222683,0.6204391398871055,3.0,400.87765852976025,61.47830791204376,8.19595424209694,0.8625043555536271,55.90754858691139,0.1460407429016445,unified_conditional_rl,396.10525531891307,59.77843619986306,16.26559382240501,0.6573862929949943,True,True,True,0.21912604018873733,PASS_AZO_PROXY,,,,,418,MC-AZO-0418
419,CC(N)=NC=NC(O)=C/N=NC1=CC=CC=C1,azo,CC(N)=NC=NC(O)=CN=Nc1ccccc1,CC(N)=NC=NC(O)=C/N=N/c1ccccc1,CC(N)=NC=NC(O)=C/N=N\c1ccccc1,True,True,True,ok,231.259,3.709044466455941,0.3601635152094179,4.0,396.81487580420486,61.47830791204376,9.305839240980646,0.8625043555536271,59.541213343018626,0.14774465092082176,unified_conditional_rl,390.34851641554314,59.77843619986306,18.97298566307234,0.6573862929949943,True,True,True,0.21912470454407515,PASS_AZO_PROXY,,,,,419,MC-AZO-0419
420,CN=CC1=CC=CC=C1/N=NC2=CC=CC=C2Br,azo,CN=Cc1ccccc1N=Nc1ccccc1Br,CN=Cc1ccccc1/N=N/c1ccccc1Br,CN=Cc1ccccc1/N=N\c1ccccc1Br,True,True,True,ok,302.17499999999995,2.7934766685954635,0.5702707244079195,3.0,402.8535273812577,61.47830791204376,8.60560247395862,0.8625043555536271,52.30226368540599,0.1428418701354345,unified_conditional_rl,397.99485406873947,59.77843619986306,13.702222109989366,0.6573862929949943,True,True,True,0.21902806293732222,PASS_AZO_PROXY,,,,,420,MC-AZO-0420
421,CN=NC=CC(N)=NC1=CC=CC=C1/N=NC2=CC=CC=C2C3=CC=CC=C3C,azo,CN=NC=CC(N)=Nc1ccccc1N=Nc1ccccc1-c1ccccc1C,C/N=N/C=CC(N)=Nc1ccccc1N=Nc1ccccc1-c1ccccc1C,C/N=N\C=CC(N)=Nc1ccccc1N=Nc1ccccc1-c1ccccc1C,True,True,True,ok,382.4710000000002,3.248894591850897,0.28815298178326554,6.0,410.4646868770942,61.47830791204376,7.378193975085068,0.8625043555536271,52.45250090286123,0.12888889740353676,unified_conditional_rl,398.34650497508346,59.77843619986306,10.235769871538121,0.6573862929949943,True,True,True,0.21900871709806696,PASS_AZO_PROXY,,,,,421,MC-AZO-0421
422,CNC1=NC=CC=C1/N=NC=CC2=CC=CC=C2C=CC3=CC=CC=C3,azo,CNc1ncccc1N=NC=Cc1ccccc1C=Cc1ccccc1,CNc1ncccc1/N=N/C=Cc1ccccc1C=Cc1ccccc1,CNc1ncccc1/N=N\C=Cc1ccccc1C=Cc1ccccc1,True,True,True,ok,340.43000000000006,2.826855263689435,0.43855803735460513,6.0,401.4483211935487,61.47830791204376,15.367210650292153,0.8625043555536271,59.12034840863521,0.14360404934025514,unified_conditional_rl,388.94515004222353,59.77843619986306,23.75564748779134,0.6573862929949943,True,True,True,0.21899356354157828,PASS_AZO_PROXY,,,,,422,MC-AZO-0422
423,CC=NC1=CC=CC=C1/N=N/C2=CC=CC=C2/N=NC3=CC=CC=C3C=CC4=CC=CC=C4C,azo,CC=Nc1ccccc1/N=N/c1ccccc1N=Nc1ccccc1C=Cc1ccccc1C,CC=Nc1ccccc1/N=N/c1ccccc1N=Nc1ccccc1C=Cc1ccccc1C,CC=Nc1ccccc1/N=N\c1ccccc1N=Nc1ccccc1C=Cc1ccccc1C,True,True,True,ok,443.55400000000014,2.9889918396087047,0.15497441823307623,7.0,403.9824849190454,61.47830791204376,7.526876563116766,0.8625043555536271,44.854380340962564,0.13996567266602244,unified_conditional_rl,398.9570138288347,59.77843619986306,10.894443954236982,0.6573862929949943,True,True,True,0.21899052196574434,PASS_AZO_PROXY,,,,,423,MC-AZO-0423
424,CC=NC1=CC=CC=C1/N=NC2=CC=CC=C2C=CC3=CC=CC=C3C,azo,CC=Nc1ccccc1N=Nc1ccccc1C=Cc1ccccc1C,CC=Nc1ccccc1/N=N/c1ccccc1C=Cc1ccccc1C,CC=Nc1ccccc1/N=N\c1ccccc1C=Cc1ccccc1C,True,True,True,ok,339.44200000000006,2.7941610684110287,0.2655044933876736,5.0,403.9824849190454,61.47830791204376,7.526876563116766,0.8625043555536271,44.854380340962564,0.13996567266602244,unified_conditional_rl,398.9570138288347,59.77843619986306,10.894443954236982,0.6573862929949943,True,True,True,0.21899052196574434,PASS_AZO_PROXY,,,,,424,MC-AZO-0424
425,CN(C)N(C)CNC1=CC=CC=C1/N=NC2=CC=CC=C2C,azo,Cc1ccccc1N=Nc1ccccc1NCN(C)N(C)C,Cc1ccccc1/N=N/c1ccccc1NCN(C)N(C)C,Cc1ccccc1/N=N\c1ccccc1NCN(C)N(C)C,True,True,True,ok,297.40600000000006,2.8267305532165334,0.49375683248511837,6.0,406.4579803593483,61.47830791204376,4.902725171428038,0.8625043555536271,72.14170422343011,0.13317857912353312,unified_conditional_rl,397.2358698265525,59.77843619986306,6.340837217642463,0.6573862929949943,True,True,True,0.21895953267746643,PASS_AZO_PROXY,,,,,425,MC-AZO-0425
426,CC=CC=CC1=CC=CC=C1/N=N/C2=CC=CC=C2C,azo,CC=CC=Cc1ccccc1/N=N/c1ccccc1C,CC=CC=Cc1ccccc1/N=N/c1ccccc1C,CC=CC=Cc1ccccc1/N=N\c1ccccc1C,True,True,True,ok,262.356,2.6682208351792376,0.47661093962400564,4.0,405.9927830181079,61.47830791204376,7.538972016638748,0.8625043555536271,42.596296622166676,0.13651540786829913,unified_conditional_rl,398.78487727343264,59.77843619986306,10.893205400182811,0.6573862929949943,True,True,True,0.2189012100580989,PASS_AZO_PROXY,,,,,426,MC-AZO-0426
427,OC=NC1=NC=CC=C1/N=NC2=CC=CC=C2C3=CC=CC=C3,azo,OC=Nc1ncccc1N=Nc1ccccc1-c1ccccc1,OC=Nc1ncccc1/N=N/c1ccccc1-c1ccccc1,OC=Nc1ncccc1/N=N\c1ccccc1-c1ccccc1,True,True,True,ok,302.337,2.7709737096254177,0.3989411403007161,4.0,400.85010671382497,61.47830791204376,11.514263358221166,0.8625043555536271,76.9815216134408,0.14639079837402225,unified_conditional_rl,393.85831057131986,59.77843619986306,19.039863049989616,0.6573862929949943,True,True,True,0.21886725424157227,PASS_AZO_PROXY,,,,,427,MC-AZO-0427
428,C#C/N=NC1=CC=CC=C1C2=CC=CC=C2C=CCC=CC=CC3=CC=CC=C3,azo,C#CN=Nc1ccccc1-c1ccccc1C=CCC=CC=Cc1ccccc1,C#C/N=N/c1ccccc1-c1ccccc1C=CCC=CC=Cc1ccccc1,C#C/N=N\c1ccccc1-c1ccccc1C=CCC=CC=Cc1ccccc1,True,True,True,ok,374.487,3.056143633506914,0.22985666420017223,7.0,396.1190103038011,61.47830791204376,8.973359201064277,0.8625043555536271,59.72918586870401,0.1537570089536022,unified_conditional_rl,391.40875943069244,59.77843619986306,21.182626583361284,0.6573862929949943,True,True,True,0.21881145483331893,PASS_AZO_PROXY,,,,,428,MC-AZO-0428
429,NC1=CC=CC=C1/N=NC2=CC=CC=C2C=NC3=CC=CC=C3C=CC4=CC=CC=C4,azo,Nc1ccccc1N=Nc1ccccc1C=Nc1ccccc1C=Cc1ccccc1,Nc1ccccc1/N=N/c1ccccc1C=Nc1ccccc1C=Cc1ccccc1,Nc1ccccc1/N=N\c1ccccc1C=Nc1ccccc1C=Cc1ccccc1,True,True,True,ok,402.50100000000015,2.734006713635843,0.15335449317187266,6.0,390.69161360889825,61.47830791204376,11.19104803803031,0.8625043555536271,65.37500699383196,0.16328274047466407,unified_conditional_rl,389.942012315378,59.77843619986306,22.945641073542312,0.6573862929949943,True,True,True,0.21878983083348644,PASS_AZO_PROXY,,,,,429,MC-AZO-0429
430,CNN(C)C=C(C)C/N=NC1=CC=CC=C1C2=CC=CC=C2C3=CC=CC=C3C,azo,CNN(C)C=C(C)CN=Nc1ccccc1-c1ccccc1-c1ccccc1C,CNN(C)C=C(C)C/N=N/c1ccccc1-c1ccccc1-c1ccccc1C,CNN(C)C=C(C)C/N=N\c1ccccc1-c1ccccc1-c1ccccc1C,True,True,True,ok,384.5270000000001,2.978794300575906,0.3789730943683111,7.0,406.99067460067744,61.47830791204376,5.558694541525281,0.8625043555536271,79.401510822521,0.1339574392892575,unified_conditional_rl,399.853690706675,59.77843619986306,9.851014961370621,0.6573862929949943,True,True,True,0.21875066977183139,PASS_AZO_PROXY,,,,,430,MC-AZO-0430
431,CC1=CC=C(C)C1/N=NC2=CC=CC=C2C=CC3=CC=CC=C3C4=CC=CC=C4,azo,CC1=CC=C(C)C1N=Nc1ccccc1C=Cc1ccccc1-c1ccccc1,CC1=CC=C(C)C1/N=N/c1ccccc1C=Cc1ccccc1-c1ccccc1,CC1=CC=C(C)C1/N=N\c1ccccc1C=Cc1ccccc1-c1ccccc1,True,True,True,ok,376.5030000000001,2.881569355910367,0.31943852169612996,5.0,414.12078839917484,61.47830791204376,8.105291277473098,0.8625043555536271,69.85685648370611,0.12578259766739897,unified_conditional_rl,399.03764450660674,59.77843619986306,12.56765268852442,0.6573862929949943,True,True,True,0.21869941792479897,PASS_AZO_PROXY,,,,,431,MC-AZO-0431
432,CN=C1C(C)=CC=C1/N=NC2=CC=CC=C2C,azo,CN=C1C(C)=CC=C1N=Nc1ccccc1C,CN=C1C(C)=CC=C1/N=N/c1ccccc1C,CN=C1C(C)=CC=C1/N=N\c1ccccc1C,True,True,True,ok,225.295,3.1998492741482494,0.6823118456918014,2.0,407.6040475505841,61.47830791204376,7.087291553531447,0.8625043555536271,44.188829672351574,0.1326231055236032,unified_conditional_rl,398.26187352902434,59.77843619986306,9.478681422996017,0.6573862929949943,True,True,True,0.21866924777270863,PASS_AZO_PROXY,,,,,432,MC-AZO-0432
433,CNNC1=CC=CC=C1/N=N\C2=CC=CC=C2/N=NC3=CC=CC=C3C,azo,CNNc1ccccc1/N=N\c1ccccc1N=Nc1ccccc1C,CNNc1ccccc1/N=N/c1ccccc1N=Nc1ccccc1C,CNNc1ccccc1/N=N\c1ccccc1N=Nc1ccccc1C,True,True,True,ok,344.4220000000001,2.778307222257183,0.40243446974921776,6.0,400.95575371404874,61.47830791204376,6.769392768332969,0.8625043555536271,47.997068332728134,0.14449190471202716,unified_conditional_rl,399.45401848670735,59.77843619986306,9.29151905855562,0.6573862929949943,True,True,True,0.2185677493357416,PASS_AZO_PROXY,,,,,433,MC-AZO-0433
434,CC(C)C1=CC=CC=C1/N=N/C2=CC=CC=C2,azo,CC(C)c1ccccc1/N=N/c1ccccc1,CC(C)c1ccccc1/N=N/c1ccccc1,CC(C)c1ccccc1/N=N\c1ccccc1,True,True,True,ok,224.307,2.0694373824685,0.6379742870881702,3.0,400.0363733423355,61.47830791204376,11.31205272694885,0.8625043555536271,45.7292815202041,0.14681915629475112,unified_conditional_rl,389.7628198309349,59.77843619986306,22.694930263892793,0.6573862929949943,True,True,True,0.2184714815962613,PASS_AZO_PROXY,,,,,434,MC-AZO-0434
435,CC(C)C1=CC=CC=C1/N=NC2=CC=CC=C2,azo,CC(C)c1ccccc1N=Nc1ccccc1,CC(C)c1ccccc1/N=N/c1ccccc1,CC(C)c1ccccc1/N=N\c1ccccc1,True,True,True,ok,224.307,2.0694373824685,0.6379742870881702,3.0,400.0363733423355,61.47830791204376,11.31205272694885,0.8625043555536271,45.7292815202041,0.14681915629475112,unified_conditional_rl,389.7628198309349,59.77843619986306,22.694930263892793,0.6573862929949943,True,True,True,0.2184714815962613,PASS_AZO_PROXY,,,,,435,MC-AZO-0435
436,COC=CC1=CC=CC=C1/N=N/C2=CC=CC=C2CC3=CC=CC=C3C,azo,COC=Cc1ccccc1/N=N/c1ccccc1Cc1ccccc1C,COC=Cc1ccccc1/N=N/c1ccccc1Cc1ccccc1C,COC=Cc1ccccc1/N=N\c1ccccc1Cc1ccccc1C,True,True,True,ok,342.44200000000006,2.6349193680061713,0.3659958562096257,6.0,402.968957213437,61.47830791204376,8.430068123570484,0.8625043555536271,51.10011754695125,0.14253995964528682,unified_conditional_rl,398.6817355171122,59.77843619986306,12.888466902819939,0.6573862929949943,True,True,True,0.21846867413360085,PASS_AZO_PROXY,,,,,436,MC-AZO-0436
437,N1=NC(C)(C)C1/N=NC=CC2=CC=CC=C2C,azo,Cc1ccccc1C=CN=NC1N=NC1(C)C,Cc1ccccc1C=C/N=N/C1N=NC1(C)C,Cc1ccccc1C=C/N=N\C1N=NC1(C)C,True,True,True,ok,228.29899999999998,4.121672537375298,0.7023155995710123,3.0,390.4937726140888,61.47830791204376,10.353905248529578,0.8625043555536271,61.01060118133108,0.15476668465484242,unified_conditional_rl,392.6674599769129,59.77843619986306,14.533274130189774,0.6573862929949943,True,True,True,0.21838760444034963,PASS_AZO_PROXY,,,,,437,MC-AZO-0437
438,CC=NCC1=NC=CC=C1/N=N/C2=CC=CC=C2C,azo,CC=NCc1ncccc1/N=N/c1ccccc1C,CC=NCc1ncccc1/N=N/c1ccccc1C,CC=NCc1ncccc1/N=N\c1ccccc1C,True,True,True,ok,252.321,2.955651461007035,0.5874745298145315,4.0,409.05629771676763,61.47830791204376,9.352212643240206,0.8625043555536271,64.58366174411947,0.13357338994976284,unified_conditional_rl,399.34089460587956,59.77843619986306,12.193234050609266,0.6573862929949943,True,True,True,0.21835205007123648,PASS_AZO_PROXY,,,,,438,MC-AZO-0438
439,CN=NC1=NC=CC=C1/N=N/C2=CC=CC=C2/N=NC3=CC=CC=C3C=CC4=CC=CC=C4,azo,CN=Nc1ncccc1/N=N/c1ccccc1N=Nc1ccccc1C=Cc1ccccc1,C/N=N/c1ncccc1/N=N/c1ccccc1N=Nc1ccccc1C=Cc1ccccc1,C/N=N\c1ncccc1/N=N/c1ccccc1N=Nc1ccccc1C=Cc1ccccc1,True,True,True,ok,431.5030000000001,3.1494305273447445,0.21230288766740985,7.0,406.6266875034312,61.47830791204376,9.37056861095692,0.8625043555536271,55.068758159951244,0.13610916700444425,unified_conditional_rl,395.8003897816461,59.77843619986306,16.270551122484594,0.6573862929949943,True,True,True,0.21816104681475673,PASS_AZO_PROXY,,,,,439,MC-AZO-0439
440,CC1=CC=CC=C1/N=NC=CC2=CC=CN=C2C3=CC=CC=C3,azo,Cc1ccccc1N=NC=Cc1cccnc1-c1ccccc1,Cc1ccccc1/N=N/C=Cc1cccnc1-c1ccccc1,Cc1ccccc1/N=N\C=Cc1cccnc1-c1ccccc1,True,True,True,ok,299.37700000000007,2.5539189584941955,0.5598672899050341,4.0,408.57739417614783,61.47830791204376,11.68996431128448,0.8625043555536271,68.49346383018752,0.1341004613733356,unified_conditional_rl,398.0843052185878,59.77843619986306,14.438195811017856,0.6573862929949943,True,True,True,0.21815062944577024,PASS_AZO_PROXY,,,,,440,MC-AZO-0440
441,CC=NC(=C)C1=CC=CC=C1/N=NC2=CC=CC=C2,azo,C=C(N=CC)c1ccccc1N=Nc1ccccc1,C=C(N=CC)c1ccccc1/N=N/c1ccccc1,C=C(N=CC)c1ccccc1/N=N\c1ccccc1,True,True,True,ok,249.317,2.792249223244797,0.5296622280756556,4.0,400.93067952792666,61.47830791204376,9.488994859510093,0.8625043555536271,48.08530887208582,0.14578728185119502,unified_conditional_rl,394.096334377108,59.77843619986306,18.646419917471245,0.6573862929949943,True,True,True,0.21814365408640315,PASS_AZO_PROXY,,,,,441,MC-AZO-0441
442,CN(C)C=C1C=NC(C)=C1/N=N/C2=CC=CC=C2C=NC3=CC=CC=C3,azo,CC1=C(/N=N/c2ccccc2C=Nc2ccccc2)C(=CN(C)C)C=N1,CC1=C(/N=N/c2ccccc2C=Nc2ccccc2)C(=CN(C)C)C=N1,CC1=C(/N=N\c2ccccc2C=Nc2ccccc2)C(=CN(C)C)C=N1,True,True,True,ok,343.4340000000001,3.270223951002121,0.5378954419465729,5.0,402.4940797924539,61.47830791204376,8.65470369451788,0.8625043555536271,59.74757152413355,0.14175440284487875,unified_conditional_rl,396.55816623358015,59.77843619986306,14.79645022828999,0.6573862929949943,True,True,True,0.2180503020711561,PASS_AZO_PROXY,,,,,442,MC-AZO-0442
443,CNC1=NC=CC=C1/N=N/C2=CC=CC=C2C,azo,CNc1ncccc1/N=N/c1ccccc1C,CNc1ncccc1/N=N/c1ccccc1C,CNc1ncccc1/N=N\c1ccccc1C,True,True,True,ok,226.283,2.4465529240697546,0.8079934135829294,3.0,400.82363852831276,61.47830791204376,8.932721358629161,0.8625043555536271,59.89318277231632,0.14644495764819898,unified_conditional_rl,399.7778252451617,59.77843619986306,11.341220091484734,0.6573862929949943,True,True,True,0.21802854537269645,PASS_AZO_PROXY,,,,,443,MC-AZO-0443
444,CNC1=NC=CC=C1/N=NC2=CC=CC=C2C,azo,CNc1ncccc1N=Nc1ccccc1C,CNc1ncccc1/N=N/c1ccccc1C,CNc1ncccc1/N=N\c1ccccc1C,True,True,True,ok,226.283,2.4465529240697546,0.8079934135829294,3.0,400.82363852831276,61.47830791204376,8.932721358629161,0.8625043555536271,59.89318277231632,0.14644495764819898,unified_conditional_rl,399.7778252451617,59.77843619986306,11.341220091484734,0.6573862929949943,True,True,True,0.21802854537269645,PASS_AZO_PROXY,,,,,444,MC-AZO-0444
445,CC=CC=CC=NC(=O)O/N=NC1=CC=CC=C1C,azo,CC=CC=CC=NC(=O)ON=Nc1ccccc1C,CC=CC=CC=NC(=O)O/N=N/c1ccccc1C,CC=CC=CC=NC(=O)O/N=N\c1ccccc1C,True,True,True,ok,257.293,3.5532643281399015,0.3484694175017417,4.0,407.0084383723385,61.47830791204376,5.300581976134032,0.8625043555536271,52.18069461212565,0.12937499916467124,unified_conditional_rl,396.9456397269455,59.77843619986306,8.167227717192516,0.6573862929949943,True,True,True,0.2180231783528249,PASS_AZO_PROXY,,,,,445,MC-AZO-0445
446,C(C)=NC=NC(C)=C/N=N/C1=CC=CC=C1,azo,CC=NC=NC(C)=C/N=N/c1ccccc1,CC=NC=NC(C)=C/N=N/c1ccccc1,CC=NC=NC(C)=C/N=N\c1ccccc1,True,True,True,ok,214.27200000000002,3.82483509742191,0.41614451332908625,4.0,397.8682414297559,61.47830791204376,9.305839240980646,0.8625043555536271,50.77790663150682,0.1448799640138408,unified_conditional_rl,390.07310609191126,59.77843619986306,18.97298566307234,0.6573862929949943,True,True,True,0.21797308547199604,PASS_AZO_PROXY,,,,,446,MC-AZO-0446
447,CC=NC=NC(C)=C/N=NC1=CC=CC=C1,azo,CC=NC=NC(C)=CN=Nc1ccccc1,CC=NC=NC(C)=C/N=N/c1ccccc1,CC=NC=NC(C)=C/N=N\c1ccccc1,True,True,True,ok,214.27200000000002,3.82483509742191,0.41614451332908625,4.0,397.8682414297559,61.47830791204376,9.305839240980646,0.8625043555536271,50.77790663150682,0.1448799640138408,unified_conditional_rl,390.07310609191126,59.77843619986306,18.97298566307234,0.6573862929949943,True,True,True,0.21797308547199604,PASS_AZO_PROXY,,,,,447,MC-AZO-0447
448,C1NC=NC=C1/N=NC2=CC=CC=C2/N=N/C3=CC=CC=C3/N=N/C4=CC=CC=C4/N=N/C5=CC=CC=C5C,azo,Cc1ccccc1/N=N/c1ccccc1/N=N/c1ccccc1/N=N/c1ccccc1N=NC1=CN=CNC1,Cc1ccccc1/N=N/c1ccccc1/N=N/c1ccccc1/N=N/c1ccccc1N=NC1=CN=CNC1,Cc1ccccc1/N=N\c1ccccc1/N=N/c1ccccc1/N=N/c1ccccc1N=NC1=CN=CNC1,True,True,True,ok,512.5810000000002,3.5546924600979724,0.2318664842712865,8.0,400.04800190416887,61.47830791204376,6.906580786729619,0.8625043555536271,54.83543857682298,0.14249661267856326,unified_conditional_rl,397.0910627178354,59.77843619986306,8.259380486252038,0.6573862929949943,True,True,True,0.21796824017853808,PASS_AZO_PROXY,,,,,448,MC-AZO-0448
449,C=CC1=CC=CN=C1/N=NC2=CC=CC=C2N=NC3=CC=CC=C3C,azo,C=Cc1cccnc1N=Nc1ccccc1N=Nc1ccccc1C,C=Cc1cccnc1/N=N/c1ccccc1N=Nc1ccccc1C,C=Cc1cccnc1/N=N\c1ccccc1N=Nc1ccccc1C,True,True,True,ok,327.3910000000001,2.8978069790638905,0.47177237072809497,5.0,406.2054195660317,61.47830791204376,9.93757989324356,0.8625043555536271,57.05074906572736,0.13786441247933123,unified_conditional_rl,397.5180875982409,59.77843619986306,15.161746136688098,0.6573862929949943,True,True,True,0.21794507710602842,PASS_AZO_PROXY,,,,,449,MC-AZO-0449
450,CNC1=NC=CC=C1/N=NC2=CC=CC=C2/N=NC3=CC=CC=C3C=CC4=CC=CC=C4,azo,CNc1ncccc1N=Nc1ccccc1N=Nc1ccccc1C=Cc1ccccc1,CNc1ncccc1/N=N/c1ccccc1N=Nc1ccccc1C=Cc1ccccc1,CNc1ncccc1/N=N\c1ccccc1N=Nc1ccccc1C=Cc1ccccc1,True,True,True,ok,418.5040000000001,2.88083931324614,0.24291766527618353,7.0,401.77540741615394,61.47830791204376,13.04658520628144,0.8625043555536271,59.11397278726804,0.144223382483407,unified_conditional_rl,391.93450845417084,59.77843619986306,21.315571408488445,0.6573862929949943,True,True,True,0.21789106535644598,PASS_AZO_PROXY,,,,,450,MC-AZO-0450
451,CC=NCC1=CC=CC=C1/N=N/C2=CC=CC=C2C=CC3=CC=CC=C3,azo,CC=NCc1ccccc1/N=N/c1ccccc1C=Cc1ccccc1,CC=NCc1ccccc1/N=N/c1ccccc1C=Cc1ccccc1,CC=NCc1ccccc1/N=N\c1ccccc1C=Cc1ccccc1,True,True,True,ok,339.44200000000006,2.7640099090440806,0.26705228139537346,6.0,402.971875746076,61.47830791204376,10.906083403433609,0.8625043555536271,52.69354658355661,0.14271925102112865,unified_conditional_rl,391.3172665762663,59.77843619986306,21.792520638786268,0.6573862929949943,True,True,True,0.21786760998285082,PASS_AZO_PROXY,,,,,451,MC-AZO-0451
452,CN(C)C=NC=C/N=NC1=CC=CC=C1C,azo,Cc1ccccc1N=NC=CN=CN(C)C,Cc1ccccc1/N=N/C=CN=CN(C)C,Cc1ccccc1/N=N\C=CN=CN(C)C,True,True,True,ok,216.28800000000004,3.4579392445791015,0.4327398651860595,4.0,413.69146868857143,61.47830791204376,7.469695175503249,0.8625043555536271,55.59687099455982,0.12305774022574784,unified_conditional_rl,397.9883297729588,59.77843619986306,9.9988665130361,0.6573862929949943,True,True,True,0.21783559741608463,PASS_AZO_PROXY,,,,,452,MC-AZO-0452
453,OC(C)=CC1=NC=CC=C1/N=NC2=CC=CC=C2C3=CC=CC=C3,azo,CC(O)=Cc1ncccc1N=Nc1ccccc1-c1ccccc1,CC(O)=Cc1ncccc1/N=N/c1ccccc1-c1ccccc1,CC(O)=Cc1ncccc1/N=N\c1ccccc1-c1ccccc1,True,True,True,ok,315.37600000000003,2.651621375418589,0.4680501524378293,4.0,409.1677562243124,61.47830791204376,10.971375591664415,0.8625043555536271,71.26912785748095,0.1333641942981583,unified_conditional_rl,395.48791478930957,59.77843619986306,17.753582365337305,0.6573862929949943,True,True,True,0.21783404396023043,PASS_AZO_PROXY,,,,,453,MC-AZO-0453
454,CC1=NC=CC=C1/N=NC2=CC=CC=C2C3=CC=CC=C3/N=N/C4=CC=CC=C4C5=CC=CC=C5C,azo,Cc1ccccc1-c1ccccc1/N=N/c1ccccc1-c1ccccc1N=Nc1cccnc1C,Cc1ccccc1-c1ccccc1/N=N/c1ccccc1-c1ccccc1N=Nc1cccnc1C,Cc1ccccc1-c1ccccc1/N=N\c1ccccc1-c1ccccc1N=Nc1cccnc1C,True,True,True,ok,467.5760000000002,2.635924275297821,0.22915112643119911,6.0,403.4405921455989,61.47830791204376,7.033810890054049,0.8625043555536271,52.72529235386452,0.14109494476844714,unified_conditional_rl,399.9858353864597,59.77843619986306,9.515492654374027,0.6573862929949943,True,True,True,0.21782236799054572,PASS_AZO_PROXY,,,,,454,MC-AZO-0454
455,CC1=NC=CC=C1/N=NC2=CC=CC=C2C3=CC=CC=C3C,azo,Cc1ccccc1-c1ccccc1N=Nc1cccnc1C,Cc1ccccc1-c1ccccc1/N=N/c1cccnc1C,Cc1ccccc1-c1ccccc1/N=N\c1cccnc1C,True,True,True,ok,287.36600000000004,2.3068517225713716,0.5623884050176005,3.0,403.4405921455989,61.47830791204376,7.033810890054049,0.8625043555536271,52.72529235386452,0.14109494476844714,unified_conditional_rl,399.9858353864597,59.77843619986306,9.515492654374027,0.6573862929949943,True,True,True,0.21782236799054572,PASS_AZO_PROXY,,,,,455,MC-AZO-0455
456,CC=NC(=C)C=NC=C/N=NC1=CC=CC=C1/N=NC2=CC=CC=C2,azo,C=C(C=NC=CN=Nc1ccccc1N=Nc1ccccc1)N=CC,C=C(C=NC=C/N=N/c1ccccc1N=Nc1ccccc1)N=CC,C=C(C=NC=C/N=N\c1ccccc1N=Nc1ccccc1)N=CC,True,True,True,ok,330.39500000000004,3.7867660939216368,0.41990410127007394,7.0,405.43949841661396,61.47830791204376,10.943486007961187,0.8625043555536271,52.234613442891316,0.13342655321671953,unified_conditional_rl,389.01091139780175,59.77843619986306,20.336404689740927,0.6573862929949943,True,True,True,0.2178181759337454,PASS_AZO_PROXY,,,,,456,MC-AZO-0456
457,CC=NN(C1)NC=CC=C1/N=NC2=CC=CC=C2,azo,CC=NN1CC(N=Nc2ccccc2)=CC=CN1,CC=NN1CC(/N=N/c2ccccc2)=CC=CN1,CC=NN1CC(/N=N\c2ccccc2)=CC=CN1,True,True,True,ok,241.29800000000006,3.729410201028199,0.6529682935062271,3.0,407.421593328633,61.47830791204376,11.819843023952755,0.8625043555536271,58.92448940043761,0.1308645011553531,unified_conditional_rl,388.36218300653155,59.77843619986306,21.40277649676296,0.6573862929949943,True,True,True,0.2177956113198459,PASS_AZO_PROXY,,,,,457,MC-AZO-0457
458,CN=C(Cl)C1=CC=CC=C1/N=NC2=CC=CC=C2,azo,CN=C(Cl)c1ccccc1N=Nc1ccccc1,CN=C(Cl)c1ccccc1/N=N/c1ccccc1,CN=C(Cl)c1ccccc1/N=N\c1ccccc1,True,True,True,ok,257.724,2.6160035916723885,0.5637435305254959,3.0,401.3510412968424,61.47830791204376,9.463620133462143,0.8625043555536271,56.85374116693083,0.1455789702043672,unified_conditional_rl,394.9393662894304,59.77843619986306,18.259395057702726,0.6573862929949943,True,True,True,0.2177282240677805,PASS_AZO_PROXY,,,,,458,MC-AZO-0458
459,CC1=CC=CC=C1/N=NC2=CC=CC=C2C=CC3=CC=NC=C3,azo,Cc1ccccc1N=Nc1ccccc1C=Cc1ccncc1,Cc1ccccc1/N=N/c1ccccc1C=Cc1ccncc1,Cc1ccccc1/N=N\c1ccccc1C=Cc1ccncc1,True,True,True,ok,299.37700000000007,2.449948596503246,0.5462273566656721,4.0,405.35174066965266,61.47830791204376,11.604117632976568,0.8625043555536271,42.60908359178097,0.13785719000597985,unified_conditional_rl,396.2766511418411,59.77843619986306,15.929575615646064,0.6573862929949943,True,True,True,0.21769768725717198,PASS_AZO_PROXY,,,,,459,MC-AZO-0459
460,CC=CC(O1)=CC=NC=C1/N=N/C2=CC=CC=C2C,azo,CC=CC1=CC=NC=C(/N=N/c2ccccc2C)O1,CC=CC1=CC=NC=C(/N=N/c2ccccc2C)O1,CC=CC1=CC=NC=C(/N=N\c2ccccc2C)O1,True,True,True,ok,253.30499999999998,3.705725307160881,0.7343875257820888,3.0,407.63441289121334,61.47830791204376,7.682271141277586,0.8625043555536271,45.28220550796095,0.1297719616162967,unified_conditional_rl,396.43916787651534,59.77843619986306,10.221938214155395,0.6573862929949943,True,True,True,0.2176971913169994,PASS_AZO_PROXY,,,,,460,MC-AZO-0460
461,CC=NC=NC1=CC=CC=C1/N=N/C2=CC=CC=C2,azo,CC=NC=Nc1ccccc1/N=N/c1ccccc1,CC=NC=Nc1ccccc1/N=N/c1ccccc1,CC=NC=Nc1ccccc1/N=N\c1ccccc1,True,True,True,ok,250.305,3.048104163304737,0.42277926218042816,4.0,406.3803048569673,61.47830791204376,11.31205272694885,0.8625043555536271,51.377910451957234,0.1368626696530302,unified_conditional_rl,390.21385615297004,59.77843619986306,22.694930263892793,0.6573862929949943,True,True,True,0.21764674928740851,PASS_AZO_PROXY,,,,,461,MC-AZO-0461
462,CC=NC=NC1=CC=CC=C1/N=NC2=CC=CC=C2,azo,CC=NC=Nc1ccccc1N=Nc1ccccc1,CC=NC=Nc1ccccc1/N=N/c1ccccc1,CC=NC=Nc1ccccc1/N=N\c1ccccc1,True,True,True,ok,250.305,3.048104163304737,0.42277926218042816,4.0,406.3803048569673,61.47830791204376,11.31205272694885,0.8625043555536271,51.377910451957234,0.1368626696530302,unified_conditional_rl,390.21385615297004,59.77843619986306,22.694930263892793,0.6573862929949943,True,True,True,0.21764674928740851,PASS_AZO_PROXY,,,,,462,MC-AZO-0462
463,CC(C)NN=NC1=CC=CC=C1/N=NC2=CC=CC=C2C=CC3=CC=CC=C3,azo,CC(C)NN=Nc1ccccc1N=Nc1ccccc1C=Cc1ccccc1,CC(C)N/N=N/c1ccccc1N=Nc1ccccc1C=Cc1ccccc1,CC(C)N/N=N\c1ccccc1N=Nc1ccccc1C=Cc1ccccc1,True,True,True,ok,369.4720000000001,2.940112610328704,0.2655687833582907,7.0,398.4694436493717,61.47830791204376,10.472994897202561,0.8625043555536271,49.555498339597136,0.14988862954088092,unified_conditional_rl,392.92169878479785,59.77843619986306,20.181278181060897,0.6573862929949943,True,True,True,0.21760133859626032,PASS_AZO_PROXY,,,,,463,MC-AZO-0463
464,CN(C)C1=CC=CC=C1/N=N/C2=CC=CC=C2C3=CC=CC=C3,azo,CN(C)c1ccccc1/N=N/c1ccccc1-c1ccccc1,CN(C)c1ccccc1/N=N/c1ccccc1-c1ccccc1,CN(C)c1ccccc1/N=N\c1ccccc1-c1ccccc1,True,True,True,ok,301.393,2.1661321954767043,0.556639844863167,4.0,398.7710001248506,61.47830791204376,10.906083403433609,0.8625043555536271,81.50561572140305,0.14993072511414182,unified_conditional_rl,392.9167236668209,59.77843619986306,20.58779682650443,0.6573862929949943,True,True,True,0.21755892913765645,PASS_AZO_PROXY,,,,,464,MC-AZO-0464
465,CN(C)C1=CC=CC=C1/N=NC2=CC=CC=C2C3=CC=CC=C3,azo,CN(C)c1ccccc1N=Nc1ccccc1-c1ccccc1,CN(C)c1ccccc1/N=N/c1ccccc1-c1ccccc1,CN(C)c1ccccc1/N=N\c1ccccc1-c1ccccc1,True,True,True,ok,301.393,2.1661321954767043,0.556639844863167,4.0,398.7710001248506,61.47830791204376,10.906083403433609,0.8625043555536271,81.50561572140305,0.14993072511414182,unified_conditional_rl,392.9167236668209,59.77843619986306,20.58779682650443,0.6573862929949943,True,True,True,0.21755892913765645,PASS_AZO_PROXY,,,,,465,MC-AZO-0465
466,CC(C)C1=NC=CC=C1/N=NN=NC2=CC=CC=C2C,azo,Cc1ccccc1N=NN=Nc1cccnc1C(C)C,Cc1ccccc1/N=N/N=Nc1cccnc1C(C)C,Cc1ccccc1/N=N\N=Nc1cccnc1C(C)C,True,True,True,ok,267.336,3.0667417063226123,0.5475253622941451,4.0,412.6471744368744,61.47830791204376,8.998766508608051,0.8625043555536271,56.35322989081607,0.12756079492519373,unified_conditional_rl,399.4869525740728,59.77843619986306,11.761345752372884,0.6573862929949943,True,True,True,0.21748695123375308,PASS_AZO_PROXY,,,,,466,MC-AZO-0466
467,C1N=NC(C)=C1/N=NC2=CC=CC=C2C,azo,CC1=C(N=Nc2ccccc2C)CN=N1,CC1=C(/N=N/c2ccccc2C)CN=N1,CC1=C(/N=N\c2ccccc2C)CN=N1,True,True,True,ok,200.24499999999998,3.2190429578021273,0.652244624689157,2.0,397.84346305734044,61.47830791204376,8.337836667091912,0.8625043555536271,49.98709312514336,0.14910774363987483,unified_conditional_rl,397.0317572949472,59.77843619986306,14.47920035420235,0.6573862929949943,True,True,True,0.21744620975301854,PASS_AZO_PROXY,,,,,467,MC-AZO-0467
468,C1NC=NC=C1/N=NC2=CC=CC=C2C3=NC=CC=C3C,azo,Cc1cccnc1-c1ccccc1N=NC1=CN=CNC1,Cc1cccnc1-c1ccccc1/N=N/C1=CN=CNC1,Cc1cccnc1-c1ccccc1/N=N\C1=CN=CNC1,True,True,True,ok,277.3310000000001,3.326755531102145,0.8709473203970948,3.0,397.2670668129029,61.47830791204376,8.033181422080348,0.8625043555536271,64.47127579326565,0.14960062181730663,unified_conditional_rl,398.33004088127774,59.77843619986306,7.954368565127062,0.6573862929949943,True,True,True,0.21736093877927645,PASS_AZO_PROXY,,,,,468,MC-AZO-0468
469,CC1=CC=CC=C1/N=N/C2=CC=NC=C2C,azo,Cc1ccccc1/N=N/c1ccncc1C,Cc1ccccc1/N=N/c1ccncc1C,Cc1ccccc1/N=N\c1ccncc1C,True,True,True,ok,211.26800000000003,2.3675785756827796,0.6884488499839869,2.0,404.5289033034099,61.47830791204376,16.180386583382536,0.8625043555536271,42.02670835575401,0.13702040522454784,unified_conditional_rl,393.49008071030704,59.77843619986306,19.11092498679271,0.6573862929949943,True,True,True,0.21735001778646446,PASS_AZO_PROXY,,,,,469,MC-AZO-0469
470,CC1=NN(N)C=C1/N=NC2=CC=CC=C2/N=NC3=CC=CC=C3O,azo,Cc1nn(N)cc1N=Nc1ccccc1N=Nc1ccccc1O,Cc1nn(N)cc1/N=N/c1ccccc1N=Nc1ccccc1O,Cc1nn(N)cc1/N=N\c1ccccc1N=Nc1ccccc1O,True,True,True,ok,321.34400000000005,3.2130909979699513,0.5464438125202493,4.0,403.11812692917374,61.47830791204376,8.369432097196773,0.8625043555536271,55.11918313429112,0.14096142947832263,unified_conditional_rl,398.4368261233097,59.77843619986306,12.723596994629602,0.6573862929949943,True,True,True,0.21724457839699243,PASS_AZO_PROXY,,,,,470,MC-AZO-0470
471,N(C)C(C)C1=CC=CC=C1/N=NC2=CC=CC=C2/N=N/C3=CC=CC=C3C,azo,CNC(C)c1ccccc1N=Nc1ccccc1/N=N/c1ccccc1C,CNC(C)c1ccccc1/N=N/c1ccccc1/N=N/c1ccccc1C,CNC(C)c1ccccc1/N=N\c1ccccc1/N=N/c1ccccc1C,True,True,True,ok,357.46100000000007,3.1333935297988003,0.4695226858057536,6.0,404.70248071104197,61.47830791204376,7.200813211172285,0.8625043555536271,48.63997493938268,0.13806353104783828,unified_conditional_rl,399.3951153109281,59.77843619986306,10.678112394304708,0.6573862929949943,True,True,True,0.21719353543993203,PASS_AZO_PROXY,,,,,471,MC-AZO-0471
472,CC=NC(/N=NC1=CC=CC=C1)C=CC2=CC=CC=C2C,azo,CC=NC(C=Cc1ccccc1C)N=Nc1ccccc1,CC=NC(C=Cc1ccccc1C)/N=N/c1ccccc1,CC=NC(C=Cc1ccccc1C)/N=N\c1ccccc1,True,True,True,ok,277.371,3.44279360181811,0.5312683880575476,5.0,404.6047796529061,61.47830791204376,8.523548633599319,0.8625043555536271,43.686403876385384,0.13621854981871706,unified_conditional_rl,393.89130830570065,59.77843619986306,16.70171207295183,0.6573862929949943,True,True,True,0.21718945044460902,PASS_AZO_PROXY,,,,,472,MC-AZO-0472
473,CN(O)C1=NC=CC=C1N=NC=NC2=CC=CC=C2,azo,CN(O)c1ncccc1N=NC=Nc1ccccc1,CN(O)c1ncccc1/N=N/C=Nc1ccccc1,CN(O)c1ncccc1/N=N\C=Nc1ccccc1,True,True,True,ok,255.281,3.214103768699343,0.39379600347003824,4.0,413.0058960272639,61.47830791204376,10.450497350857123,0.8625043555536271,73.57169656727814,0.12632102336229736,unified_conditional_rl,394.372168227915,59.77843619986306,18.209403352338416,0.6573862929949943,True,True,True,0.21715112318529184,PASS_AZO_PROXY,,,,,473,MC-AZO-0473
474,CN=NC1=NC=CC=C1/N=N/C=CC2=CC=NC=C2C=CC3=CC=CC=C3C=CC4=CC=CC=C4C,azo,CN=Nc1ncccc1/N=N/C=Cc1ccncc1C=Cc1ccccc1C=Cc1ccccc1C,C/N=N/c1ncccc1/N=N/C=Cc1ccncc1C=Cc1ccccc1C=Cc1ccccc1C,C/N=N\c1ncccc1/N=N/C=Cc1ccncc1C=Cc1ccccc1C=Cc1ccccc1C,True,True,True,ok,470.58000000000015,3.4745038438609797,0.19089896449619811,8.0,406.8934837579828,61.47830791204376,12.225717725437505,0.8625043555536271,50.313528786230904,0.13290147094243718,unified_conditional_rl,395.24474176608345,59.77843619986306,15.46544264773344,0.6573862929949943,True,True,True,0.2171381413024862,PASS_AZO_PROXY,,,,,474,MC-AZO-0474
475,CN(C)C=NC(C)=NC=C/N=N\C1=CC=CC=C1C,azo,CC(N=CN(C)C)=NC=C/N=N\c1ccccc1C,CC(N=CN(C)C)=NC=C/N=N/c1ccccc1C,CC(N=CN(C)C)=NC=C/N=N\c1ccccc1C,True,True,True,ok,257.341,3.6786271728423685,0.46199149567609205,4.0,411.5993148477498,61.47830791204376,7.007119210031625,0.8625043555536271,59.1891921351658,0.12445961378677028,unified_conditional_rl,397.31529925949127,59.77843619986306,10.34400971281224,0.6573862929949943,True,True,True,0.21711247190837674,PASS_AZO_PROXY,,,,,475,MC-AZO-0475
476,C1CN1C=CC2=CC=CC=C2/N=N/C3=CC=CC=C3C,azo,Cc1ccccc1/N=N/c1ccccc1C=CN1CC1,Cc1ccccc1/N=N/c1ccccc1C=CN1CC1,Cc1ccccc1/N=N\c1ccccc1C=CN1CC1,True,True,True,ok,263.34400000000005,2.676110755603638,0.5802238462390307,4.0,403.5069841836373,61.47830791204376,11.585011706586174,0.8625043555536271,57.0447886528126,0.14188485534556486,unified_conditional_rl,396.42631623820876,59.77843619986306,16.949670907451623,0.6573862929949943,True,True,True,0.2170225081396215,PASS_AZO_PROXY,,,,,476,MC-AZO-0476
477,CC=NC1=CC=CC=C1/N=NC2=NC=CC=C2/N=N/C3=CC=CC=C3,azo,CC=Nc1ccccc1N=Nc1ncccc1/N=N/c1ccccc1,CC=Nc1ccccc1/N=N/c1ncccc1/N=N/c1ccccc1,CC=Nc1ccccc1/N=N\c1ncccc1/N=N/c1ccccc1,True,True,True,ok,328.379,3.046716724742131,0.3820725341151597,5.0,409.70880336226975,61.47830791204376,9.169039845986129,0.8625043555536271,58.287953376825556,0.13215197101115914,unified_conditional_rl,395.18021542739206,59.77843619986306,18.1191052861747,0.6573862929949943,True,True,True,0.21701955810608486,PASS_AZO_PROXY,,,,,477,MC-AZO-0477
478,NC1=CC=CC=C1/N=NC2=CC=CC=C2C3=CC=CC=C3C=CC4=CC=CC=C4,azo,Nc1ccccc1N=Nc1ccccc1-c1ccccc1C=Cc1ccccc1,Nc1ccccc1/N=N/c1ccccc1-c1ccccc1C=Cc1ccccc1,Nc1ccccc1/N=N\c1ccccc1-c1ccccc1C=Cc1ccccc1,True,True,True,ok,375.47500000000014,2.3737745816285614,0.2187577918203993,5.0,395.49348566336283,61.47830791204376,11.19104803803031,0.8625043555536271,65.78985090917587,0.1552316957546633,unified_conditional_rl,390.7320886013945,59.77843619986306,22.945641073542312,0.6573862929949943,True,True,True,0.21700990009109739,PASS_AZO_PROXY,,,,,478,MC-AZO-0478
479,C1CC=C1/N=NC(C)=C/N=NC2=CC=CC=C2C,azo,CC(=CN=Nc1ccccc1C)N=NC1=CCC1,CC(=C/N=N/c1ccccc1C)N=NC1=CCC1,CC(=C/N=N\c1ccccc1C)N=NC1=CCC1,True,True,True,ok,240.30999999999997,3.6697928015575254,0.6595945143151438,4.0,400.9044247775687,61.47830791204376,7.825116487235568,0.8625043555536271,56.1552924480269,0.1410326146988851,unified_conditional_rl,394.9001692234962,59.77843619986306,15.052286545972915,0.6573862929949943,True,True,True,0.2170087067810177,PASS_AZO_PROXY,,,,,479,MC-AZO-0479
480,CC=NC1=NC=CN=C1/N=N/C2=CC=CC=C2C=O,azo,CC=Nc1nccnc1/N=N/c1ccccc1C=O,CC=Nc1nccnc1/N=N/c1ccccc1C=O,CC=Nc1nccnc1/N=N\c1ccccc1C=O,True,True,True,ok,253.26500000000001,3.3812721603077343,0.47527874036136686,4.0,403.51811862210616,61.47830791204376,11.616056038759833,0.8625043555536271,53.88141325392564,0.13907212313800926,unified_conditional_rl,392.1481262618947,59.77843619986306,19.602306765325594,0.6573862929949943,True,True,True,0.2169163310796409,PASS_AZO_PROXY,,,,,480,MC-AZO-0480
481,CC=CC1=NC=CC=C1/N=N/C2=CC=CC=C2C3=CC=CC=C3,azo,CC=Cc1ncccc1/N=N/c1ccccc1-c1ccccc1,CC=Cc1ncccc1/N=N/c1ccccc1-c1ccccc1,CC=Cc1ncccc1/N=N\c1ccccc1-c1ccccc1,True,True,True,ok,299.377,2.519619184738538,0.5285411812959382,4.0,406.7681342780079,61.47830791204376,13.58609908496324,0.8625043555536271,66.39402672208416,0.13622372248632372,unified_conditional_rl,392.00266256348374,59.77843619986306,21.744938524787624,0.6573862929949943,True,True,True,0.21690653007288319,PASS_AZO_PROXY,,,,,481,MC-AZO-0481
482,CC=CC1=NC=CC=C1/N=NC2=CC=CC=C2C3=CC=CC=C3,azo,CC=Cc1ncccc1N=Nc1ccccc1-c1ccccc1,CC=Cc1ncccc1/N=N/c1ccccc1-c1ccccc1,CC=Cc1ncccc1/N=N\c1ccccc1-c1ccccc1,True,True,True,ok,299.377,2.519619184738538,0.5285411812959382,4.0,406.7681342780079,61.47830791204376,13.58609908496324,0.8625043555536271,66.39402672208416,0.13622372248632372,unified_conditional_rl,392.00266256348374,59.77843619986306,21.744938524787624,0.6573862929949943,True,True,True,0.21690653007288319,PASS_AZO_PROXY,,,,,482,MC-AZO-0482
483,CC(C)C1=CC=CC=C1/N=NC2=CC=CC=C2/N=NC3=CC=CC=C3,azo,CC(C)c1ccccc1N=Nc1ccccc1N=Nc1ccccc1,CC(C)c1ccccc1/N=N/c1ccccc1N=Nc1ccccc1,CC(C)c1ccccc1/N=N\c1ccccc1N=Nc1ccccc1,True,True,True,ok,328.41900000000004,2.4979205723199502,0.43197641882676957,5.0,399.8120841999564,61.47830791204376,11.31205272694885,0.8625043555536271,45.7292815202041,0.1471831673100187,unified_conditional_rl,390.461882330935,59.77843619986306,22.694930263892793,0.6573862929949943,True,True,True,0.21689602082850823,PASS_AZO_PROXY,,,,,483,MC-AZO-0483
484,C1N=NC(C)=C1/N=NC2=CC=CC=C2/N=N/C3=CC=CC=C3N,azo,CC1=C(N=Nc2ccccc2/N=N/c2ccccc2N)CN=N1,CC1=C(/N=N/c2ccccc2/N=N/c2ccccc2N)CN=N1,CC1=C(/N=N\c2ccccc2/N=N/c2ccccc2N)CN=N1,True,True,True,ok,305.3450000000001,3.345411185143753,0.5876623483573662,4.0,401.8272908811355,61.47830791204376,8.490395773333303,0.8625043555536271,67.24839029743418,0.14233254793900071,unified_conditional_rl,396.5917516211038,59.77843619986306,15.03415063873983,0.6573862929949943,True,True,True,0.21687734086705104,PASS_AZO_PROXY,,,,,484,MC-AZO-0484
485,CC1=CC=CC=C1/N=NC=CC=CC2=CC=CC=C2,azo,Cc1ccccc1N=NC=CC=Cc1ccccc1,Cc1ccccc1/N=N/C=CC=Cc1ccccc1,Cc1ccccc1/N=N\C=CC=Cc1ccccc1,True,True,True,ok,248.32900000000006,2.6270228446234185,0.517437962537908,4.0,408.0139105857813,61.47830791204376,7.327678763519234,0.8625043555536271,42.767788708001376,0.1333066416288423,unified_conditional_rl,399.6838973758167,59.77843619986306,10.727216362151395,0.6573862929949943,True,True,True,0.21687360680267145,PASS_AZO_PROXY,,,,,485,MC-AZO-0485
486,CNN=NC1=CC=CC=C1/N=N/C2=CC=CC=C2C3=CC=CC=C3,azo,CNN=Nc1ccccc1/N=N/c1ccccc1-c1ccccc1,CN/N=N/c1ccccc1/N=N/c1ccccc1-c1ccccc1,CN/N=N\c1ccccc1/N=N/c1ccccc1-c1ccccc1,True,True,True,ok,315.38,2.667959781238121,0.4561272983293536,5.0,400.648061191506,61.47830791204376,10.472994897202561,0.8625043555536271,68.80458430985391,0.1468788629984552,unified_conditional_rl,393.607728576294,59.77843619986306,20.181278181060897,0.6573862929949943,True,True,True,0.21682324054807087,PASS_AZO_PROXY,,,,,486,MC-AZO-0486
487,CNN=NC1=CC=CC=C1/N=NC2=CC=CC=C2C3=CC=CC=C3,azo,CNN=Nc1ccccc1N=Nc1ccccc1-c1ccccc1,CN/N=N/c1ccccc1N=Nc1ccccc1-c1ccccc1,CN/N=N\c1ccccc1N=Nc1ccccc1-c1ccccc1,True,True,True,ok,315.38,2.667959781238121,0.4561272983293536,5.0,400.648061191506,61.47830791204376,10.472994897202561,0.8625043555536271,68.80458430985391,0.1468788629984552,unified_conditional_rl,393.607728576294,59.77843619986306,20.181278181060897,0.6573862929949943,True,True,True,0.21682324054807087,PASS_AZO_PROXY,,,,,487,MC-AZO-0487
488,C#C/N=NCC1=CC=CC=C1C=CC2=CC=CC=C2C3=CC=CC=C3Cl,azo,C#CN=NCc1ccccc1C=Cc1ccccc1-c1ccccc1Cl,C#C/N=N/Cc1ccccc1C=Cc1ccccc1-c1ccccc1Cl,C#C/N=N\Cc1ccccc1C=Cc1ccccc1-c1ccccc1Cl,True,True,True,ok,356.8560000000001,2.837155197965684,0.2751763137641074,5.0,395.8045082787036,61.47830791204376,8.826730450374267,0.8625043555536271,57.9428528886765,0.1546381417377705,unified_conditional_rl,392.997392479614,59.77843619986306,20.716134449113266,0.6573862929949943,True,True,True,0.2167821073919887,PASS_AZO_PROXY,,,,,488,MC-AZO-0488
489,C1OC=NC=C1/N=NC2=CC=CC=C2C=CC3=CC=CC=C3C,azo,Cc1ccccc1C=Cc1ccccc1N=NC1=CN=COC1,Cc1ccccc1C=Cc1ccccc1/N=N/C1=CN=COC1,Cc1ccccc1C=Cc1ccccc1/N=N\C1=CN=COC1,True,True,True,ok,303.36500000000007,3.314353800123156,0.5688710412568454,4.0,401.9052158730157,61.47830791204376,9.811609879630725,0.8625043555536271,52.08819918774782,0.14224733296544742,unified_conditional_rl,397.033540910277,59.77843619986306,14.38428424690467,0.6573862929949943,True,True,True,0.2167627786060884,PASS_AZO_PROXY,,,,,489,MC-AZO-0489
490,CC(N)=NCC1=CC=CC=C1/N=NC2=CC=CC=C2,azo,CC(N)=NCc1ccccc1N=Nc1ccccc1,CC(N)=NCc1ccccc1/N=N/c1ccccc1,CC(N)=NCc1ccccc1/N=N\c1ccccc1,True,True,True,ok,252.321,2.5005157966713707,0.4990207897405473,4.0,408.35785543299113,61.47830791204376,9.277844322964462,0.8625043555536271,64.75933018583908,0.13463937532004994,unified_conditional_rl,394.01334847611247,59.77843619986306,19.7846710514569,0.6573862929949943,True,True,True,0.21672677381194033,PASS_AZO_PROXY,,,,,490,MC-AZO-0490
491,CC=NNN=NC1=CC=CC=C1/N=N\C=CC2=CC=CC=C2C,azo,CC=NNN=Nc1ccccc1/N=N\C=Cc1ccccc1C,CC=NN/N=N/c1ccccc1/N=N\C=Cc1ccccc1C,CC=NN/N=N\c1ccccc1/N=N\C=Cc1ccccc1C,True,True,True,ok,306.37300000000005,3.500178119701733,0.436135853085845,6.0,408.8621282476645,61.47830791204376,8.129338021251284,0.8625043555536271,50.34615278860309,0.12990101021223946,unified_conditional_rl,397.53916215178833,59.77843619986306,12.170311703229423,0.6573862929949943,True,True,True,0.21658493580156746,PASS_AZO_PROXY,,,,,491,MC-AZO-0491
492,C1NC=NC=C1/N=NC2=CC=CC=C2C=CC3=CC=CC=C3,azo,C(=Cc1ccccc1N=NC1=CN=CNC1)c1ccccc1,C(=Cc1ccccc1/N=N/C1=CN=CNC1)c1ccccc1,C(=Cc1ccccc1/N=N\C1=CN=CNC1)c1ccccc1,True,True,True,ok,288.354,3.2172800005434006,0.657019334774888,4.0,394.713441007101,61.47830791204376,10.383712674564093,0.8625043555536271,56.02610549938578,0.15477825588323701,unified_conditional_rl,396.5617648987672,59.77843619986306,15.81499234495661,0.6573862929949943,True,True,True,0.21657194930217438,PASS_AZO_PROXY,,,,,492,MC-AZO-0492
493,CC=NC(C1)=CC=NC=C1/N=N\C2=CC=CC=C2C=CC3=CC=CC=C3C,azo,CC=NC1=CC=NC=C(/N=N\c2ccccc2C=Cc2ccccc2C)C1,CC=NC1=CC=NC=C(/N=N/c2ccccc2C=Cc2ccccc2C)C1,CC=NC1=CC=NC=C(/N=N\c2ccccc2C=Cc2ccccc2C)C1,True,True,True,ok,354.4570000000001,3.6392272276608058,0.3324488946554614,5.0,407.519325309511,61.47830791204376,9.811609879630725,0.8625043555536271,48.053616402891805,0.1311151784317416,unified_conditional_rl,395.45946216742874,59.77843619986306,14.38428424690467,0.6573862929949943,True,True,True,0.21653200721820393,PASS_AZO_PROXY,,,,,493,MC-AZO-0493
494,CC(C)N=NC1=CC=CC=C1/N=NC2=CC=CC=C2C=CC3=CC=CC=C3/N=NC4=CC=CC=C4C=CC5=CC=CC=C5,azo,CC(C)N=Nc1ccccc1N=Nc1ccccc1C=Cc1ccccc1N=Nc1ccccc1C=Cc1ccccc1,CC(C)/N=N/c1ccccc1N=Nc1ccccc1C=Cc1ccccc1N=Nc1ccccc1C=Cc1ccccc1,CC(C)/N=N\c1ccccc1N=Nc1ccccc1C=Cc1ccccc1N=Nc1ccccc1C=Cc1ccccc1,True,True,True,ok,560.7050000000003,3.116645595955762,0.12031365090037535,10.0,399.0166531285636,61.47830791204376,10.906083403433609,0.8625043555536271,44.07047377868025,0.14747992566133136,unified_conditional_rl,392.07040244802175,59.77843619986306,20.58779682650443,0.6573862929949943,True,True,True,0.21651012853546459,PASS_AZO_PROXY,,,,,494,MC-AZO-0494
495,CNC1=CC=CC=C1/N=N/C=CC2=CC=CC=C2C,azo,CNc1ccccc1/N=N/C=Cc1ccccc1C,CNc1ccccc1/N=N/C=Cc1ccccc1C,CNc1ccccc1/N=N\C=Cc1ccccc1C,True,True,True,ok,251.333,2.67287775471333,0.7790449792536224,4.0,404.3399888291818,61.47830791204376,8.129338021251284,0.8625043555536271,50.30742993809514,0.1402061593272027,unified_conditional_rl,399.8590769387635,59.77843619986306,12.170311703229423,0.6573862929949943,True,True,True,0.21645625045583788,PASS_AZO_PROXY,,,,,495,MC-AZO-0495
496,CN(C)C=NC=C1N=NC(C)=C1/N=NC2=CC=CC=C2C3=CC=NC=C3,azo,CC1=C(N=Nc2ccccc2-c2ccncc2)C(=CN=CN(C)C)N=N1,CC1=C(/N=N/c2ccccc2-c2ccncc2)C(=CN=CN(C)C)N=N1,CC1=C(/N=N\c2ccccc2-c2ccncc2)C(=CN=CN(C)C)N=N1,True,True,True,ok,345.4100000000001,3.5053371817713534,0.43595854384592525,5.0,402.84852281849135,61.47830791204376,11.816440551437418,0.8625043555536271,68.82099201760326,0.13948277935539669,unified_conditional_rl,394.6783634669226,59.77843619986306,16.690285331337172,0.6573862929949943,True,True,True,0.21644774287389804,PASS_AZO_PROXY,,,,,496,MC-AZO-0496
497,CC=NC=C1C=NC(C)=C1/N=NC2=CC=CC=C2C,azo,CC=NC=C1C=NC(C)=C1N=Nc1ccccc1C,CC=NC=C1C=NC(C)=C1/N=N/c1ccccc1C,CC=NC=C1C=NC(C)=C1/N=N\c1ccccc1C,True,True,True,ok,252.32100000000003,3.6378822768578507,0.5663184930384793,3.0,403.0215525205885,61.47830791204376,8.029688684519027,0.8625043555536271,47.25301418280742,0.13755598527669227,unified_conditional_rl,397.1513128372873,59.77843619986306,11.482669853208547,0.6573862929949943,True,True,True,0.21633066169042509,PASS_AZO_PROXY,,,,,497,MC-AZO-0497
498,C=CC(/N=NC1=CC=CC=C1C)=CC2=CC=CC=C2F,azo,C=CC(=Cc1ccccc1F)N=Nc1ccccc1C,C=CC(=Cc1ccccc1F)/N=N/c1ccccc1C,C=CC(=Cc1ccccc1F)/N=N\c1ccccc1C,True,True,True,ok,266.319,2.787527941140425,0.5193538039226833,4.0,398.40034169066706,61.47830791204376,9.563523076567757,0.8625043555536271,46.61637178775021,0.14976965920863497,unified_conditional_rl,394.8440000682479,59.77843619986306,18.587942610278827,0.6573862929949943,True,True,True,0.21631673081856587,PASS_AZO_PROXY,,,,,498,MC-AZO-0498
499,ON=NC=CC1=CC=CC=C1/N=NC2=CC=CC=C2C,azo,Cc1ccccc1N=Nc1ccccc1C=CN=NO,Cc1ccccc1/N=N/c1ccccc1C=CN=NO,Cc1ccccc1/N=N\c1ccccc1C=CN=NO,True,True,True,ok,266.30400000000003,3.1195887396885196,0.5975217460858538,4.0,401.10198823636847,61.47830791204376,7.390050500371949,0.8625043555536271,44.454182844872946,0.1435409904955354,unified_conditional_rl,399.62492813364844,59.77843619986306,10.234606200007457,0.6573862929949943,True,True,True,0.21629769711866453,PASS_AZO_PROXY,,,,,499,MC-AZO-0499
500,CN=NC=CC(C)=C/N=N/C1=CC=CC=C1C2=CC=CC=C2,azo,CN=NC=CC(C)=C/N=N/c1ccccc1-c1ccccc1,C/N=N/C=CC(C)=C/N=N/c1ccccc1-c1ccccc1,C/N=N\C=CC(C)=C/N=N/c1ccccc1-c1ccccc1,True,True,True,ok,290.37,3.3142784052636802,0.4833018234542791,5.0,405.55418232709843,61.47830791204376,10.357093990906165,0.8625043555536271,66.97422296051593,0.13685285815530507,unified_conditional_rl,393.97741973925855,59.77843619986306,18.50064693416093,0.6573862929949943,True,True,True,0.21629109632577587,PASS_AZO_PROXY,,,,,500,MC-AZO-0500
501,CC1=CC=CC=C1C2=CC=CC=C2C=CC3=CC=CC=C3C,stilbene,Cc1ccccc1C=Cc1ccccc1-c1ccccc1C,Cc1ccccc1/C=C/c1ccccc1-c1ccccc1C,Cc1ccccc1/C=C\c1ccccc1-c1ccccc1C,True,True,True,ok,284.40200000000004,1.850763741802142,0.5065924944365364,3.0,351.66596513255445,61.47830791204376,,,,0.3383543794627755,unified_conditional_rl,349.33279831701765,59.77843619986306,,,True,True,True,0.36073972532761367,PASS_STILBENE_STRUCTURAL_PROXY,,,,,1,MC-STILBENE-0501
502,CC1=CC=CC=C1C2=CC=CC=C2C=CC3=CC=CC=C3C4=CC=CC=C4C=CC5=CC=CC=C5C,stilbene,Cc1ccccc1C=Cc1ccccc1-c1ccccc1C=Cc1ccccc1-c1ccccc1C,Cc1ccccc1/C=C/c1ccccc1-c1ccccc1C=Cc1ccccc1-c1ccccc1C,Cc1ccccc1/C=C\c1ccccc1-c1ccccc1C=Cc1ccccc1-c1ccccc1C,True,True,True,ok,462.6360000000002,2.0353352177482833,0.22021330614324808,6.0,351.66596513255445,61.47830791204376,,,,0.3383543794627755,unified_conditional_rl,349.33279831701765,59.77843619986306,,,True,True,True,0.36073972532761367,PASS_STILBENE_STRUCTURAL_PROXY,,,,,2,MC-STILBENE-0502
503,CC1=CC=CC=C1C=CC2=CC=CC=C2C=CC3=CC=CC=C3C4=CC=CC=C4C,stilbene,Cc1ccccc1C=Cc1ccccc1C=Cc1ccccc1-c1ccccc1C,Cc1ccccc1/C=C/c1ccccc1C=Cc1ccccc1-c1ccccc1C,Cc1ccccc1/C=C\c1ccccc1C=Cc1ccccc1-c1ccccc1C,True,True,True,ok,386.5380000000001,2.035512050867089,0.3024963408661771,5.0,351.66596513255445,61.47830791204376,,,,0.3383543794627755,unified_conditional_rl,349.33279831701765,59.77843619986306,,,True,True,True,0.36073972532761367,PASS_STILBENE_STRUCTURAL_PROXY,,,,,3,MC-STILBENE-0503
504,CC1=CC=CC=C1C=CC2=CC=CC=C2C=CC3=CC=CC=C3C=CC4=CC=CC=C4C5=CC=CC=C5C,stilbene,Cc1ccccc1C=Cc1ccccc1C=Cc1ccccc1C=Cc1ccccc1-c1ccccc1C,Cc1ccccc1/C=C/c1ccccc1C=Cc1ccccc1C=Cc1ccccc1-c1ccccc1C,Cc1ccccc1/C=C\c1ccccc1C=Cc1ccccc1C=Cc1ccccc1-c1ccccc1C,True,True,True,ok,488.6740000000002,2.1998212145876384,0.19986241402488492,7.0,351.66596513255445,61.47830791204376,,,,0.3383543794627755,unified_conditional_rl,349.33279831701765,59.77843619986306,,,True,True,True,0.36073972532761367,PASS_STILBENE_STRUCTURAL_PROXY,,,,,4,MC-STILBENE-0504
505,CC1=CC=CC=C1C2=CC=CC=C2C=CC3=CC=CC=C3C=CC4=CC=CC=C4C=CC5=CC=CC=C5C=CC6=CC=CC=C6C,stilbene,Cc1ccccc1C=Cc1ccccc1C=Cc1ccccc1C=Cc1ccccc1C=Cc1ccccc1-c1ccccc1C,Cc1ccccc1/C=C/c1ccccc1C=Cc1ccccc1C=Cc1ccccc1C=Cc1ccccc1-c1ccccc1C,Cc1ccccc1/C=C\c1ccccc1C=Cc1ccccc1C=Cc1ccccc1C=Cc1ccccc1-c1ccccc1C,True,True,True,ok,590.8100000000002,2.3811778820028433,0.14695447586236704,9.0,351.66596513255445,61.47830791204376,,,,0.3383543794627755,unified_conditional_rl,349.33279831701765,59.77843619986306,,,True,True,True,0.36073972532761367,PASS_STILBENE_STRUCTURAL_PROXY,,,,,5,MC-STILBENE-0505
506,CC=CC1=CC=CC=C1C=CC2=CC=CC=C2C3=CC=CC=C3C,stilbene,CC=Cc1ccccc1C=Cc1ccccc1-c1ccccc1C,CC=Cc1ccccc1/C=C/c1ccccc1-c1ccccc1C,CC=Cc1ccccc1/C=C\c1ccccc1-c1ccccc1C,True,True,True,ok,310.44000000000005,2.174330606187821,0.461380209012431,4.0,355.131340769342,61.47830791204376,,,,0.33549886898595593,unified_conditional_rl,348.74584876674015,59.77843619986306,,,True,True,True,0.3605863256024526,PASS_STILBENE_STRUCTURAL_PROXY,,,,,6,MC-STILBENE-0506
507,CC=CC1=CC=CC=C1C=CC2=CC=CC=C2C3=CC=CC=C3C=CC4=CC=CC=C4C5=CC=CC=C5C,stilbene,CC=Cc1ccccc1C=Cc1ccccc1-c1ccccc1C=Cc1ccccc1-c1ccccc1C,CC=Cc1ccccc1/C=C/c1ccccc1-c1ccccc1C=Cc1ccccc1-c1ccccc1C,CC=Cc1ccccc1/C=C\c1ccccc1-c1ccccc1C=Cc1ccccc1-c1ccccc1C,True,True,True,ok,488.6740000000002,2.311753399897091,0.1998446897441828,7.0,355.131340769342,61.47830791204376,,,,0.33549886898595593,unified_conditional_rl,348.74584876674015,59.77843619986306,,,True,True,True,0.3605863256024526,PASS_STILBENE_STRUCTURAL_PROXY,,,,,7,MC-STILBENE-0507
508,CC=CC1=CC=CC=C1C=CC2=CC=CC=C2C=CC3=CC=CC=C3C4=CC=CC=C4C,stilbene,CC=Cc1ccccc1C=Cc1ccccc1C=Cc1ccccc1-c1ccccc1C,CC=Cc1ccccc1/C=C/c1ccccc1C=Cc1ccccc1-c1ccccc1C,CC=Cc1ccccc1/C=C\c1ccccc1C=Cc1ccccc1-c1ccccc1C,True,True,True,ok,412.57600000000014,2.3001550108656,0.2770727995840518,6.0,355.131340769342,61.47830791204376,,,,0.33549886898595593,unified_conditional_rl,348.74584876674015,59.77843619986306,,,True,True,True,0.3605863256024526,PASS_STILBENE_STRUCTURAL_PROXY,,,,,8,MC-STILBENE-0508
509,CC=CC1=CC=CC=C1C=CC2=CC=CC=C2C=CC3=CC=CC=C3C=CC4=CC=CC=C4C5=CC=CC=C5C,stilbene,CC=Cc1ccccc1C=Cc1ccccc1C=Cc1ccccc1C=Cc1ccccc1-c1ccccc1C,CC=Cc1ccccc1/C=C/c1ccccc1C=Cc1ccccc1C=Cc1ccccc1-c1ccccc1C,CC=Cc1ccccc1/C=C\c1ccccc1C=Cc1ccccc1C=Cc1ccccc1-c1ccccc1C,True,True,True,ok,514.7120000000002,2.434535277763537,0.18063549509685353,8.0,355.131340769342,61.47830791204376,,,,0.33549886898595593,unified_conditional_rl,348.74584876674015,59.77843619986306,,,True,True,True,0.3605863256024526,PASS_STILBENE_STRUCTURAL_PROXY,,,,,9,MC-STILBENE-0509
510,C1=CC=CC=C1N=CC2=CC=NC=C2C=CC3=CC=CC=C3,stilbene,C(=Cc1cnccc1C=Nc1ccccc1)c1ccccc1,C(=Nc1ccccc1)c1ccncc1/C=C/c1ccccc1,C(=Nc1ccccc1)c1ccncc1/C=C\c1ccccc1,True,True,True,ok,284.36199999999997,2.2814058746692734,0.6186328873313092,4.0,361.298821061663,61.47830791204376,,,,0.3236580255240037,unified_conditional_rl,351.4264781450632,59.77843619986306,,,True,True,True,0.36052352277168886,PASS_STILBENE_STRUCTURAL_PROXY,,,,,10,MC-STILBENE-0510
511,NC1=NC=CC=C1C=CC2=CC=CC=C2C=CC3=CC=CC=C3C=CC4=CC=CC=C4,stilbene,Nc1ncccc1C=Cc1ccccc1C=Cc1ccccc1C=Cc1ccccc1,Nc1ncccc1/C=C/c1ccccc1C=Cc1ccccc1C=Cc1ccccc1,Nc1ncccc1/C=C\c1ccccc1C=Cc1ccccc1C=Cc1ccccc1,True,True,True,ok,400.5250000000001,2.414220526125712,0.3482997083536894,6.0,351.27989505428667,61.47830791204376,,,,0.3384932635153672,unified_conditional_rl,351.4273859771104,59.77843619986306,,,True,True,True,0.36052317059409433,PASS_STILBENE_STRUCTURAL_PROXY,,,,,11,MC-STILBENE-0511
512,CC1=CC=CC=C1C2=CC=CC=C2C=CC3=CC=CC=C3,stilbene,Cc1ccccc1-c1ccccc1C=Cc1ccccc1,Cc1ccccc1-c1ccccc1/C=C/c1ccccc1,Cc1ccccc1-c1ccccc1/C=C\c1ccccc1,True,True,True,ok,270.375,1.7164076402832862,0.5249642655326133,3.0,355.982331498262,61.47830791204376,,,,0.3343635252419764,unified_conditional_rl,351.6939834500121,59.77843619986306,,,True,True,True,0.3604100856496577,PASS_STILBENE_STRUCTURAL_PROXY,,,,,12,MC-STILBENE-0512
513,CC1=CC=CC=C1C2=CC=CC=C2C=CC3=CC=CC=C3C4=CC=CC=C4C=CC5=CC=CC=C5,stilbene,Cc1ccccc1-c1ccccc1C=Cc1ccccc1-c1ccccc1C=Cc1ccccc1,Cc1ccccc1-c1ccccc1/C=C/c1ccccc1-c1ccccc1C=Cc1ccccc1,Cc1ccccc1-c1ccccc1/C=C\c1ccccc1-c1ccccc1C=Cc1ccccc1,True,True,True,ok,448.60900000000015,2.050110354595944,0.22678816981684075,6.0,355.982331498262,61.47830791204376,,,,0.3343635252419764,unified_conditional_rl,351.6939834500121,59.77843619986306,,,True,True,True,0.3604100856496577,PASS_STILBENE_STRUCTURAL_PROXY,,,,,13,MC-STILBENE-0513
514,CC1=CC=CC=C1C2=CC=CC=C2C=CC3=CC=CC=C3C=CC4=CC=CC=C4,stilbene,Cc1ccccc1-c1ccccc1C=Cc1ccccc1C=Cc1ccccc1,Cc1ccccc1-c1ccccc1/C=C/c1ccccc1C=Cc1ccccc1,Cc1ccccc1-c1ccccc1/C=C\c1ccccc1C=Cc1ccccc1,True,True,True,ok,372.5110000000001,2.039867021717198,0.3112589555882587,5.0,355.982331498262,61.47830791204376,,,,0.3343635252419764,unified_conditional_rl,351.6939834500121,59.77843619986306,,,True,True,True,0.3604100856496577,PASS_STILBENE_STRUCTURAL_PROXY,,,,,14,MC-STILBENE-0514
515,CC1=CC=CC=C1C2=CC=CC=C2C=CC3=CC=CC=C3C=CC4=CC=CC=C4C5=CC=CC=C5C=CC6=CC=CC=C6,stilbene,Cc1ccccc1-c1ccccc1C=Cc1ccccc1C=Cc1ccccc1-c1ccccc1C=Cc1ccccc1,Cc1ccccc1-c1ccccc1/C=C/c1ccccc1C=Cc1ccccc1-c1ccccc1C=Cc1ccccc1,Cc1ccccc1-c1ccccc1/C=C\c1ccccc1C=Cc1ccccc1-c1ccccc1C=Cc1ccccc1,True,True,True,ok,550.7450000000002,2.278650775268016,0.16534581530990952,8.0,355.982331498262,61.47830791204376,,,,0.3343635252419764,unified_conditional_rl,351.6939834500121,59.77843619986306,,,True,True,True,0.3604100856496577,PASS_STILBENE_STRUCTURAL_PROXY,,,,,15,MC-STILBENE-0515
516,CC1=CC=CC=C1C2=CC=CC=C2C=CC3=CC=CC=C3C=CC4=CC=CC=C4C=CC5=CC=CC=C5,stilbene,Cc1ccccc1-c1ccccc1C=Cc1ccccc1C=Cc1ccccc1C=Cc1ccccc1,Cc1ccccc1-c1ccccc1/C=C/c1ccccc1C=Cc1ccccc1C=Cc1ccccc1,Cc1ccccc1-c1ccccc1/C=C\c1ccccc1C=Cc1ccccc1C=Cc1ccccc1,True,True,True,ok,474.64700000000016,2.2148250838668897,0.20582102906007504,7.0,355.982331498262,61.47830791204376,,,,0.3343635252419764,unified_conditional_rl,351.6939834500121,59.77843619986306,,,True,True,True,0.3604100856496577,PASS_STILBENE_STRUCTURAL_PROXY,,,,,16,MC-STILBENE-0516
517,CC1=CC=CC=C1C2=CC=CC=C2C=CC3=CC=CC=C3C=CC4=CC=CC=C4C=CC5=CC=CC=C5C=CC6=CC=CC=C6,stilbene,Cc1ccccc1-c1ccccc1C=Cc1ccccc1C=Cc1ccccc1C=Cc1ccccc1C=Cc1ccccc1,Cc1ccccc1-c1ccccc1/C=C/c1ccccc1C=Cc1ccccc1C=Cc1ccccc1C=Cc1ccccc1,Cc1ccccc1-c1ccccc1/C=C\c1ccccc1C=Cc1ccccc1C=Cc1ccccc1C=Cc1ccccc1,True,True,True,ok,576.7830000000002,2.402309846972866,0.1501946004196729,9.0,355.982331498262,61.47830791204376,,,,0.3343635252419764,unified_conditional_rl,351.6939834500121,59.77843619986306,,,True,True,True,0.3604100856496577,PASS_STILBENE_STRUCTURAL_PROXY,,,,,17,MC-STILBENE-0517
518,CC1=CC=CC=C1C=CC2=CC=CC=C2C=CC3=CC=CC=C3[N+1],stilbene,Cc1ccccc1C=Cc1ccccc1C=Cc1ccccc1[N+],Cc1ccccc1/C=C/c1ccccc1C=Cc1ccccc1[N+],Cc1ccccc1/C=C\c1ccccc1C=Cc1ccccc1[N+],True,True,True,ok,309.41200000000003,2.6807341698319505,0.5245396293237812,4.0,355.13720847390476,61.47830791204376,,,,0.3354916157750803,unified_conditional_rl,351.9864166029834,59.77843619986306,,,True,True,True,0.3602639176088871,PASS_STILBENE_STRUCTURAL_PROXY,,,,,18,MC-STILBENE-0518
519,C1C=C1C=CC2=CC=CC=C2C=CC3=CC=CC=C3C=CC4=CC=CC=C4C5=CC=CC=C5C,stilbene,Cc1ccccc1-c1ccccc1C=Cc1ccccc1C=Cc1ccccc1C=CC1=CC1,Cc1ccccc1-c1ccccc1/C=C/c1ccccc1C=Cc1ccccc1C=CC1=CC1,Cc1ccccc1-c1ccccc1/C=C\c1ccccc1C=Cc1ccccc1C=CC1=CC1,True,True,True,ok,436.5980000000002,2.572760620886971,0.2531353431873743,7.0,359.9606067294453,61.47830791204376,,,,0.3269113718192677,unified_conditional_rl,352.3925634487294,59.77843619986306,,,True,True,True,0.3600226056297036,PASS_STILBENE_STRUCTURAL_PROXY,,,,,19,MC-STILBENE-0519
520,C=C(C)C1=CC=NC=C1C=CC2=CC=CC=C2C=CC3=CC=NC=C3C=CC4=CC=CC=C4,stilbene,C=C(C)c1ccncc1C=Cc1ccccc1C=Cc1ccncc1C=Cc1ccccc1,C=C(C)c1ccncc1/C=C/c1ccccc1C=Cc1ccncc1C=Cc1ccccc1,C=C(C)c1ccncc1/C=C\c1ccccc1C=Cc1ccncc1C=Cc1ccccc1,True,True,True,ok,426.5630000000001,2.8801620604655263,0.2988953363634513,7.0,359.61469681955276,61.47830791204376,,,,0.32769374294218506,unified_conditional_rl,352.4296825632232,59.77843619986306,,,True,True,True,0.3599983344946475,PASS_STILBENE_STRUCTURAL_PROXY,,,,,20,MC-STILBENE-0520
521,C=CC1=CC=CC=C1C2=CC=CC=C2C=CC3=CC=CC=C3C=CC4=CC=CC=C4C5=CC=CC=C5C,stilbene,C=Cc1ccccc1-c1ccccc1C=Cc1ccccc1C=Cc1ccccc1-c1ccccc1C,C=Cc1ccccc1-c1ccccc1/C=C/c1ccccc1C=Cc1ccccc1-c1ccccc1C,C=Cc1ccccc1-c1ccccc1/C=C\c1ccccc1C=Cc1ccccc1-c1ccccc1C,True,True,True,ok,474.6470000000002,2.3086369103889908,0.20580003343865014,7.0,356.77273039902866,61.47830791204376,,,,0.33316025678664823,unified_conditional_rl,347.05812686411815,59.77843619986306,,,True,True,True,0.35962563714805856,PASS_STILBENE_STRUCTURAL_PROXY,,,,,21,MC-STILBENE-0521
522,COC1=CC=CC=C1/N=CC2=CC=CC=C2C=CC3=CC=CC=C3,stilbene,COc1ccccc1N=Cc1ccccc1C=Cc1ccccc1,COc1ccccc1N=Cc1ccccc1/C=C/c1ccccc1,COc1ccccc1N=Cc1ccccc1/C=C\c1ccccc1,True,True,True,ok,313.40000000000003,2.1287047433182966,0.44255823657526866,5.0,363.8247374949592,61.47830791204376,,,,0.3165932789524583,unified_conditional_rl,353.68030899593674,59.77843619986306,,,True,True,True,0.358964870950938,PASS_STILBENE_STRUCTURAL_PROXY,,,,,22,MC-STILBENE-0522
523,CC=CC1=CC=CC=C1C=CC2=CC=CC=C2C=CC3=CC=CC=C3C=CC4=CC=CC=C4C=NC5=CC=CC=C5,stilbene,CC=Cc1ccccc1C=Cc1ccccc1C=Cc1ccccc1C=Cc1ccccc1C=Nc1ccccc1,CC=Cc1ccccc1/C=C/c1ccccc1C=Cc1ccccc1C=Cc1ccccc1C=Nc1ccccc1,CC=Cc1ccccc1/C=C\c1ccccc1C=Cc1ccccc1C=Cc1ccccc1C=Nc1ccccc1,True,True,True,ok,527.7110000000002,2.6116725739517914,0.13348816057716362,9.0,362.23318775308934,61.47830791204376,,,,0.32118055648105215,unified_conditional_rl,353.9175298133202,59.77843619986306,,,True,True,True,0.35872186222460295,PASS_STILBENE_STRUCTURAL_PROXY,,,,,23,MC-STILBENE-0523
524,CC=CC1=CC=CC=C1C=CC2=CC=CC=C2C=CC3=CC=CC=C3C=NC4=CC=CC=C4,stilbene,CC=Cc1ccccc1C=Cc1ccccc1C=Cc1ccccc1C=Nc1ccccc1,CC=Cc1ccccc1/C=C/c1ccccc1C=Cc1ccccc1C=Nc1ccccc1,CC=Cc1ccccc1/C=C\c1ccccc1C=Cc1ccccc1C=Nc1ccccc1,True,True,True,ok,425.5750000000001,2.5057010746928707,0.20711352754603646,7.0,362.23318775308934,61.47830791204376,,,,0.32118055648105215,unified_conditional_rl,353.9175298133202,59.77843619986306,,,True,True,True,0.35872186222460295,PASS_STILBENE_STRUCTURAL_PROXY,,,,,24,MC-STILBENE-0524
525,CC=CC1=CC=CC=C1C=CC2=CC=CC=C2C=NC3=CC=CC=C3,stilbene,CC=Cc1ccccc1C=Cc1ccccc1C=Nc1ccccc1,CC=Cc1ccccc1/C=C/c1ccccc1C=Nc1ccccc1,CC=Cc1ccccc1/C=C\c1ccccc1C=Nc1ccccc1,True,True,True,ok,323.439,2.429571194596601,0.3684295617527906,5.0,362.23318775308934,61.47830791204376,,,,0.32118055648105215,unified_conditional_rl,353.9175298133202,59.77843619986306,,,True,True,True,0.35872186222460295,PASS_STILBENE_STRUCTURAL_PROXY,,,,,25,MC-STILBENE-0525
526,OC=CC1=CC=CC=C1C=CC2=CC=CC=C2C3=CC=CC=C3C,stilbene,Cc1ccccc1-c1ccccc1C=Cc1ccccc1C=CO,Cc1ccccc1-c1ccccc1/C=C/c1ccccc1C=CO,Cc1ccccc1-c1ccccc1/C=C\c1ccccc1C=CO,True,True,True,ok,312.41200000000003,2.3241637930010075,0.438685742965535,4.0,361.4618442750373,61.47830791204376,,,,0.32323769942573977,unified_conditional_rl,353.9235261741874,59.77843619986306,,,True,True,True,0.3587155267730902,PASS_STILBENE_STRUCTURAL_PROXY,,,,,26,MC-STILBENE-0526
527,C1=CC=CC=C1C=CC2=CC=CC=C2C=CC3=CC=NC=C3C=CC4=CC=CC=C4,stilbene,C(=Cc1ccccc1C=Cc1ccncc1C=Cc1ccccc1)c1ccccc1,C(=Cc1cnccc1C=Cc1ccccc1/C=C/c1ccccc1)c1ccccc1,C(=Cc1cnccc1C=Cc1ccccc1/C=C\c1ccccc1)c1ccccc1,True,True,True,ok,385.51000000000005,2.288486801111608,0.31150296016068346,6.0,357.2656011907821,61.47830791204376,,,,0.3323385845861221,unified_conditional_rl,354.2649928543345,59.77843619986306,,,True,True,True,0.3583391145446832,PASS_STILBENE_STRUCTURAL_PROXY,,,,,27,MC-STILBENE-0527
528,C1=CC=CC=C1C=CC2=CC=NC=C2C=CC3=CC=CC=C3C=CC4=CC=CC=C4,stilbene,C(=Cc1ccccc1C=Cc1cnccc1C=Cc1ccccc1)c1ccccc1,C(=Cc1ccncc1C=Cc1ccccc1/C=C/c1ccccc1)c1ccccc1,C(=Cc1ccncc1C=Cc1ccccc1/C=C\c1ccccc1)c1ccccc1,True,True,True,ok,385.51000000000005,2.288486801111608,0.31150296016068346,6.0,357.2656011907821,61.47830791204376,,,,0.3323385845861221,unified_conditional_rl,354.2649928543345,59.77843619986306,,,True,True,True,0.3583391145446832,PASS_STILBENE_STRUCTURAL_PROXY,,,,,28,MC-STILBENE-0528
529,CC1=CC=CC=C1C=CC2=CC=CC=C2C,stilbene,Cc1ccccc1C=Cc1ccccc1C,Cc1ccccc1/C=C/c1ccccc1C,Cc1ccccc1/C=C\c1ccccc1C,True,True,True,ok,208.304,1.7346046626393026,0.6384808738482258,2.0,355.9045918547708,61.47830791204376,,,,0.33447417722391876,unified_conditional_rl,354.30812831075497,59.77843619986306,,,True,True,True,0.3582893829793688,PASS_STILBENE_STRUCTURAL_PROXY,,,,,29,MC-STILBENE-0529
530,CC1=CC=CC=C1C=CC2=CC=CC=C2C=CC3=CC=CC=C3C,stilbene,Cc1ccccc1C=Cc1ccccc1C=Cc1ccccc1C,Cc1ccccc1C=Cc1ccccc1/C=C/c1ccccc1C,Cc1ccccc1C=Cc1ccccc1/C=C\c1ccccc1C,True,True,True,ok,310.44000000000005,1.8663740057880513,0.47349352326935773,4.0,355.9045918547708,61.47830791204376,,,,0.33447417722391876,unified_conditional_rl,354.30812831075497,59.77843619986306,,,True,True,True,0.3582893829793688,PASS_STILBENE_STRUCTURAL_PROXY,,,,,30,MC-STILBENE-0530
531,CC1=CC=CC=C1C=CC2=CC=CC=C2C=CC3=CC=CC=C3C=CC4=CC=CC=C4C,stilbene,Cc1ccccc1C=Cc1ccccc1C=Cc1ccccc1C=Cc1ccccc1C,Cc1ccccc1C=Cc1ccccc1C=Cc1ccccc1/C=C/c1ccccc1C,Cc1ccccc1C=Cc1ccccc1C=Cc1ccccc1/C=C\c1ccccc1C,True,True,True,ok,412.57600000000014,1.9816104455898742,0.27750120332071293,6.0,355.9045918547708,61.47830791204376,,,,0.33447417722391876,unified_conditional_rl,354.30812831075497,59.77843619986306,,,True,True,True,0.3582893829793688,PASS_STILBENE_STRUCTURAL_PROXY,,,,,31,MC-STILBENE-0531
532,CC1=CC=CC=C1C=CC2=CC=CC=C2[C@H1]=CC3=CC=CC=C3C=CC4=CC=CC=C4C=CC5=CC=CC=C5C,stilbene,Cc1ccccc1C=Cc1ccccc1C=Cc1ccccc1C=Cc1ccccc1C=Cc1ccccc1C,Cc1ccccc1C=Cc1ccccc1C=Cc1ccccc1C=Cc1ccccc1/C=C/c1ccccc1C,Cc1ccccc1C=Cc1ccccc1C=Cc1ccccc1C=Cc1ccccc1/C=C\c1ccccc1C,True,True,True,ok,514.7120000000002,2.126474942286139,0.18064219141458746,8.0,355.9045918547708,61.47830791204376,,,,0.33447417722391876,unified_conditional_rl,354.30812831075497,59.77843619986306,,,True,True,True,0.3582893829793688,PASS_STILBENE_STRUCTURAL_PROXY,,,,,32,MC-STILBENE-0532
533,CC1=CC=CC=C1C2=CC=CC=C2C=CC3=CC=CC=C3C=CC4=CC=CC=C4Cl,stilbene,Cc1ccccc1-c1ccccc1C=Cc1ccccc1C=Cc1ccccc1Cl,Cc1ccccc1-c1ccccc1/C=C/c1ccccc1C=Cc1ccccc1Cl,Cc1ccccc1-c1ccccc1/C=C\c1ccccc1C=Cc1ccccc1Cl,True,True,True,ok,406.95600000000013,2.1475695498701857,0.29065046035876446,5.0,356.9342020487973,61.47830791204376,,,,0.3328970540563105,unified_conditional_rl,354.42536372707355,59.77843619986306,,,True,True,True,0.35815175492546864,PASS_STILBENE_STRUCTURAL_PROXY,,,,,33,MC-STILBENE-0533
534,NC1=CC=CC=C1C=CC2=CC=NC=C2C=CC3=CC=CC=C3C=CC4=CC=CC=C4,stilbene,Nc1ccccc1C=Cc1ccncc1C=Cc1ccccc1C=Cc1ccccc1,Nc1ccccc1/C=C/c1ccncc1C=Cc1ccccc1C=Cc1ccccc1,Nc1ccccc1/C=C\c1ccncc1C=Cc1ccccc1C=Cc1ccccc1,True,True,True,ok,400.5250000000001,2.5933403256759764,0.27502696237804813,6.0,360.1226602284899,61.47830791204376,,,,0.3265364388616828,unified_conditional_rl,354.4887186017127,59.77843619986306,,,True,True,True,0.3580758813464178,PASS_STILBENE_STRUCTURAL_PROXY,,,,,34,MC-STILBENE-0534
535,NOCC1=CC=NC=C1C=CC2=CC=CC=C2C=CC3=CC=CC=C3C=CC4=CC=CC=C4,stilbene,NOCc1ccncc1C=Cc1ccccc1C=Cc1ccccc1C=Cc1ccccc1,NOCc1ccncc1/C=C/c1ccccc1C=Cc1ccccc1C=Cc1ccccc1,NOCc1ccncc1/C=C\c1ccccc1C=Cc1ccccc1C=Cc1ccccc1,True,True,True,ok,430.55100000000016,2.77802864351429,0.24217675867356453,8.0,362.230931002488,61.47830791204376,,,,0.32118673745136206,unified_conditional_rl,354.5897021882974,59.77843619986306,,,True,True,True,0.35795277399663855,PASS_STILBENE_STRUCTURAL_PROXY,,,,,35,MC-STILBENE-0535
536,C1=CC=NC=C1C=CC2=CC=CC=C2C=CC3=CC=CC=C3C=CC4=CC=CC=C4C=CC5=CC=CC=C5,stilbene,C(=Cc1ccccc1C=Cc1ccccc1C=Cc1ccccc1C=Cc1cccnc1)c1ccccc1,C(=Cc1ccccc1C=Cc1ccccc1C=Cc1ccccc1/C=C/c1ccccc1)c1cccnc1,C(=Cc1ccccc1C=Cc1ccccc1C=Cc1ccccc1/C=C\c1ccccc1)c1cccnc1,True,True,True,ok,487.64600000000013,2.379332455709701,0.19849600501084486,8.0,357.43685020148024,61.47830791204376,,,,0.33204041973822146,unified_conditional_rl,354.7110259754957,59.77843619986306,,,True,True,True,0.35780135005355335,PASS_STILBENE_STRUCTURAL_PROXY,,,,,36,MC-STILBENE-0536
537,C1=NC=CC=C1C=CC2=CC=CC=C2C=CC3=CC=CC=C3C=CC4=CC=CC=C4,stilbene,C(=Cc1ccccc1C=Cc1ccccc1C=Cc1cccnc1)c1ccccc1,C(=Cc1ccccc1C=Cc1ccccc1/C=C/c1ccccc1)c1cccnc1,C(=Cc1ccccc1C=Cc1ccccc1/C=C\c1ccccc1)c1cccnc1,True,True,True,ok,385.51000000000005,2.249159108803914,0.31150296016068346,6.0,357.43685020148024,61.47830791204376,,,,0.33204041973822146,unified_conditional_rl,354.7110259754957,59.77843619986306,,,True,True,True,0.35780135005355335,PASS_STILBENE_STRUCTURAL_PROXY,,,,,37,MC-STILBENE-0537
538,C1=CC=NC=C1C=CC2=CC=CC=C2C=CC3=CC=CC=C3,stilbene,C(=Cc1ccccc1C=Cc1cccnc1)c1ccccc1,C(=Cc1ccccc1/C=C/c1ccccc1)c1cccnc1,C(=Cc1ccccc1/C=C\c1ccccc1)c1cccnc1,True,True,True,ok,283.37399999999997,2.0673443362077357,0.5823124260943298,4.0,357.43685020148024,61.47830791204376,,,,0.33204041973822146,unified_conditional_rl,354.7110259754957,59.77843619986306,,,True,True,True,0.35780135005355335,PASS_STILBENE_STRUCTURAL_PROXY,,,,,38,MC-STILBENE-0538
539,CC1=CC=CC=C1C=CC2=CC=CC=C2C=CC3=CC=CC=C3C4=CC=NC=C4,stilbene,Cc1ccccc1C=Cc1ccccc1C=Cc1ccccc1-c1ccncc1,Cc1ccccc1/C=C/c1ccccc1C=Cc1ccccc1-c1ccncc1,Cc1ccccc1/C=C\c1ccccc1C=Cc1ccccc1-c1ccncc1,True,True,True,ok,373.4990000000001,2.287817336548059,0.3321457660205419,5.0,359.1851187568811,61.47830791204376,,,,0.32863094736635273,unified_conditional_rl,354.7176027415194,59.77843619986306,,,True,True,True,0.3577930319741659,PASS_STILBENE_STRUCTURAL_PROXY,,,,,39,MC-STILBENE-0539
540,OC1=CC=NC=C1C=CC2=CC=NC=C2C=CC3=CC=CC=C3,stilbene,Oc1ccncc1C=Cc1ccncc1C=Cc1ccccc1,Oc1ccncc1/C=C/c1ccncc1C=Cc1ccccc1,Oc1ccncc1/C=C\c1ccncc1C=Cc1ccccc1,True,True,True,ok,300.361,2.600230270711391,0.7700562036809699,4.0,361.97817891258114,61.47830791204376,,,,0.3218730167371632,unified_conditional_rl,354.8821589442921,59.77843619986306,,,True,True,True,0.35758124309390504,PASS_STILBENE_STRUCTURAL_PROXY,,,,,40,MC-STILBENE-0540
541,C1C=C1C=CC2=CC=CC=C2C=CC3=CC=CC=C3C=CC4=CC=CC=C4C=CC5=CC=CC=C5N,stilbene,Nc1ccccc1C=Cc1ccccc1C=Cc1ccccc1C=Cc1ccccc1C=CC1=CC1,Nc1ccccc1/C=C/c1ccccc1C=Cc1ccccc1C=Cc1ccccc1C=CC1=CC1,Nc1ccccc1/C=C\c1ccccc1C=Cc1ccccc1C=Cc1ccccc1C=CC1=CC1,True,True,True,ok,463.6240000000002,2.6644914250400884,0.2045460341025284,8.0,367.9302278017307,61.47830791204376,,,,0.30286926792242885,unified_conditional_rl,355.05084322501267,59.77843619986306,,,True,True,True,0.3573568444167057,PASS_STILBENE_STRUCTURAL_PROXY,,,,,41,MC-STILBENE-0541
542,CC1=CC=CC=C1C=CC2=CC=CC=C2C=CC3=CC=CC=C3C=CC4=CC=CC=C4C=NC5=CC=CC=C5,stilbene,Cc1ccccc1C=Cc1ccccc1C=Cc1ccccc1C=Cc1ccccc1C=Nc1ccccc1,Cc1ccccc1/C=C/c1ccccc1C=Cc1ccccc1C=Cc1ccccc1C=Nc1ccccc1,Cc1ccccc1/C=C\c1ccccc1C=Cc1ccccc1C=Cc1ccccc1C=Nc1ccccc1,True,True,True,ok,501.6730000000002,2.471580652364228,0.1480906926220979,8.0,360.53676904471035,61.47830791204376,,,,0.3255542679053399,unified_conditional_rl,355.0723762286431,59.77843619986306,,,True,True,True,0.35732766887259887,PASS_STILBENE_STRUCTURAL_PROXY,,,,,42,MC-STILBENE-0542
543,CC1=CC=CC=C1C=CC2=CC=CC=C2C=CC3=CC=CC=C3C=NC4=CC=CC=C4,stilbene,Cc1ccccc1C=Cc1ccccc1C=Cc1ccccc1C=Nc1ccccc1,Cc1ccccc1/C=C/c1ccccc1C=Cc1ccccc1C=Nc1ccccc1,Cc1ccccc1/C=C\c1ccccc1C=Cc1ccccc1C=Nc1ccccc1,True,True,True,ok,399.5370000000001,2.3422852418447757,0.22940925128297177,6.0,360.53676904471035,61.47830791204376,,,,0.3255542679053399,unified_conditional_rl,355.0723762286431,59.77843619986306,,,True,True,True,0.35732766887259887,PASS_STILBENE_STRUCTURAL_PROXY,,,,,43,MC-STILBENE-0543
544,CC1=CC=CC=C1C=CC2=CC=CC=C2C=NC3=CC=CC=C3,stilbene,Cc1ccccc1C=Cc1ccccc1C=Nc1ccccc1,Cc1ccccc1/C=C/c1ccccc1C=Nc1ccccc1,Cc1ccccc1/C=C\c1ccccc1C=Nc1ccccc1,True,True,True,ok,297.401,2.1409655648290364,0.41871726924529834,4.0,360.53676904471035,61.47830791204376,,,,0.3255542679053399,unified_conditional_rl,355.0723762286431,59.77843619986306,,,True,True,True,0.35732766887259887,PASS_STILBENE_STRUCTURAL_PROXY,,,,,44,MC-STILBENE-0544
545,CC1=CC=NC=C1C=CC2=CC=CC=C2C=CC3=CC=CC=C3,stilbene,Cc1ccncc1C=Cc1ccccc1C=Cc1ccccc1,Cc1ccncc1/C=C/c1ccccc1C=Cc1ccccc1,Cc1ccncc1/C=C\c1ccccc1C=Cc1ccccc1,True,True,True,ok,297.401,2.233626877046232,0.560250127757053,4.0,356.98688525855323,61.47830791204376,,,,0.33280991339111243,unified_conditional_rl,355.1148851888615,59.77843619986306,,,True,True,True,0.3572697205308148,PASS_STILBENE_STRUCTURAL_PROXY,,,,,45,MC-STILBENE-0545
546,CC1=CC=NC=C1C=CC2=CC=CC=C2C=CC3=CC=CC=C3C=CC4=CC=CC=C4,stilbene,Cc1ccncc1C=Cc1ccccc1C=Cc1ccccc1C=Cc1ccccc1,Cc1ccncc1/C=C/c1ccccc1C=Cc1ccccc1C=Cc1ccccc1,Cc1ccncc1/C=C\c1ccccc1C=Cc1ccccc1C=Cc1ccccc1,True,True,True,ok,399.5370000000001,2.4602456282805747,0.3002558037792772,6.0,356.98688525855323,61.47830791204376,,,,0.33280991339111243,unified_conditional_rl,355.1148851888615,59.77843619986306,,,True,True,True,0.3572697205308148,PASS_STILBENE_STRUCTURAL_PROXY,,,,,46,MC-STILBENE-0546
547,CC1=CC=NC=C1C=CC2=CC=CC=C2C=CC3=CC=CC=C3C=CC4=CC=CC=C4C=CC5=CC=CC=C5,stilbene,Cc1ccncc1C=Cc1ccccc1C=Cc1ccccc1C=Cc1ccccc1C=Cc1ccccc1,Cc1ccncc1/C=C/c1ccccc1C=Cc1ccccc1C=Cc1ccccc1C=Cc1ccccc1,Cc1ccncc1/C=C\c1ccccc1C=Cc1ccccc1C=Cc1ccccc1C=Cc1ccccc1,True,True,True,ok,501.6730000000002,2.575370943078658,0.19275843504046458,8.0,356.98688525855323,61.47830791204376,,,,0.33280991339111243,unified_conditional_rl,355.1148851888615,59.77843619986306,,,True,True,True,0.3572697205308148,PASS_STILBENE_STRUCTURAL_PROXY,,,,,47,MC-STILBENE-0547
548,CC=CC1=CC=NC=C1C=CC2=CC=CC=C2,stilbene,CC=Cc1ccncc1C=Cc1ccccc1,CC=Cc1ccncc1/C=C/c1ccccc1,CC=Cc1ccncc1/C=C\c1ccccc1,True,True,True,ok,221.30300000000003,2.3421758126097867,0.7532399426681342,3.0,362.54766652352464,61.47830791204376,,,,0.32031008194404254,unified_conditional_rl,355.12285939257845,59.77843619986306,,,True,True,True,0.35725879804532445,PASS_STILBENE_STRUCTURAL_PROXY,,,,,48,MC-STILBENE-0548
549,NC1=CC=CC=C1C=CC2=CC=CC=C2C=CC3=CC=CC=C3C4=CC=CC=C4C,stilbene,Cc1ccccc1-c1ccccc1C=Cc1ccccc1C=Cc1ccccc1N,Cc1ccccc1-c1ccccc1/C=C/c1ccccc1C=Cc1ccccc1N,Cc1ccccc1-c1ccccc1/C=C\c1ccccc1C=Cc1ccccc1N,True,True,True,ok,387.5260000000001,2.2337382561638908,0.2770080731657543,5.0,357.3372688430497,61.47830791204376,,,,0.332214593989263,unified_conditional_rl,355.12504554315024,59.77843619986306,,,True,True,True,0.35725580074529206,PASS_STILBENE_STRUCTURAL_PROXY,,,,,49,MC-STILBENE-0549
550,CC1=CC=CC=C1C2=CC=CC=C2C=CC3=CC=CC=C3N,stilbene,Cc1ccccc1-c1ccccc1C=Cc1ccccc1N,Cc1ccccc1-c1ccccc1/C=C/c1ccccc1N,Cc1ccccc1-c1ccccc1/C=C\c1ccccc1N,True,True,True,ok,285.39000000000004,1.9706909052636803,0.5047655354958582,3.0,357.3372688430497,61.47830791204376,,,,0.332214593989263,unified_conditional_rl,355.12504554315024,59.77843619986306,,,True,True,True,0.35725580074529206,PASS_STILBENE_STRUCTURAL_PROXY,,,,,50,MC-STILBENE-0550
551,C1C(C)CC=C1C=CC2=CC=CC=C2C=CC3=CC=CC=C3,stilbene,CC1CC=C(C=Cc2ccccc2C=Cc2ccccc2)C1,CC1CC=C(C=Cc2ccccc2/C=C/c2ccccc2)C1,CC1CC=C(C=Cc2ccccc2/C=C\c2ccccc2)C1,True,True,True,ok,286.41800000000006,2.9779362505913216,0.584624409946479,4.0,369.11066512389203,61.47830791204376,,,,0.2984908265529993,unified_conditional_rl,355.16613880806267,59.77843619986306,,,True,True,True,0.35719923054407393,PASS_STILBENE_STRUCTURAL_PROXY,,,,,51,MC-STILBENE-0551
552,NOCC1=NC=CC=C1C=CC2=CC=CC=C2C=CC3=CC=CC=C3C=CC4=CC=CC=C4C5=CC=CC=C5C=CC6=CC=CC=C6,stilbene,NOCc1ncccc1C=Cc1ccccc1C=Cc1ccccc1C=Cc1ccccc1-c1ccccc1C=Cc1ccccc1,NOCc1ncccc1/C=C/c1ccccc1C=Cc1ccccc1C=Cc1ccccc1-c1ccccc1C=Cc1ccccc1,NOCc1ncccc1/C=C\c1ccccc1C=Cc1ccccc1C=Cc1ccccc1-c1ccccc1C=Cc1ccccc1,True,True,True,ok,608.7850000000003,2.943731925220634,0.11756827311617626,11.0,359.6957821946857,61.47830791204376,,,,0.32751254989260664,unified_conditional_rl,355.2392468180927,59.77843619986306,,,True,True,True,0.3570975105067802,PASS_STILBENE_STRUCTURAL_PROXY,,,,,52,MC-STILBENE-0552
553,NC1=CC=CC=C1C=CC2=CC=CC=C2C=CC3=CC=CC=C3C=CC4=CC=CC=C4C=CC5=CC=CC=C5C=CC6=CC=NC=C6,stilbene,Nc1ccccc1C=Cc1ccccc1C=Cc1ccccc1C=Cc1ccccc1C=Cc1ccccc1C=Cc1ccncc1,Nc1ccccc1/C=C/c1ccccc1C=Cc1ccccc1C=Cc1ccccc1C=Cc1ccccc1C=Cc1ccncc1,Nc1ccccc1/C=C\c1ccccc1C=Cc1ccccc1C=Cc1ccccc1C=Cc1ccccc1C=Cc1ccncc1,True,True,True,ok,604.7970000000001,2.686297347185107,0.12476623544807533,10.0,361.86677603043836,61.47830791204376,,,,0.322171716017299,unified_conditional_rl,355.29984362323165,59.77843619986306,,,True,True,True,0.3570121538860762,PASS_STILBENE_STRUCTURAL_PROXY,,,,,53,MC-STILBENE-0553
554,NC1=CC=CC=C1C=CC2=CC=CC=C2C=CC3=CC=CC=C3C=CC4=CC=CC=C4C=CC5=CC=NC=C5,stilbene,Nc1ccccc1C=Cc1ccccc1C=Cc1ccccc1C=Cc1ccccc1C=Cc1ccncc1,Nc1ccccc1/C=C/c1ccccc1C=Cc1ccccc1C=Cc1ccccc1C=Cc1ccncc1,Nc1ccccc1/C=C\c1ccccc1C=Cc1ccccc1C=Cc1ccccc1C=Cc1ccncc1,True,True,True,ok,502.6610000000002,2.5438093642912225,0.16952708691371232,8.0,361.86677603043836,61.47830791204376,,,,0.322171716017299,unified_conditional_rl,355.29984362323165,59.77843619986306,,,True,True,True,0.3570121538860762,PASS_STILBENE_STRUCTURAL_PROXY,,,,,54,MC-STILBENE-0554
555,CC=CC1=CC=CC=C1C=CC2=CC=CC=C2C3=CC=NC=C3,stilbene,CC=Cc1ccccc1C=Cc1ccccc1-c1ccncc1,CC=Cc1ccccc1/C=C/c1ccccc1-c1ccncc1,CC=Cc1ccccc1/C=C\c1ccccc1-c1ccncc1,True,True,True,ok,297.401,2.2744811756887664,0.541979878987886,4.0,362.75597881311415,61.47830791204376,,,,0.31972355192761026,unified_conditional_rl,355.322443140433,59.77843619986306,,,True,True,True,0.3569800781535732,PASS_STILBENE_STRUCTURAL_PROXY,,,,,55,MC-STILBENE-0555
556,C1=CC=CC=C1C=CC2=CC=CC=C2C=CC3=CC=CC=C3C=CC4=CC=CC=C4C=CC5=CC=NC=C5,stilbene,C(=Cc1ccccc1C=Cc1ccccc1C=Cc1ccccc1C=Cc1ccncc1)c1ccccc1,C(=Cc1ccccc1C=Cc1ccccc1C=Cc1ccccc1/C=C/c1ccccc1)c1ccncc1,C(=Cc1ccccc1C=Cc1ccccc1C=Cc1ccccc1/C=C\c1ccccc1)c1ccncc1,True,True,True,ok,487.64600000000013,2.29654214587897,0.19849600501084486,8.0,358.46641616031474,61.47830791204376,,,,0.3301121917720528,unified_conditional_rl,355.36498088127746,59.77843619986306,,,True,True,True,0.3569193474814182,PASS_STILBENE_STRUCTURAL_PROXY,,,,,56,MC-STILBENE-0556
557,CC1=CC=CC=C1C=CC2=CC=CC=C2C3=CC=CC=C3C=CC4=CC=CC=C4C,stilbene,Cc1ccccc1C=Cc1ccccc1-c1ccccc1C=Cc1ccccc1C,Cc1ccccc1C=Cc1ccccc1-c1ccccc1/C=C/c1ccccc1C,Cc1ccccc1C=Cc1ccccc1-c1ccccc1/C=C\c1ccccc1C,True,True,True,ok,386.5380000000001,1.952681755096874,0.3024963408661771,5.0,354.8309468788604,61.47830791204376,,,,0.33585944428914316,unified_conditional_rl,355.43085777344544,59.77843619986306,,,True,True,True,0.35682437793399807,PASS_STILBENE_STRUCTURAL_PROXY,,,,,57,MC-STILBENE-0557
558,CC1=CC=CC=C1C=CC2=CC=CC=C2C=CC3=CC=CC=C3C4=CC=CC=C4C=CC5=CC=CC=C5C,stilbene,Cc1ccccc1C=Cc1ccccc1C=Cc1ccccc1-c1ccccc1C=Cc1ccccc1C,Cc1ccccc1C=Cc1ccccc1-c1ccccc1C=Cc1ccccc1/C=C/c1ccccc1C,Cc1ccccc1C=Cc1ccccc1-c1ccccc1C=Cc1ccccc1/C=C\c1ccccc1C,True,True,True,ok,488.6740000000002,2.14778415934631,0.19986241402488492,7.0,354.8309468788604,61.47830791204376,,,,0.33585944428914316,unified_conditional_rl,355.43085777344544,59.77843619986306,,,True,True,True,0.35682437793399807,PASS_STILBENE_STRUCTURAL_PROXY,,,,,58,MC-STILBENE-0558
559,COC1=CC=CC=C1C=CC2=CC=CC=C2C=NC3=CC=CC=C3,stilbene,COc1ccccc1C=Cc1ccccc1C=Nc1ccccc1,COc1ccccc1/C=C/c1ccccc1C=Nc1ccccc1,COc1ccccc1/C=C\c1ccccc1C=Nc1ccccc1,True,True,True,ok,313.40000000000003,2.119306910165532,0.44255823657526866,5.0,367.4437296941003,61.47830791204376,,,,0.304622623642311,unified_conditional_rl,355.5352123611909,59.77843619986306,,,True,True,True,0.3566716587185999,PASS_STILBENE_STRUCTURAL_PROXY,,,,,59,MC-STILBENE-0559
560,CC(=C)C1=CC=CC=C1C=CC2=CC=CC=C2C3=CC4=CC=CC=C4C=C3C5=CC=CC=C5C,stilbene,C=C(C)c1ccccc1C=Cc1ccccc1-c1cc2ccccc2cc1-c1ccccc1C,C=C(C)c1ccccc1/C=C/c1ccccc1-c1cc2ccccc2cc1-c1ccccc1C,C=C(C)c1ccccc1/C=C\c1ccccc1-c1cc2ccccc2cc1-c1ccccc1C,True,True,True,ok,436.5980000000002,2.3954789945209196,0.24052003005893688,5.0,368.1890184690005,61.47830791204376,,,,0.30192410287383964,unified_conditional_rl,355.57107384664783,59.77843619986306,,,True,True,True,0.35661853248934844,PASS_STILBENE_STRUCTURAL_PROXY,,,,,60,MC-STILBENE-0560
561,COC1=CC=NC=C1C=CC2=CC=CC=C2C=CC3=CC=CC=C3,stilbene,COc1ccncc1C=Cc1ccccc1C=Cc1ccccc1,COc1ccncc1/C=C/c1ccccc1C=Cc1ccccc1,COc1ccncc1/C=C\c1ccccc1C=Cc1ccccc1,True,True,True,ok,313.40000000000003,2.2386997595696503,0.585829451512661,5.0,362.1163693466787,61.47830791204376,,,,0.32149926953149705,unified_conditional_rl,355.58995868129745,59.77843619986306,,,True,True,True,0.35659042365335203,PASS_STILBENE_STRUCTURAL_PROXY,,,,,61,MC-STILBENE-0561
562,COC1=CC=NC=C1C=CC2=CC=CC=C2C=CC3=CC=CC=C3C=CC4=CC=CC=C4,stilbene,COc1ccncc1C=Cc1ccccc1C=Cc1ccccc1C=Cc1ccccc1,COc1ccncc1/C=C/c1ccccc1C=Cc1ccccc1C=Cc1ccccc1,COc1ccncc1/C=C\c1ccccc1C=Cc1ccccc1C=Cc1ccccc1,True,True,True,ok,415.5360000000001,2.518591863853427,0.2899195516027559,7.0,362.1163693466787,61.47830791204376,,,,0.32149926953149705,unified_conditional_rl,355.58995868129745,59.77843619986306,,,True,True,True,0.35659042365335203,PASS_STILBENE_STRUCTURAL_PROXY,,,,,62,MC-STILBENE-0562
563,NC1=CC=CC=C1C=CC2=CC=CC=C2N,stilbene,Nc1ccccc1C=Cc1ccccc1N,Nc1ccccc1/C=C/c1ccccc1N,Nc1ccccc1/C=C\c1ccccc1N,True,True,True,ok,210.28,2.068315030532279,0.5909919693682338,2.0,359.0942607986637,61.47830791204376,,,,0.32882423659316296,unified_conditional_rl,355.6192141831012,59.77843619986306,,,True,True,True,0.35654669864815863,PASS_STILBENE_STRUCTURAL_PROXY,,,,,63,MC-STILBENE-0563
564,CC(C)=CC1=CC=CC=C1C2=CC=CC=C2C=CC3=CC=CC=C3C=CC4=CC=CC=C4C5=CC=CC=C5C,stilbene,CC(C)=Cc1ccccc1-c1ccccc1C=Cc1ccccc1C=Cc1ccccc1-c1ccccc1C,CC(C)=Cc1ccccc1-c1ccccc1/C=C/c1ccccc1C=Cc1ccccc1-c1ccccc1C,CC(C)=Cc1ccccc1-c1ccccc1/C=C\c1ccccc1C=Cc1ccccc1-c1ccccc1C,True,True,True,ok,502.7010000000002,2.4146352729761755,0.19413321406829373,7.0,361.9817449569412,61.47830791204376,,,,0.3218634168710185,unified_conditional_rl,355.6649111193868,59.77843619986306,,,True,True,True,0.35647796270881804,PASS_STILBENE_STRUCTURAL_PROXY,,,,,64,MC-STILBENE-0564
565,N/C1=CC=CC=C1C=CC2=CC=CC=C2C=CC3=CC=CC=C3C=CC4=CC=CC=C4C=NC5=CC=CC=C5,stilbene,Nc1ccccc1C=Cc1ccccc1C=Cc1ccccc1C=Cc1ccccc1C=Nc1ccccc1,Nc1ccccc1/C=C/c1ccccc1C=Cc1ccccc1C=Cc1ccccc1C=Nc1ccccc1,Nc1ccccc1/C=C\c1ccccc1C=Cc1ccccc1C=Cc1ccccc1C=Nc1ccccc1,True,True,True,ok,502.6610000000002,2.5377473632395606,0.12801842509219083,8.0,361.22595534885795,61.47830791204376,,,,0.32384424130348366,unified_conditional_rl,355.67035454760594,59.77843619986306,,,True,True,True,0.3564697393155791,PASS_STILBENE_STRUCTURAL_PROXY,,,,,65,MC-STILBENE-0565
566,CC1=CC=CC=C1C=CC2=CC=CC=C2C=CC3=CC=CC=C3C=CC4=CC=CC=C4C=CC5=CC=NC=C5C=CC6=CC=CC=C6,stilbene,Cc1ccccc1C=Cc1ccccc1C=Cc1ccccc1C=Cc1ccccc1C=Cc1ccncc1C=Cc1ccccc1,Cc1ccccc1/C=C/c1ccccc1C=Cc1ccccc1C=Cc1ccccc1C=Cc1ccncc1C=Cc1ccccc1,Cc1ccccc1/C=C\c1ccccc1C=Cc1ccccc1C=Cc1ccccc1C=Cc1ccncc1C=Cc1ccccc1,True,True,True,ok,603.8090000000002,2.7738767096819306,0.14196533851190438,10.0,359.5672474117952,61.47830791204376,,,,0.3277991441843994,unified_conditional_rl,355.68936885790464,59.77843619986306,,,True,True,True,0.3564409550113987,PASS_STILBENE_STRUCTURAL_PROXY,,,,,66,MC-STILBENE-0566
567,CC1=CC=CC=C1C=CC2=CC=CC=C2C=CC3=CC=CC=C3C=CC4=CC=NC=C4C=CC5=CC=CC=C5,stilbene,Cc1ccccc1C=Cc1ccccc1C=Cc1ccccc1C=Cc1ccncc1C=Cc1ccccc1,Cc1ccccc1/C=C/c1ccccc1C=Cc1ccccc1C=Cc1ccncc1C=Cc1ccccc1,Cc1ccccc1/C=C\c1ccccc1C=Cc1ccccc1C=Cc1ccncc1C=Cc1ccccc1,True,True,True,ok,501.6730000000002,2.62431470632575,0.19275843504046458,8.0,359.5672474117952,61.47830791204376,,,,0.3277991441843994,unified_conditional_rl,355.68936885790464,59.77843619986306,,,True,True,True,0.3564409550113987,PASS_STILBENE_STRUCTURAL_PROXY,,,,,67,MC-STILBENE-0567
568,CC1=CC=CC=C1C=CC2=CC=CC=C2C=CC3=CC=NC=C3C=CC4=CC=CC=C4,stilbene,Cc1ccccc1C=Cc1ccccc1C=Cc1ccncc1C=Cc1ccccc1,Cc1ccccc1/C=C/c1ccccc1C=Cc1ccncc1C=Cc1ccccc1,Cc1ccccc1/C=C\c1ccccc1C=Cc1ccncc1C=Cc1ccccc1,True,True,True,ok,399.5370000000001,2.5099127337027323,0.3002558037792772,6.0,359.5672474117952,61.47830791204376,,,,0.3277991441843994,unified_conditional_rl,355.68936885790464,59.77843619986306,,,True,True,True,0.3564409550113987,PASS_STILBENE_STRUCTURAL_PROXY,,,,,68,MC-STILBENE-0568
569,CC1=CC=CC=C1C=CC2=CC=CC=C2C=CC3=CC=NC=C3C=CC4=CC=CC=C4C=CC5=CC=CC=C5,stilbene,Cc1ccccc1C=Cc1ccccc1C=Cc1ccncc1C=Cc1ccccc1C=Cc1ccccc1,Cc1ccccc1/C=C/c1ccccc1C=Cc1ccncc1C=Cc1ccccc1C=Cc1ccccc1,Cc1ccccc1/C=C\c1ccccc1C=Cc1ccncc1C=Cc1ccccc1C=Cc1ccccc1,True,True,True,ok,501.6730000000002,2.62431470632575,0.19275843504046458,8.0,359.5672474117952,61.47830791204376,,,,0.3277991441843994,unified_conditional_rl,355.68936885790464,59.77843619986306,,,True,True,True,0.3564409550113987,PASS_STILBENE_STRUCTURAL_PROXY,,,,,69,MC-STILBENE-0569
570,CC1=CC=CC=C1C=CC2=CC=NC=C2C=CC3=CC=CC=C3,stilbene,Cc1ccccc1C=Cc1ccncc1C=Cc1ccccc1,Cc1ccccc1/C=C/c1ccncc1C=Cc1ccccc1,Cc1ccccc1/C=C\c1ccncc1C=Cc1ccccc1,True,True,True,ok,297.401,2.23835696754397,0.5989031192702593,4.0,359.5672474117952,61.47830791204376,,,,0.3277991441843994,unified_conditional_rl,355.68936885790464,59.77843619986306,,,True,True,True,0.3564409550113987,PASS_STILBENE_STRUCTURAL_PROXY,,,,,70,MC-STILBENE-0570
571,CC1=CC=CC=C1C=CC2=CC=NC=C2C=CC3=CC=CC=C3C=CC4=CC=CC=C4,stilbene,Cc1ccccc1C=Cc1ccncc1C=Cc1ccccc1C=Cc1ccccc1,Cc1ccccc1/C=C/c1ccncc1C=Cc1ccccc1C=Cc1ccccc1,Cc1ccccc1/C=C\c1ccncc1C=Cc1ccccc1C=Cc1ccccc1,True,True,True,ok,399.5370000000001,2.5099127337027323,0.3002558037792772,6.0,359.5672474117952,61.47830791204376,,,,0.3277991441843994,unified_conditional_rl,355.68936885790464,59.77843619986306,,,True,True,True,0.3564409550113987,PASS_STILBENE_STRUCTURAL_PROXY,,,,,71,MC-STILBENE-0571
572,CC1=CC=CC=C1C=CC2=CC=NC=C2C=CC3=CC=CC=C3C=CC4=CC=CC=C4C=CC5=CC=CC=C5,stilbene,Cc1ccccc1C=Cc1ccncc1C=Cc1ccccc1C=Cc1ccccc1C=Cc1ccccc1,Cc1ccccc1/C=C/c1ccncc1C=Cc1ccccc1C=Cc1ccccc1C=Cc1ccccc1,Cc1ccccc1/C=C\c1ccncc1C=Cc1ccccc1C=Cc1ccccc1C=Cc1ccccc1,True,True,True,ok,501.6730000000002,2.62431470632575,0.19275843504046458,8.0,359.5672474117952,61.47830791204376,,,,0.3277991441843994,unified_conditional_rl,355.68936885790464,59.77843619986306,,,True,True,True,0.3564409550113987,PASS_STILBENE_STRUCTURAL_PROXY,,,,,72,MC-STILBENE-0572
573,CC1=CC=CC=C1C=CC2=CC=NC=C2C=CC3=CC=CC=C3C=CC4=CC=CC=C4C=CC5=CC=CC=C5C=CC6=CC=CC=C6,stilbene,Cc1ccccc1C=Cc1ccncc1C=Cc1ccccc1C=Cc1ccccc1C=Cc1ccccc1C=Cc1ccccc1,Cc1ccccc1/C=C/c1ccncc1C=Cc1ccccc1C=Cc1ccccc1C=Cc1ccccc1C=Cc1ccccc1,Cc1ccccc1/C=C\c1ccncc1C=Cc1ccccc1C=Cc1ccccc1C=Cc1ccccc1C=Cc1ccccc1,True,True,True,ok,603.8090000000002,2.7738767096819306,0.14196533851190438,10.0,359.5672474117952,61.47830791204376,,,,0.3277991441843994,unified_conditional_rl,355.68936885790464,59.77843619986306,,,True,True,True,0.3564409550113987,PASS_STILBENE_STRUCTURAL_PROXY,,,,,73,MC-STILBENE-0573
574,CC(=C)C1=CC=CC=C1C=CC2=CC=CC=C2C=CC3=CC=CC=C3,stilbene,C=C(C)c1ccccc1C=Cc1ccccc1C=Cc1ccccc1,C=C(C)c1ccccc1/C=C/c1ccccc1C=Cc1ccccc1,C=C(C)c1ccccc1/C=C\c1ccccc1C=Cc1ccccc1,True,True,True,ok,322.451,2.259260298347348,0.44097690758856184,5.0,357.574923233608,61.47830791204376,,,,0.3317952930792354,unified_conditional_rl,355.7193364044835,59.77843619986306,,,True,True,True,0.35639540214667154,PASS_STILBENE_STRUCTURAL_PROXY,,,,,74,MC-STILBENE-0574
575,CC(=C)C1=CC=CC=C1C=CC2=CC=CC=C2C=CC3=CC=CC=C3C=CC4=CC=CC=C4,stilbene,C=C(C)c1ccccc1C=Cc1ccccc1C=Cc1ccccc1C=Cc1ccccc1,C=C(C)c1ccccc1/C=C/c1ccccc1C=Cc1ccccc1C=Cc1ccccc1,C=C(C)c1ccccc1/C=C\c1ccccc1C=Cc1ccccc1C=Cc1ccccc1,True,True,True,ok,424.5870000000001,2.4036255678894296,0.2593235534179227,7.0,357.574923233608,61.47830791204376,,,,0.3317952930792354,unified_conditional_rl,355.7193364044835,59.77843619986306,,,True,True,True,0.35639540214667154,PASS_STILBENE_STRUCTURAL_PROXY,,,,,75,MC-STILBENE-0575
576,CC(=C)C1=CC=CC=C1C=CC2=CC=CC=C2C=CC3=CC=CC=C3C=CC4=CC=CC=C4C=CC5=CC=CC=C5,stilbene,C=C(C)c1ccccc1C=Cc1ccccc1C=Cc1ccccc1C=Cc1ccccc1C=Cc1ccccc1,C=C(C)c1ccccc1/C=C/c1ccccc1C=Cc1ccccc1C=Cc1ccccc1C=Cc1ccccc1,C=C(C)c1ccccc1/C=C\c1ccccc1C=Cc1ccccc1C=Cc1ccccc1C=Cc1ccccc1,True,True,True,ok,526.7230000000002,2.535010622241815,0.16755297808130137,9.0,357.574923233608,61.47830791204376,,,,0.3317952930792354,unified_conditional_rl,355.7193364044835,59.77843619986306,,,True,True,True,0.35639540214667154,PASS_STILBENE_STRUCTURAL_PROXY,,,,,76,MC-STILBENE-0576
577,CC(=C)C1=CC=CC=C1C=CC2=CC=CC=C2C=CC3=CC=CC=C3C=CC4=CC=CC=C4C=CC5=CC=CC=C5C=CC6=CC=CC=C6,stilbene,C=C(C)c1ccccc1C=Cc1ccccc1C=Cc1ccccc1C=Cc1ccccc1C=Cc1ccccc1C=Cc1ccccc1,C=C(C)c1ccccc1/C=C/c1ccccc1C=Cc1ccccc1C=Cc1ccccc1C=Cc1ccccc1C=Cc1ccccc1,C=C(C)c1ccccc1/C=C\c1ccccc1C=Cc1ccccc1C=Cc1ccccc1C=Cc1ccccc1C=Cc1ccccc1,True,True,True,ok,628.8590000000002,2.6966006003733636,0.12525260132471275,11.0,357.574923233608,61.47830791204376,,,,0.3317952930792354,unified_conditional_rl,355.7193364044835,59.77843619986306,,,True,True,True,0.35639540214667154,PASS_STILBENE_STRUCTURAL_PROXY,,,,,77,MC-STILBENE-0577
578,CC1=CC=CC=C1C=CC2=CC=CC=C2,stilbene,Cc1ccccc1C=Cc1ccccc1,Cc1ccccc1/C=C/c1ccccc1,Cc1ccccc1/C=C\c1ccccc1,True,True,True,ok,194.27700000000002,1.5614558460766457,0.6294339635140667,2.0,355.01569906871214,61.47830791204376,,,,0.33564017658949274,unified_conditional_rl,355.7566500581266,59.77843619986306,,,True,True,True,0.3563383625363575,PASS_STILBENE_STRUCTURAL_PROXY,,,,,78,MC-STILBENE-0578
579,CC1=CC=CC=C1C=CC2=CC=CC=C2C=CC3=CC=CC=C3,stilbene,Cc1ccccc1C=Cc1ccccc1C=Cc1ccccc1,Cc1ccccc1/C=C/c1ccccc1C=Cc1ccccc1,Cc1ccccc1/C=C\c1ccccc1C=Cc1ccccc1,True,True,True,ok,296.413,1.9544770142709478,0.4929820178812178,4.0,355.01569906871214,61.47830791204376,,,,0.33564017658949274,unified_conditional_rl,355.7566500581266,59.77843619986306,,,True,True,True,0.3563383625363575,PASS_STILBENE_STRUCTURAL_PROXY,,,,,79,MC-STILBENE-0579
580,CC1=CC=CC=C1C=CC2=CC=CC=C2C=CC3=CC=CC=C3C=CC4=CC=CC=C4,stilbene,Cc1ccccc1C=Cc1ccccc1C=Cc1ccccc1C=Cc1ccccc1,Cc1ccccc1/C=C/c1ccccc1C=Cc1ccccc1C=Cc1ccccc1,Cc1ccccc1/C=C\c1ccccc1C=Cc1ccccc1C=Cc1ccccc1,True,True,True,ok,398.5490000000001,2.085411350815596,0.28554752744913087,6.0,355.01569906871214,61.47830791204376,,,,0.33564017658949274,unified_conditional_rl,355.7566500581266,59.77843619986306,,,True,True,True,0.3563383625363575,PASS_STILBENE_STRUCTURAL_PROXY,,,,,80,MC-STILBENE-0580
581,CC1=CC=CC=C1C=CC2=CC=CC=C2C=CC3=CC=CC=C3C=CC4=CC=CC=C4C=CC5=CC=CC=C5,stilbene,Cc1ccccc1C=Cc1ccccc1C=Cc1ccccc1C=Cc1ccccc1C=Cc1ccccc1,Cc1ccccc1/C=C/c1ccccc1C=Cc1ccccc1C=Cc1ccccc1C=Cc1ccccc1,Cc1ccccc1/C=C\c1ccccc1C=Cc1ccccc1C=Cc1ccccc1C=Cc1ccccc1,True,True,True,ok,500.6850000000002,2.238519135916988,0.18587173702536722,8.0,355.01569906871214,61.47830791204376,,,,0.33564017658949274,unified_conditional_rl,355.7566500581266,59.77843619986306,,,True,True,True,0.3563383625363575,PASS_STILBENE_STRUCTURAL_PROXY,,,,,81,MC-STILBENE-0581
582,CC1=CC=CC=C1C=CC2=CC=CC=C2C=CC3=CC=CC=C3C=CC4=CC=CC=C4C=CC5=CC=CC=C5C=CC6=CC=CC=C6,stilbene,Cc1ccccc1C=Cc1ccccc1C=Cc1ccccc1C=Cc1ccccc1C=Cc1ccccc1C=Cc1ccccc1,Cc1ccccc1/C=C/c1ccccc1C=Cc1ccccc1C=Cc1ccccc1C=Cc1ccccc1C=Cc1ccccc1,Cc1ccccc1/C=C\c1ccccc1C=Cc1ccccc1C=Cc1ccccc1C=Cc1ccccc1C=Cc1ccccc1,True,True,True,ok,602.8210000000003,2.413516387473246,0.1368518658833574,10.0,355.01569906871214,61.47830791204376,,,,0.33564017658949274,unified_conditional_rl,355.7566500581266,59.77843619986306,,,True,True,True,0.3563383625363575,PASS_STILBENE_STRUCTURAL_PROXY,,,,,82,MC-STILBENE-0582
583,CC(=C)C1=CC=CC=C1C=CC2=CC=CC=C2C=CC3=CC=CC=C3C=CC4=CC=NC=C4C=CC5=CC=CC=C5,stilbene,C=C(C)c1ccccc1C=Cc1ccccc1C=Cc1ccccc1C=Cc1ccncc1C=Cc1ccccc1,C=C(C)c1ccccc1/C=C/c1ccccc1C=Cc1ccccc1C=Cc1ccncc1C=Cc1ccccc1,C=C(C)c1ccccc1/C=C\c1ccccc1C=Cc1ccccc1C=Cc1ccncc1C=Cc1ccccc1,True,True,True,ok,527.7110000000002,2.87641632910767,0.17373213200783702,9.0,362.4117090820326,61.47830791204376,,,,0.3206886351675849,unified_conditional_rl,355.7960205952654,59.77843619986306,,,True,True,True,0.35627779400443355,PASS_STILBENE_STRUCTURAL_PROXY,,,,,83,MC-STILBENE-0583
584,C=CC1=CC=CC=C1C2=CC=CC=C2C=CC3=CC=CC=C3C=CC4=CC=CC=C4C,stilbene,C=Cc1ccccc1-c1ccccc1C=Cc1ccccc1C=Cc1ccccc1C,C=Cc1ccccc1-c1ccccc1/C=C/c1ccccc1C=Cc1ccccc1C,C=Cc1ccccc1-c1ccccc1/C=C\c1ccccc1C=Cc1ccccc1C,True,True,True,ok,398.54900000000015,2.3140228449094646,0.2850542445149477,6.0,358.5141690437585,61.47830791204376,,,,0.33001718240606553,unified_conditional_rl,355.8491015177945,59.77843619986306,,,True,True,True,0.35619550848180764,PASS_STILBENE_STRUCTURAL_PROXY,,,,,84,MC-STILBENE-0584
585,CC1=CC=CC=C1C=CC2=CC=CC=C2C3=CC=CC=C3C=CC4=CC=CC=C4C5=CC=NC=C5,stilbene,Cc1ccccc1C=Cc1ccccc1-c1ccccc1C=Cc1ccccc1-c1ccncc1,Cc1ccccc1/C=C/c1ccccc1-c1ccccc1C=Cc1ccccc1-c1ccncc1,Cc1ccccc1/C=C\c1ccccc1-c1ccccc1C=Cc1ccccc1-c1ccncc1,True,True,True,ok,449.59700000000015,2.2953835238198366,0.2355929517523861,6.0,359.35704336005574,61.47830791204376,,,,0.32826047006939635,unified_conditional_rl,355.9105591762262,59.77843619986306,,,True,True,True,0.356099342536006,PASS_STILBENE_STRUCTURAL_PROXY,,,,,85,MC-STILBENE-0585
586,CC1=CC=CC=C1C=CC2=CC=CC=C2C=CC3=CC=CC=C3C=CC4=CC=NC=C4C=CC5=CC=CC=C5C=CC6=CC=CC=C6C,stilbene,Cc1ccccc1C=Cc1ccccc1C=Cc1ccccc1C=Cc1ccncc1C=Cc1ccccc1C=Cc1ccccc1C,Cc1ccccc1C=Cc1ccccc1C=Cc1cnccc1C=Cc1ccccc1C=Cc1ccccc1/C=C/c1ccccc1C,Cc1ccccc1C=Cc1ccccc1C=Cc1cnccc1C=Cc1ccccc1C=Cc1ccccc1/C=C\c1ccccc1C,True,True,True,ok,617.8360000000001,2.7118981958406856,0.13938467063930823,10.0,361.70936258895654,61.47830791204376,,,,0.3225898010756687,unified_conditional_rl,355.9136848569199,59.77843619986306,,,True,True,True,0.3560944259841454,PASS_STILBENE_STRUCTURAL_PROXY,,,,,86,MC-STILBENE-0586
587,CC1=CC=CC=C1C=CC2=CC=CC=C2C=CC3=CC=NC=C3C=CC4=CC=CC=C4C,stilbene,Cc1ccccc1C=Cc1ccccc1C=Cc1ccncc1C=Cc1ccccc1C,Cc1ccccc1C=Cc1cnccc1C=Cc1ccccc1/C=C/c1ccccc1C,Cc1ccccc1C=Cc1cnccc1C=Cc1ccccc1/C=C\c1ccccc1C,True,True,True,ok,413.56400000000014,2.458858057778592,0.2902142171611277,6.0,361.70936258895654,61.47830791204376,,,,0.3225898010756687,unified_conditional_rl,355.9136848569199,59.77843619986306,,,True,True,True,0.3560944259841454,PASS_STILBENE_STRUCTURAL_PROXY,,,,,87,MC-STILBENE-0587
588,CC1=CC=CC=C1C=CC2=CC=NC=C2C=CC3=CC=CC=C3C=CC4=CC=CC=C4C,stilbene,Cc1ccccc1C=Cc1ccccc1C=Cc1cnccc1C=Cc1ccccc1C,Cc1ccccc1C=Cc1ccncc1C=Cc1ccccc1/C=C/c1ccccc1C,Cc1ccccc1C=Cc1ccncc1C=Cc1ccccc1/C=C\c1ccccc1C,True,True,True,ok,413.56400000000014,2.458858057778592,0.2902142171611277,6.0,361.70936258895654,61.47830791204376,,,,0.3225898010756687,unified_conditional_rl,355.9136848569199,59.77843619986306,,,True,True,True,0.3560944259841454,PASS_STILBENE_STRUCTURAL_PROXY,,,,,88,MC-STILBENE-0588
589,COC=CC1=CC=CC=C1C=CC2=CC=CC=C2C3=CC=CC=C3C,stilbene,COC=Cc1ccccc1C=Cc1ccccc1-c1ccccc1C,COC=Cc1ccccc1/C=C/c1ccccc1-c1ccccc1C,COC=Cc1ccccc1/C=C\c1ccccc1-c1ccccc1C,True,True,True,ok,326.4390000000001,2.312141225639234,0.3865507616765269,5.0,358.2476450581765,61.47830791204376,,,,0.33054119286007594,unified_conditional_rl,355.9335823592315,59.77843619986306,,,True,True,True,0.35606306998385784,PASS_STILBENE_STRUCTURAL_PROXY,,,,,89,MC-STILBENE-0589
590,COC=CC1=CC=CC=C1C=CC2=CC=CC=C2C=CC3=CC=CC=C3C4=CC=CC=C4C,stilbene,COC=Cc1ccccc1C=Cc1ccccc1C=Cc1ccccc1-c1ccccc1C,COC=Cc1ccccc1/C=C/c1ccccc1C=Cc1ccccc1-c1ccccc1C,COC=Cc1ccccc1/C=C\c1ccccc1C=Cc1ccccc1-c1ccccc1C,True,True,True,ok,428.57500000000016,2.468600154218672,0.21138387482409762,7.0,358.2476450581765,61.47830791204376,,,,0.33054119286007594,unified_conditional_rl,355.9335823592315,59.77843619986306,,,True,True,True,0.35606306998385784,PASS_STILBENE_STRUCTURAL_PROXY,,,,,90,MC-STILBENE-0590
591,COC1=CC=CC=C1C=NC2=CC=CC=C2C=CC3=CC=CC=C3C,stilbene,COc1ccccc1C=Nc1ccccc1C=Cc1ccccc1C,COc1ccccc1C=Nc1ccccc1/C=C/c1ccccc1C,COc1ccccc1C=Nc1ccccc1/C=C\c1ccccc1C,True,True,True,ok,327.427,2.26381435524935,0.4205678921947494,5.0,366.2379577571796,61.47830791204376,,,,0.3088293917719235,unified_conditional_rl,355.9650304632805,59.77843619986306,,,True,True,True,0.35601330680490617,PASS_STILBENE_STRUCTURAL_PROXY,,,,,91,MC-STILBENE-0591
592,COC1=CC=CC=C1C=NC2=CC=CC=C2C=CC3=CC=CC=C3C=CC4=CC=CC=C4C,stilbene,COc1ccccc1C=Nc1ccccc1C=Cc1ccccc1C=Cc1ccccc1C,COc1ccccc1C=Nc1ccccc1/C=C/c1ccccc1C=Cc1ccccc1C,COc1ccccc1C=Nc1ccccc1/C=C\c1ccccc1C=Cc1ccccc1C,True,True,True,ok,429.5630000000001,2.5459787139151704,0.2147777966138889,7.0,366.2379577571796,61.47830791204376,,,,0.3088293917719235,unified_conditional_rl,355.9650304632805,59.77843619986306,,,True,True,True,0.35601330680490617,PASS_STILBENE_STRUCTURAL_PROXY,,,,,92,MC-STILBENE-0592
593,COC1=CC=CC=C1C=NC2=CC=CC=C2C=CC3=CC=CC=C3C=CC4=CC=CC=C4C=CC5=CC=CC=C5C,stilbene,COc1ccccc1C=Nc1ccccc1C=Cc1ccccc1C=Cc1ccccc1C=Cc1ccccc1C,COc1ccccc1C=Nc1ccccc1/C=C/c1ccccc1C=Cc1ccccc1C=Cc1ccccc1C,COc1ccccc1C=Nc1ccccc1/C=C\c1ccccc1C=Cc1ccccc1C=Cc1ccccc1C,True,True,True,ok,531.6990000000001,2.697351413232461,0.1369189272073894,9.0,366.2379577571796,61.47830791204376,,,,0.3088293917719235,unified_conditional_rl,355.9650304632805,59.77843619986306,,,True,True,True,0.35601330680490617,PASS_STILBENE_STRUCTURAL_PROXY,,,,,93,MC-STILBENE-0593
594,CC=CC1=CC=CC=C1C=CC2=CC=CC=C2C=CC3=CC=CC=C3C=CC4=CC=CC=C4C=CC5=CC=NC=C5C=CC6=CC=CC=C6,stilbene,CC=Cc1ccccc1C=Cc1ccccc1C=Cc1ccccc1C=Cc1ccccc1C=Cc1ccncc1C=Cc1ccccc1,CC=Cc1ccccc1/C=C/c1ccccc1C=Cc1ccccc1C=Cc1ccccc1C=Cc1ccncc1C=Cc1ccccc1,CC=Cc1ccccc1/C=C\c1ccccc1C=Cc1ccccc1C=Cc1ccccc1C=Cc1ccncc1C=Cc1ccccc1,True,True,True,ok,629.8470000000002,2.9006877776135997,0.12996350896108225,11.0,361.819538053263,61.47830791204376,,,,0.3222976693032323,unified_conditional_rl,355.985066736643,59.77843619986306,,,True,True,True,0.35598147079853437,PASS_STILBENE_STRUCTURAL_PROXY,,,,,94,MC-STILBENE-0594
595,CC=CC1=CC=CC=C1C=CC2=CC=CC=C2C=CC3=CC=NC=C3C=CC4=CC=CC=C4,stilbene,CC=Cc1ccccc1C=Cc1ccccc1C=Cc1ccncc1C=Cc1ccccc1,CC=Cc1ccccc1/C=C/c1ccccc1C=Cc1ccncc1C=Cc1ccccc1,CC=Cc1ccccc1/C=C\c1ccccc1C=Cc1ccncc1C=Cc1ccccc1,True,True,True,ok,425.5750000000001,2.672348597527307,0.2700330465245699,7.0,361.819538053263,61.47830791204376,,,,0.3222976693032323,unified_conditional_rl,355.985066736643,59.77843619986306,,,True,True,True,0.35598147079853437,PASS_STILBENE_STRUCTURAL_PROXY,,,,,95,MC-STILBENE-0595
596,CC=CC1=CC=CC=C1C=CC2=CC=CC=C2C=CC3=CC=NC=C3C=CC4=CC=CC=C4C=CC5=CC=CC=C5C=CC6=CC=CC=C6,stilbene,CC=Cc1ccccc1C=Cc1ccccc1C=Cc1ccncc1C=Cc1ccccc1C=Cc1ccccc1C=Cc1ccccc1,CC=Cc1ccccc1/C=C/c1ccccc1C=Cc1ccncc1C=Cc1ccccc1C=Cc1ccccc1C=Cc1ccccc1,CC=Cc1ccccc1/C=C\c1ccccc1C=Cc1ccncc1C=Cc1ccccc1C=Cc1ccccc1C=Cc1ccccc1,True,True,True,ok,629.8470000000002,2.9006877776135997,0.12996350896108225,11.0,361.819538053263,61.47830791204376,,,,0.3222976693032323,unified_conditional_rl,355.985066736643,59.77843619986306,,,True,True,True,0.35598147079853437,PASS_STILBENE_STRUCTURAL_PROXY,,,,,96,MC-STILBENE-0596
597,CC=CC1=CC=CC=C1C=CC2=CC=NC=C2C=CC3=CC=CC=C3,stilbene,CC=Cc1ccccc1C=Cc1ccncc1C=Cc1ccccc1,CC=Cc1ccccc1/C=C/c1ccncc1C=Cc1ccccc1,CC=Cc1ccccc1/C=C\c1ccncc1C=Cc1ccccc1,True,True,True,ok,323.439,2.5190659970914044,0.5251316853760277,5.0,361.819538053263,61.47830791204376,,,,0.3222976693032323,unified_conditional_rl,355.985066736643,59.77843619986306,,,True,True,True,0.35598147079853437,PASS_STILBENE_STRUCTURAL_PROXY,,,,,97,MC-STILBENE-0597
598,CC=CC1=CC=CC=C1C=CC2=CC=NC=C2C=CC3=CC=CC=C3C=CC4=CC=CC=C4,stilbene,CC=Cc1ccccc1C=Cc1ccncc1C=Cc1ccccc1C=Cc1ccccc1,CC=Cc1ccccc1/C=C/c1ccncc1C=Cc1ccccc1C=Cc1ccccc1,CC=Cc1ccccc1/C=C\c1ccncc1C=Cc1ccccc1C=Cc1ccccc1,True,True,True,ok,425.5750000000001,2.672348597527307,0.2700330465245699,7.0,361.819538053263,61.47830791204376,,,,0.3222976693032323,unified_conditional_rl,355.985066736643,59.77843619986306,,,True,True,True,0.35598147079853437,PASS_STILBENE_STRUCTURAL_PROXY,,,,,98,MC-STILBENE-0598
599,CC=CC1=CC=CC=C1C=CC2=CC=NC=C2C=CC3=CC=CC=C3C=CC4=CC=CC=C4C=CC5=CC=CC=C5,stilbene,CC=Cc1ccccc1C=Cc1ccncc1C=Cc1ccccc1C=Cc1ccccc1C=Cc1ccccc1,CC=Cc1ccccc1/C=C/c1ccncc1C=Cc1ccccc1C=Cc1ccccc1C=Cc1ccccc1,CC=Cc1ccccc1/C=C\c1ccncc1C=Cc1ccccc1C=Cc1ccccc1C=Cc1ccccc1,True,True,True,ok,527.7110000000002,2.765026121440732,0.17373213200783702,9.0,361.819538053263,61.47830791204376,,,,0.3222976693032323,unified_conditional_rl,355.985066736643,59.77843619986306,,,True,True,True,0.35598147079853437,PASS_STILBENE_STRUCTURAL_PROXY,,,,,99,MC-STILBENE-0599
600,CC=CC1=CC=NC=C1C=CC2=CC=CC=C2C=CC3=CC=CC=C3,stilbene,CC=Cc1ccncc1C=Cc1ccccc1C=Cc1ccccc1,CC=Cc1ccncc1/C=C/c1ccccc1C=Cc1ccccc1,CC=Cc1ccncc1/C=C\c1ccccc1C=Cc1ccccc1,True,True,True,ok,323.4390000000001,2.5190659970914044,0.49123987562408056,5.0,361.819538053263,61.47830791204376,,,,0.3222976693032323,unified_conditional_rl,355.985066736643,59.77843619986306,,,True,True,True,0.35598147079853437,PASS_STILBENE_STRUCTURAL_PROXY,,,,,100,MC-STILBENE-0600
601,CC=CC1=CC=NC=C1C=CC2=CC=CC=C2C=CC3=CC=CC=C3C=CC4=CC=CC=C4,stilbene,CC=Cc1ccncc1C=Cc1ccccc1C=Cc1ccccc1C=Cc1ccccc1,CC=Cc1ccncc1/C=C/c1ccccc1C=Cc1ccccc1C=Cc1ccccc1,CC=Cc1ccncc1/C=C\c1ccccc1C=Cc1ccccc1C=Cc1ccccc1,True,True,True,ok,425.57500000000016,2.672348597527307,0.2700330465245699,7.0,361.819538053263,61.47830791204376,,,,0.3222976693032323,unified_conditional_rl,355.985066736643,59.77843619986306,,,True,True,True,0.35598147079853437,PASS_STILBENE_STRUCTURAL_PROXY,,,,,101,MC-STILBENE-0601
602,CC=CC1=CC=NC=C1C=CC2=CC=CC=C2C=CC3=CC=CC=C3C=CC4=CC=CC=C4C=CC5=CC=CC=C5,stilbene,CC=Cc1ccncc1C=Cc1ccccc1C=Cc1ccccc1C=Cc1ccccc1C=Cc1ccccc1,CC=Cc1ccncc1/C=C/c1ccccc1C=Cc1ccccc1C=Cc1ccccc1C=Cc1ccccc1,CC=Cc1ccncc1/C=C\c1ccccc1C=Cc1ccccc1C=Cc1ccccc1C=Cc1ccccc1,True,True,True,ok,527.7110000000002,2.765026121440732,0.17373213200783702,9.0,361.819538053263,61.47830791204376,,,,0.3222976693032323,unified_conditional_rl,355.985066736643,59.77843619986306,,,True,True,True,0.35598147079853437,PASS_STILBENE_STRUCTURAL_PROXY,,,,,102,MC-STILBENE-0602
603,CC=CC1=CC=NC=C1C=CC2=CC=CC=C2C=CC3=CC=CC=C3C=CC4=CC=CC=C4C=CC5=CC=CC=C5C=CC6=CC=CC=C6,stilbene,CC=Cc1ccncc1C=Cc1ccccc1C=Cc1ccccc1C=Cc1ccccc1C=Cc1ccccc1C=Cc1ccccc1,CC=Cc1ccncc1/C=C/c1ccccc1C=Cc1ccccc1C=Cc1ccccc1C=Cc1ccccc1C=Cc1ccccc1,CC=Cc1ccncc1/C=C\c1ccccc1C=Cc1ccccc1C=Cc1ccccc1C=Cc1ccccc1C=Cc1ccccc1,True,True,True,ok,629.8470000000002,2.9006877776135997,0.12996350896108225,11.0,361.819538053263,61.47830791204376,,,,0.3222976693032323,unified_conditional_rl,355.985066736643,59.77843619986306,,,True,True,True,0.35598147079853437,PASS_STILBENE_STRUCTURAL_PROXY,,,,,103,MC-STILBENE-0603
604,CC1=CC=CC=C1C=CC2=CC=CC=C2C3=CC=CC=C3C=CC4=CC=NC=C4C=CC5=CC=CC=C5C,stilbene,Cc1ccccc1C=Cc1cnccc1C=Cc1ccccc1-c1ccccc1C=Cc1ccccc1C,Cc1ccccc1C=Cc1ccccc1-c1ccccc1C=Cc1ccncc1/C=C/c1ccccc1C,Cc1ccccc1C=Cc1ccccc1-c1ccccc1C=Cc1ccncc1/C=C\c1ccccc1C,True,True,True,ok,489.6620000000002,2.548384257897302,0.2072930007482256,7.0,359.8445319970577,61.47830791204376,,,,0.3271766401514445,unified_conditional_rl,355.9954378808854,59.77843619986306,,,True,True,True,0.3559649519279386,PASS_STILBENE_STRUCTURAL_PROXY,,,,,104,MC-STILBENE-0604
605,CC1=CC=CC=C1C2=CC=CC=C2C=CC3=CC=CC=C3C=CC4=CC=NC=C4C=CC5=CC=CC=C5C=CC6=CC=CC=C6,stilbene,Cc1ccccc1-c1ccccc1C=Cc1ccccc1C=Cc1ccncc1C=Cc1ccccc1C=Cc1ccccc1,Cc1ccccc1-c1ccccc1/C=C/c1ccccc1C=Cc1ccncc1C=Cc1ccccc1C=Cc1ccccc1,Cc1ccccc1-c1ccccc1/C=C\c1ccccc1C=Cc1ccncc1C=Cc1ccccc1C=Cc1ccccc1,True,True,True,ok,577.7710000000002,2.73654103945411,0.15577270923786954,9.0,359.95760383213457,61.47830791204376,,,,0.3269182690490121,unified_conditional_rl,356.17660610912975,59.77843619986306,,,True,True,True,0.3556720019196274,PASS_STILBENE_STRUCTURAL_PROXY,,,,,105,MC-STILBENE-0605
606,CC(=C)C1=CC=CC=C1C=CC2=CC=CC=C2C=CC3=CC=CC=C3C4=CC=CC=C4C=CC5=CC=CC=C5C=CC6=CC=NC=C6,stilbene,C=C(C)c1ccccc1C=Cc1ccccc1C=Cc1ccccc1-c1ccccc1C=Cc1ccccc1C=Cc1ccncc1,C=C(C)c1ccccc1/C=C/c1ccccc1C=Cc1ccccc1-c1ccccc1C=Cc1ccccc1C=Cc1ccncc1,C=C(C)c1ccccc1/C=C\c1ccccc1C=Cc1ccccc1-c1ccccc1C=Cc1ccccc1C=Cc1ccncc1,True,True,True,ok,603.8090000000002,2.8670147162268265,0.14196474382671076,10.0,365.7748134782255,61.47830791204376,,,,0.31038976503098575,unified_conditional_rl,356.1787704902443,59.77843619986306,,,True,True,True,0.35566845198051084,PASS_STILBENE_STRUCTURAL_PROXY,,,,,106,MC-STILBENE-0606
607,C1C=C1C=CC2=CC=CC=C2C=CC3=CC=CC=C3C,stilbene,Cc1ccccc1C=Cc1ccccc1C=CC1=CC1,Cc1ccccc1/C=C/c1ccccc1C=CC1=CC1,Cc1ccccc1/C=C\c1ccccc1C=CC1=CC1,True,True,True,ok,258.36400000000003,2.485587678680563,0.6343229460138264,4.0,360.85526583816954,61.47830791204376,,,,0.3247756010346556,unified_conditional_rl,356.2879776520311,59.77843619986306,,,True,True,True,0.35548780173958294,PASS_STILBENE_STRUCTURAL_PROXY,,,,,107,MC-STILBENE-0607
608,C1C=C1C=CC2=CC=CC=C2C=CC3=CC=CC=C3C=CC4=CC=CC=C4C,stilbene,Cc1ccccc1C=Cc1ccccc1C=Cc1ccccc1C=CC1=CC1,Cc1ccccc1/C=C/c1ccccc1C=Cc1ccccc1C=CC1=CC1,Cc1ccccc1/C=C\c1ccccc1C=Cc1ccccc1C=CC1=CC1,True,True,True,ok,360.5000000000001,2.550213734425782,0.3954157330872743,6.0,360.85526583816954,61.47830791204376,,,,0.3247756010346556,unified_conditional_rl,356.2879776520311,59.77843619986306,,,True,True,True,0.35548780173958294,PASS_STILBENE_STRUCTURAL_PROXY,,,,,108,MC-STILBENE-0608
609,C1C=C1C=CC2=CC=CC=C2C=CC3=CC=CC=C3C=CC4=CC=CC=C4C=CC5=CC=CC=C5C,stilbene,Cc1ccccc1C=Cc1ccccc1C=Cc1ccccc1C=Cc1ccccc1C=CC1=CC1,Cc1ccccc1/C=C/c1ccccc1C=Cc1ccccc1C=Cc1ccccc1C=CC1=CC1,Cc1ccccc1/C=C\c1ccccc1C=Cc1ccccc1C=Cc1ccccc1C=CC1=CC1,True,True,True,ok,462.6360000000002,2.5920825716293496,0.22854992463277576,8.0,360.85526583816954,61.47830791204376,,,,0.3247756010346556,unified_conditional_rl,356.2879776520311,59.77843619986306,,,True,True,True,0.35548780173958294,PASS_STILBENE_STRUCTURAL_PROXY,,,,,109,MC-STILBENE-0609
610,OC1=CC=CC=C1C2=CC=CC=C2C=CC3=CC=CC=C3,stilbene,Oc1ccccc1-c1ccccc1C=Cc1ccccc1,Oc1ccccc1-c1ccccc1/C=C/c1ccccc1,Oc1ccccc1-c1ccccc1/C=C\c1ccccc1,True,True,True,ok,272.34700000000004,1.8196820819706314,0.6471951933216905,3.0,364.04542472877864,61.47830791204376,,,,0.31592233921606594,unified_conditional_rl,356.3335122244389,59.77843619986306,,,True,True,True,0.3554115918295177,PASS_STILBENE_STRUCTURAL_PROXY,,,,,110,MC-STILBENE-0610
611,C1=CC=CC=C1C=CC2=CC=CC=C2C3=CC=CC=C3C=CC4=CC=CC=C4C5=CC=CC=C5O,stilbene,Oc1ccccc1-c1ccccc1C=Cc1ccccc1-c1ccccc1C=Cc1ccccc1,Oc1ccccc1-c1ccccc1/C=C/c1ccccc1-c1ccccc1C=Cc1ccccc1,Oc1ccccc1-c1ccccc1/C=C\c1ccccc1-c1ccccc1C=Cc1ccccc1,True,True,True,ok,450.5810000000002,2.1116778102172464,0.25580646725655154,6.0,364.04542472877864,61.47830791204376,,,,0.31592233921606594,unified_conditional_rl,356.3335122244389,59.77843619986306,,,True,True,True,0.3554115918295177,PASS_STILBENE_STRUCTURAL_PROXY,,,,,111,MC-STILBENE-0611
612,C1=CC=CC=C1C=CC2=CC=CC=C2C=CC3=CC=CC=C3C4=CC=CC=C4O,stilbene,Oc1ccccc1-c1ccccc1C=Cc1ccccc1C=Cc1ccccc1,Oc1ccccc1-c1ccccc1/C=C/c1ccccc1C=Cc1ccccc1,Oc1ccccc1-c1ccccc1/C=C\c1ccccc1C=Cc1ccccc1,True,True,True,ok,374.4830000000001,2.1143206889801682,0.3608166449870032,5.0,364.04542472877864,61.47830791204376,,,,0.31592233921606594,unified_conditional_rl,356.3335122244389,59.77843619986306,,,True,True,True,0.3554115918295177,PASS_STILBENE_STRUCTURAL_PROXY,,,,,112,MC-STILBENE-0612
613,O1C=CC(C)=C1C=CC2=CC=CC=C2C=CC3=CC=NC=C3C=CC4=CC=CC=C4,stilbene,Cc1ccoc1C=Cc1ccccc1C=Cc1ccncc1C=Cc1ccccc1,Cc1ccoc1/C=C/c1ccccc1C=Cc1ccncc1C=Cc1ccccc1,Cc1ccoc1/C=C\c1ccccc1C=Cc1ccncc1C=Cc1ccccc1,True,True,True,ok,389.4980000000001,2.8047239895229783,0.341221456028411,6.0,366.1854720478341,61.47830791204376,,,,0.3090078138381827,unified_conditional_rl,356.5511082605328,59.77843619986306,,,True,True,True,0.3550402249723126,PASS_STILBENE_STRUCTURAL_PROXY,,,,,113,MC-STILBENE-0613
614,C1C=C1C=CC2=CC=CC=C2C=CC3=CC=NC=C3C=CC4=CC=CC=C4C=CC5=CC=CC=C5,stilbene,C(=Cc1ccccc1C=Cc1ccncc1C=Cc1ccccc1C=Cc1ccccc1)C1=CC1,C(=Cc1ccccc1/C=C/c1ccncc1C=Cc1ccccc1C=Cc1ccccc1)C1=CC1,C(=Cc1ccccc1/C=C\c1ccncc1C=Cc1ccccc1C=Cc1ccccc1)C1=CC1,True,True,True,ok,449.59700000000015,2.8925625978976512,0.2446642857402213,8.0,364.7319812167843,61.47830791204376,,,,0.31378322729674574,unified_conditional_rl,356.57267274173677,59.77843619986306,,,True,True,True,0.35500277591818563,PASS_STILBENE_STRUCTURAL_PROXY,,,,,114,MC-STILBENE-0614
615,C1=CC=NC=C1C=CC2=CC=CC=C2C=CC3=CC=CC=C3C=CC4=CC=CC=C4C=CC5=CC=CC=C5C,stilbene,Cc1ccccc1C=Cc1ccccc1C=Cc1ccccc1C=Cc1ccccc1C=Cc1cccnc1,Cc1ccccc1/C=C/c1ccccc1C=Cc1ccccc1C=Cc1ccccc1C=Cc1cccnc1,Cc1ccccc1/C=C\c1ccccc1C=Cc1ccccc1C=Cc1ccccc1C=Cc1cccnc1,True,True,True,ok,501.6730000000002,2.547630890028259,0.19275843504046458,8.0,360.63113164072047,61.47830791204376,,,,0.3253256629026652,unified_conditional_rl,356.61741266276994,59.77843619986306,,,True,True,True,0.3549247099173892,PASS_STILBENE_STRUCTURAL_PROXY,,,,,115,MC-STILBENE-0615
616,C1=CC=NC=C1C=CC2=CC=CC=C2C=CC3=CC=CC=C3C=CC4=CC=CC=C4C,stilbene,Cc1ccccc1C=Cc1ccccc1C=Cc1ccccc1C=Cc1cccnc1,Cc1ccccc1/C=C/c1ccccc1C=Cc1ccccc1C=Cc1cccnc1,Cc1ccccc1/C=C\c1ccccc1C=Cc1ccccc1C=Cc1cccnc1,True,True,True,ok,399.5370000000001,2.4252690396518126,0.3002558037792772,6.0,360.63113164072047,61.47830791204376,,,,0.3253256629026652,unified_conditional_rl,356.61741266276994,59.77843619986306,,,True,True,True,0.3549247099173892,PASS_STILBENE_STRUCTURAL_PROXY,,,,,116,MC-STILBENE-0616
617,C1=CC=NC=C1C=CC2=CC=CC=C2C=CC3=CC=CC=C3C,stilbene,Cc1ccccc1C=Cc1ccccc1C=Cc1cccnc1,Cc1ccccc1/C=C/c1ccccc1C=Cc1cccnc1,Cc1ccccc1/C=C\c1ccccc1C=Cc1cccnc1,True,True,True,ok,297.401,2.1863056100779055,0.560250127757053,4.0,360.63113164072047,61.47830791204376,,,,0.3253256629026652,unified_conditional_rl,356.61741266276994,59.77843619986306,,,True,True,True,0.3549247099173892,PASS_STILBENE_STRUCTURAL_PROXY,,,,,117,MC-STILBENE-0617
618,CC1=CC=NC=C1C=CC2=CC=CC=C2C=CC3=CC=CC=C3C=CC4=CC=CC=C4C=CC5=CC=CC=C5C,stilbene,Cc1ccccc1C=Cc1ccccc1C=Cc1ccccc1C=Cc1ccccc1C=Cc1cnccc1C,Cc1ccncc1C=Cc1ccccc1C=Cc1ccccc1C=Cc1ccccc1/C=C/c1ccccc1C,Cc1ccncc1C=Cc1ccccc1C=Cc1ccccc1C=Cc1ccccc1/C=C\c1ccccc1C,True,True,True,ok,515.7000000000002,2.5637565276779988,0.18731505724496367,8.0,361.7455728296706,61.47830791204376,,,,0.32249404212906163,unified_conditional_rl,356.63419564129214,59.77843619986306,,,True,True,True,0.35489529676440335,PASS_STILBENE_STRUCTURAL_PROXY,,,,,118,MC-STILBENE-0618
619,NC1=CC=CC=C1C=CC2=CC=CC=C2,stilbene,Nc1ccccc1C=Cc1ccccc1,Nc1ccccc1/C=C/c1ccccc1,Nc1ccccc1/C=C\c1ccccc1,True,True,True,ok,195.26500000000001,1.7358953565661555,0.5762036408220491,2.0,357.793256753703,61.47830791204376,,,,0.3313991095750402,unified_conditional_rl,356.6375002036695,59.77843619986306,,,True,True,True,0.3548894970501994,PASS_STILBENE_STRUCTURAL_PROXY,,,,,119,MC-STILBENE-0619
620,NC1=CC=CC=C1C=CC2=CC=CC=C2C=CC3=CC=CC=C3,stilbene,Nc1ccccc1C=Cc1ccccc1C=Cc1ccccc1,Nc1ccccc1/C=C/c1ccccc1C=Cc1ccccc1,Nc1ccccc1/C=C\c1ccccc1C=Cc1ccccc1,True,True,True,ok,297.401,2.0673496387053376,0.4913680095581286,4.0,357.793256753703,61.47830791204376,,,,0.3313991095750402,unified_conditional_rl,356.6375002036695,59.77843619986306,,,True,True,True,0.3548894970501994,PASS_STILBENE_STRUCTURAL_PROXY,,,,,120,MC-STILBENE-0620
621,NC1=CC=CC=C1C=CC2=CC=CC=C2C=CC3=CC=CC=C3C=CC4=CC=CC=C4,stilbene,Nc1ccccc1C=Cc1ccccc1C=Cc1ccccc1C=Cc1ccccc1,Nc1ccccc1/C=C/c1ccccc1C=Cc1ccccc1C=Cc1ccccc1,Nc1ccccc1/C=C\c1ccccc1C=Cc1ccccc1C=Cc1ccccc1,True,True,True,ok,399.5370000000001,2.16883894278884,0.2598815497897068,6.0,357.793256753703,61.47830791204376,,,,0.3313991095750402,unified_conditional_rl,356.6375002036695,59.77843619986306,,,True,True,True,0.3548894970501994,PASS_STILBENE_STRUCTURAL_PROXY,,,,,121,MC-STILBENE-0621
622,NC1=CC=CC=C1C=CC2=CC=CC=C2C=CC3=CC=CC=C3C=CC4=CC=CC=C4C=CC5=CC=CC=C5,stilbene,Nc1ccccc1C=Cc1ccccc1C=Cc1ccccc1C=Cc1ccccc1C=Cc1ccccc1,Nc1ccccc1/C=C/c1ccccc1C=Cc1ccccc1C=Cc1ccccc1C=Cc1ccccc1,Nc1ccccc1/C=C\c1ccccc1C=Cc1ccccc1C=Cc1ccccc1C=Cc1ccccc1,True,True,True,ok,501.6730000000002,2.304685846792321,0.16609335009688714,8.0,357.793256753703,61.47830791204376,,,,0.3313991095750402,unified_conditional_rl,356.6375002036695,59.77843619986306,,,True,True,True,0.3548894970501994,PASS_STILBENE_STRUCTURAL_PROXY,,,,,122,MC-STILBENE-0622
623,NC1=CC=CC=C1C=CC2=CC=CC=C2C=CC3=CC=CC=C3C=CC4=CC=CC=C4C=CC5=CC=CC=C5C=CC6=CC=CC=C6,stilbene,Nc1ccccc1C=Cc1ccccc1C=Cc1ccccc1C=Cc1ccccc1C=Cc1ccccc1C=Cc1ccccc1,Nc1ccccc1/C=C/c1ccccc1C=Cc1ccccc1C=Cc1ccccc1C=Cc1ccccc1C=Cc1ccccc1,Nc1ccccc1/C=C\c1ccccc1C=Cc1ccccc1C=Cc1ccccc1C=Cc1ccccc1C=Cc1ccccc1,True,True,True,ok,603.8090000000002,2.4683402336270923,0.12231088591253796,10.0,357.793256753703,61.47830791204376,,,,0.3313991095750402,unified_conditional_rl,356.6375002036695,59.77843619986306,,,True,True,True,0.3548894970501994,PASS_STILBENE_STRUCTURAL_PROXY,,,,,123,MC-STILBENE-0623
624,CC1=CC=CC=C1C2=CC=CC=C2C=CC3=CC=CC=C3C=CC4=CC=CC=C4C5=CC=CC=C5,stilbene,Cc1ccccc1-c1ccccc1C=Cc1ccccc1C=Cc1ccccc1-c1ccccc1,Cc1ccccc1-c1ccccc1/C=C/c1ccccc1C=Cc1ccccc1-c1ccccc1,Cc1ccccc1-c1ccccc1/C=C\c1ccccc1C=Cc1ccccc1-c1ccccc1,True,True,True,ok,448.60900000000015,2.0795451086724768,0.22678816981684075,6.0,362.53150221112213,61.47830791204376,,,,0.3203552656416478,unified_conditional_rl,356.73676420088833,59.77843619986306,,,True,True,True,0.3547140146515152,PASS_STILBENE_STRUCTURAL_PROXY,,,,,124,MC-STILBENE-0624
625,COC1=CC=CC=C1C2=CC=CC=C2C=CC3=CC=CC=C3C4=CC=CC=C4C=CC5=CC=CC=C5C,stilbene,COc1ccccc1-c1ccccc1C=Cc1ccccc1-c1ccccc1C=Cc1ccccc1C,COc1ccccc1-c1ccccc1/C=C/c1ccccc1-c1ccccc1C=Cc1ccccc1C,COc1ccccc1-c1ccccc1/C=C\c1ccccc1-c1ccccc1C=Cc1ccccc1C,True,True,True,ok,478.6350000000002,2.2054422178574473,0.2115589941542598,7.0,361.42536704914636,61.47830791204376,,,,0.32333219267143515,unified_conditional_rl,356.7403116982007,59.77843619986306,,,True,True,True,0.35470769788595957,PASS_STILBENE_STRUCTURAL_PROXY,,,,,125,MC-STILBENE-0625
626,NOCC1=CC=CC=C1C=CC2=CC=CC=C2C=CC3=CC=CC=C3,stilbene,NOCc1ccccc1C=Cc1ccccc1C=Cc1ccccc1,NOCc1ccccc1/C=C/c1ccccc1C=Cc1ccccc1,NOCc1ccccc1/C=C\c1ccccc1C=Cc1ccccc1,True,True,True,ok,327.427,2.3314786790040856,0.4846124835079188,6.0,360.6677024595219,61.47830791204376,,,,0.32523659019774387,unified_conditional_rl,356.7500884372951,59.77843619986306,,,True,True,True,0.3546902729814156,PASS_STILBENE_STRUCTURAL_PROXY,,,,,126,MC-STILBENE-0626
627,NOCC1=CC=CC=C1C=CC2=CC=CC=C2C=CC3=CC=CC=C3C=CC4=CC=CC=C4,stilbene,NOCc1ccccc1C=Cc1ccccc1C=Cc1ccccc1C=Cc1ccccc1,NOCc1ccccc1/C=C/c1ccccc1C=Cc1ccccc1C=Cc1ccccc1,NOCc1ccccc1/C=C\c1ccccc1C=Cc1ccccc1C=Cc1ccccc1,True,True,True,ok,429.5630000000001,2.4829367351635003,0.23126569283513737,8.0,360.6677024595219,61.47830791204376,,,,0.32523659019774387,unified_conditional_rl,356.7500884372951,59.77843619986306,,,True,True,True,0.3546902729814156,PASS_STILBENE_STRUCTURAL_PROXY,,,,,127,MC-STILBENE-0627
628,C1C=C1C=CC2=CC=NC=C2C=CC3=CC=CC=C3,stilbene,C(=Cc1ccncc1C=Cc1ccccc1)C1=CC1,C(=Cc1ccncc1/C=C/c1ccccc1)C1=CC1,C(=Cc1ccncc1/C=C\c1ccccc1)C1=CC1,True,True,True,ok,245.325,2.6726063611069346,0.7670161906775503,4.0,365.30093309974427,61.47830791204376,,,,0.311952823713506,unified_conditional_rl,356.77538567072133,59.77843619986306,,,True,True,True,0.3546450759490266,PASS_STILBENE_STRUCTURAL_PROXY,,,,,128,MC-STILBENE-0628
629,NOCC1=CC=CC=C1C=CC2=CC=CC=C2C=CC3=CC=CC=C3C,stilbene,Cc1ccccc1C=Cc1ccccc1C=Cc1ccccc1CON,Cc1ccccc1/C=C/c1ccccc1C=Cc1ccccc1CON,Cc1ccccc1/C=C\c1ccccc1C=Cc1ccccc1CON,True,True,True,ok,341.4540000000001,2.4371726068725668,0.45912391669427105,6.0,363.50099805808986,61.47830791204376,,,,0.31756250864106444,unified_conditional_rl,356.79325222673805,59.77843619986306,,,True,True,True,0.3546130590931463,PASS_STILBENE_STRUCTURAL_PROXY,,,,,129,MC-STILBENE-0629
630,CC(=C)C1=CC=CC=C1C=CC2=CC=CC=C2C=CC3=CC=CC=C3C=CC4=CC=CC=C4C=CC5=CC=CC=C5C=CC,stilbene,C=C(C)c1ccccc1C=Cc1ccccc1C=Cc1ccccc1C=Cc1ccccc1C=Cc1ccccc1C=CC,C=C(C)c1ccccc1/C=C/c1ccccc1C=Cc1ccccc1C=Cc1ccccc1C=Cc1ccccc1C=CC,C=C(C)c1ccccc1/C=C\c1ccccc1C=Cc1ccccc1C=Cc1ccccc1C=Cc1ccccc1C=CC,True,True,True,ok,566.7880000000001,2.731062389784398,0.14749986137786716,10.0,360.0489643045741,61.47830791204376,,,,0.3267076056287197,unified_conditional_rl,356.7951183015071,59.77843619986306,,,True,True,True,0.35460971051782525,PASS_STILBENE_STRUCTURAL_PROXY,,,,,130,MC-STILBENE-0630
631,CN=NC=CC1=CC=CC=C1C=CC2=CC=CC=C2C=CC3=CC=CC=C3C=NC4=CC=CC=C4,stilbene,CN=NC=Cc1ccccc1C=Cc1ccccc1C=Cc1ccccc1C=Nc1ccccc1,CN=NC=Cc1ccccc1/C=C/c1ccccc1C=Cc1ccccc1C=Nc1ccccc1,CN=NC=Cc1ccccc1/C=C\c1ccccc1C=Cc1ccccc1C=Nc1ccccc1,True,True,True,ok,453.5890000000001,2.9573159590035925,0.14514323648597302,8.0,369.73014345276005,61.47830791204376,,,,0.2961272052780427,unified_conditional_rl,356.8267668569717,59.77843619986306,,,True,True,True,0.354552787213564,PASS_STILBENE_STRUCTURAL_PROXY,,,,,131,MC-STILBENE-0631
632,CC1=CC=CC=C1C=CC2=CC=CC=C2C=CC3=CC=CC=C3C=CC4=CC=CC=C4C=CC5=CC=NC=C5,stilbene,Cc1ccccc1C=Cc1ccccc1C=Cc1ccccc1C=Cc1ccccc1C=Cc1ccncc1,Cc1ccccc1/C=C/c1ccccc1C=Cc1ccccc1C=Cc1ccccc1C=Cc1ccncc1,Cc1ccccc1/C=C\c1ccccc1C=Cc1ccccc1C=Cc1ccccc1C=Cc1ccncc1,True,True,True,ok,501.6730000000002,2.4776426534158915,0.19275843504046458,8.0,360.17680132230254,61.47830791204376,,,,0.32640998949966676,unified_conditional_rl,356.84853721186664,59.77843619986306,,,True,True,True,0.35451348669644817,PASS_STILBENE_STRUCTURAL_PROXY,,,,,132,MC-STILBENE-0632
633,CC1=CC=CC=C1C=CC2=CC=CC=C2C=CC3=CC=CC=C3C=CC4=CC=NC=C4,stilbene,Cc1ccccc1C=Cc1ccccc1C=Cc1ccccc1C=Cc1ccncc1,Cc1ccccc1/C=C/c1ccccc1C=Cc1ccccc1C=Cc1ccncc1,Cc1ccccc1/C=C\c1ccccc1C=Cc1ccccc1C=Cc1ccncc1,True,True,True,ok,399.5370000000001,2.3567446134419345,0.3002558037792772,6.0,360.17680132230254,61.47830791204376,,,,0.32640998949966676,unified_conditional_rl,356.84853721186664,59.77843619986306,,,True,True,True,0.35451348669644817,PASS_STILBENE_STRUCTURAL_PROXY,,,,,133,MC-STILBENE-0633
634,CC1=CC=CC=C1C=CC2=CC=CC=C2C=CC3=CC=NC=C3,stilbene,Cc1ccccc1C=Cc1ccccc1C=Cc1ccncc1,Cc1ccccc1/C=C/c1ccccc1C=Cc1ccncc1,Cc1ccccc1/C=C\c1ccccc1C=Cc1ccncc1,True,True,True,ok,297.401,2.195877782023608,0.560250127757053,4.0,360.17680132230254,61.47830791204376,,,,0.32640998949966676,unified_conditional_rl,356.84853721186664,59.77843619986306,,,True,True,True,0.35451348669644817,PASS_STILBENE_STRUCTURAL_PROXY,,,,,134,MC-STILBENE-0634
635,CC1=CC=CC=C1C=CC2=CC=NC=C2,stilbene,Cc1ccccc1C=Cc1ccncc1,Cc1ccccc1/C=C/c1ccncc1,Cc1ccccc1/C=C\c1ccncc1,True,True,True,ok,195.26500000000001,1.8869694824402803,0.7135980507746542,2.0,360.17680132230254,61.47830791204376,,,,0.32640998949966676,unified_conditional_rl,356.84853721186664,59.77843619986306,,,True,True,True,0.35451348669644817,PASS_STILBENE_STRUCTURAL_PROXY,,,,,135,MC-STILBENE-0635
636,[C@H1](C)C1=CC=CC=C1C=CC2=CC=CC=C2C=CC3=CC=CC=C3C=CC4=CC=CC=C4C=CC5=CC=CC=C5,stilbene,C[CH]c1ccccc1C=Cc1ccccc1C=Cc1ccccc1C=Cc1ccccc1C=Cc1ccccc1,C[CH]c1ccccc1/C=C/c1ccccc1C=Cc1ccccc1C=Cc1ccccc1C=Cc1ccccc1,C[CH]c1ccccc1/C=C\c1ccccc1C=Cc1ccccc1C=Cc1ccccc1C=Cc1ccccc1,True,True,True,ok,513.7040000000002,2.442154879614124,0.17194409448611098,9.0,357.4814701856607,61.47830791204376,,,,0.33196166449172354,unified_conditional_rl,356.9344171277071,59.77843619986306,,,True,True,True,0.35435730867772425,PASS_STILBENE_STRUCTURAL_PROXY,,,,,136,MC-STILBENE-0636
637,COC1=CC=CC=C1OCC2=CC=CC=C2C=CC3=CC=CC=C3C=CC4=CC=CC=C4,stilbene,COc1ccccc1OCc1ccccc1C=Cc1ccccc1C=Cc1ccccc1,COc1ccccc1OCc1ccccc1/C=C/c1ccccc1C=Cc1ccccc1,COc1ccccc1OCc1ccccc1/C=C\c1ccccc1C=Cc1ccccc1,True,True,True,ok,418.53600000000006,2.1785725925983677,0.2740890215598456,8.0,360.59966999046645,61.47830791204376,,,,0.3254020792797885,unified_conditional_rl,357.12658973404933,59.77843619986306,,,True,True,True,0.35400123178739074,PASS_STILBENE_STRUCTURAL_PROXY,,,,,137,MC-STILBENE-0637
638,CC=CC1=CC=CC=C1C=CC2=CC=NC=C2C=CC3=CC=CC=C3C=CC4=CC=CC=C4C,stilbene,CC=Cc1ccccc1C=Cc1ccncc1C=Cc1ccccc1C=Cc1ccccc1C,CC=Cc1ccccc1/C=C/c1ccncc1C=Cc1ccccc1C=Cc1ccccc1C,CC=Cc1ccccc1/C=C\c1ccncc1C=Cc1ccccc1C=Cc1ccccc1C,True,True,True,ok,439.60200000000015,2.7378004549933195,0.26189722814341704,7.0,363.72084443915475,61.47830791204376,,,,0.31690627717751724,unified_conditional_rl,357.2642927888441,59.77843619986306,,,True,True,True,0.3537404939677958,PASS_STILBENE_STRUCTURAL_PROXY,,,,,138,MC-STILBENE-0638
639,CC=CC1=CC=NC=C1C=CC2=CC=CC=C2C=CC3=CC=CC=C3C,stilbene,CC=Cc1ccncc1C=Cc1ccccc1C=Cc1ccccc1C,CC=Cc1ccncc1/C=C/c1ccccc1C=Cc1ccccc1C,CC=Cc1ccncc1/C=C\c1ccccc1C=Cc1ccccc1C,True,True,True,ok,337.4660000000001,2.619823416589167,0.4684326360295519,5.0,363.72084443915475,61.47830791204376,,,,0.31690627717751724,unified_conditional_rl,357.2642927888441,59.77843619986306,,,True,True,True,0.3537404939677958,PASS_STILBENE_STRUCTURAL_PROXY,,,,,139,MC-STILBENE-0639
640,CC=CC1=CC=NC=C1C=CC2=CC=CC=C2C=CC3=CC=CC=C3C=CC4=CC=CC=C4C,stilbene,CC=Cc1ccncc1C=Cc1ccccc1C=Cc1ccccc1C=Cc1ccccc1C,CC=Cc1ccncc1/C=C/c1ccccc1C=Cc1ccccc1C=Cc1ccccc1C,CC=Cc1ccncc1/C=C\c1ccccc1C=Cc1ccccc1C=Cc1ccccc1C,True,True,True,ok,439.6020000000002,2.7378004549933195,0.26189722814341704,7.0,363.72084443915475,61.47830791204376,,,,0.31690627717751724,unified_conditional_rl,357.2642927888441,59.77843619986306,,,True,True,True,0.3537404939677958,PASS_STILBENE_STRUCTURAL_PROXY,,,,,140,MC-STILBENE-0640
641,CC=CC1=CC=NC=C1C=CC2=CC=CC=C2C=CC3=CC=CC=C3C=CC4=CC=CC=C4C=CC5=CC=CC=C5C,stilbene,CC=Cc1ccncc1C=Cc1ccccc1C=Cc1ccccc1C=Cc1ccccc1C=Cc1ccccc1C,CC=Cc1ccncc1/C=C/c1ccccc1C=Cc1ccccc1C=Cc1ccccc1C=Cc1ccccc1C,CC=Cc1ccncc1/C=C\c1ccccc1C=Cc1ccccc1C=Cc1ccccc1C=Cc1ccccc1C,True,True,True,ok,541.7380000000002,2.8256661249318302,0.16912731081019916,9.0,363.72084443915475,61.47830791204376,,,,0.31690627717751724,unified_conditional_rl,357.2642927888441,59.77843619986306,,,True,True,True,0.3537404939677958,PASS_STILBENE_STRUCTURAL_PROXY,,,,,141,MC-STILBENE-0641
642,CC(C)=CC1=CC=CC=C1C=CC2=CC=CC=C2C=CC3=CC=CC=C3C4=CC=CC=C4C,stilbene,CC(C)=Cc1ccccc1C=Cc1ccccc1C=Cc1ccccc1-c1ccccc1C,CC(C)=Cc1ccccc1/C=C/c1ccccc1C=Cc1ccccc1-c1ccccc1C,CC(C)=Cc1ccccc1/C=C\c1ccccc1C=Cc1ccccc1-c1ccccc1C,True,True,True,ok,426.6030000000002,2.392218259888775,0.2693091744369292,6.0,363.15254445301457,61.47830791204376,,,,0.3185854477791521,unified_conditional_rl,357.2874493100797,59.77843619986306,,,True,True,True,0.3536961909513382,PASS_STILBENE_STRUCTURAL_PROXY,,,,,142,MC-STILBENE-0642
643,C1CC=C1C=CC2=CC=CC=C2C=CC3=CC=CC=C3C=CC4=CC=CC=C4C5=CC=CC=C5C,stilbene,Cc1ccccc1-c1ccccc1C=Cc1ccccc1C=Cc1ccccc1C=CC1=CCC1,Cc1ccccc1-c1ccccc1/C=C/c1ccccc1C=Cc1ccccc1C=CC1=CCC1,Cc1ccccc1-c1ccccc1/C=C\c1ccccc1C=Cc1ccccc1C=CC1=CCC1,True,True,True,ok,450.6250000000002,2.595123711631846,0.24578776099871585,7.0,358.90214078421417,61.47830791204376,,,,0.3292272285030099,unified_conditional_rl,357.30225798737564,59.77843619986306,,,True,True,True,0.3536677902136919,PASS_STILBENE_STRUCTURAL_PROXY,,,,,143,MC-STILBENE-0643
644,C1=CC=CC=C1C=CC2=CC=CC=C2C=CC3=CC=CC=C3C=CC4=CC=CC=C4,stilbene,C(=Cc1ccccc1C=Cc1ccccc1C=Cc1ccccc1)c1ccccc1,C(=Cc1ccccc1C=Cc1ccccc1/C=C/c1ccccc1)c1ccccc1,C(=Cc1ccccc1C=Cc1ccccc1/C=C\c1ccccc1)c1ccccc1,True,True,True,ok,384.52200000000005,1.7882834223688544,0.2938708310876375,6.0,355.596928714765,61.47830791204376,,,,0.3348984563791498,unified_conditional_rl,357.3190351581975,59.77843619986306,,,True,True,True,0.35363554939715486,PASS_STILBENE_STRUCTURAL_PROXY,,,,,144,MC-STILBENE-0644
645,C1=CC=CC=C1/C=CC2=CC=CC=C2C=CC3=CC=CC=C3C=CC4=CC=CC=C4C=CC5=CC=CC=C5,stilbene,C(=Cc1ccccc1C=Cc1ccccc1C=Cc1ccccc1C=Cc1ccccc1)c1ccccc1,C(=Cc1ccccc1C=Cc1ccccc1C=Cc1ccccc1/C=C/c1ccccc1)c1ccccc1,C(=Cc1ccccc1C=Cc1ccccc1C=Cc1ccccc1/C=C\c1ccccc1)c1ccccc1,True,True,True,ok,486.65800000000013,1.9504373360762592,0.19135995367762354,8.0,355.596928714765,61.47830791204376,,,,0.3348984563791498,unified_conditional_rl,357.3190351581975,59.77843619986306,,,True,True,True,0.35363554939715486,PASS_STILBENE_STRUCTURAL_PROXY,,,,,145,MC-STILBENE-0645
646,C1=CC=CC=C1C=CC2=CC=CC=C2C=CC3=CC=CC=C3C=CC4=CC=CC=C4C=CC5=CC=CC=C5C=CC6=CC=CC=C6,stilbene,C(=Cc1ccccc1C=Cc1ccccc1C=Cc1ccccc1C=Cc1ccccc1C=Cc1ccccc1)c1ccccc1,C(=Cc1ccccc1C=Cc1ccccc1C=Cc1ccccc1C=Cc1ccccc1/C=C/c1ccccc1)c1ccccc1,C(=Cc1ccccc1C=Cc1ccccc1C=Cc1ccccc1C=Cc1ccccc1/C=C\c1ccccc1)c1ccccc1,True,True,True,ok,588.7940000000002,2.1307704292597993,0.13965893757307987,10.0,355.596928714765,61.47830791204376,,,,0.3348984563791498,unified_conditional_rl,357.3190351581975,59.77843619986306,,,True,True,True,0.35363554939715486,PASS_STILBENE_STRUCTURAL_PROXY,,,,,146,MC-STILBENE-0646
647,C=1N=CC=CC=CC=CC2=CC=CC=C2C=CC=CC=CC=1C=CC3=CC=CC=C3C4=CC=CC=C4C=CC5=CC=CC=C5,stilbene,C(=Cc1ccccc1-c1ccccc1C=Cc1ccccccc2ccccc2cccccccnc1)c1ccccc1,C(=Cc1ccccc1-c1ccccc1/C=C/c1ccccc1)c1ccccccc2ccccc2cccccccnc1,C(=Cc1ccccc1-c1ccccc1/C=C\c1ccccc1)c1ccccccc2ccccc2cccccccnc1,True,True,True,ok,565.7600000000002,2.595170553749101,0.1931663660171798,5.0,358.2152574921738,61.47830791204376,,,,0.33060382652433423,unified_conditional_rl,357.3245909643385,59.77843619986306,,,True,True,True,0.35362485759193674,PASS_STILBENE_STRUCTURAL_PROXY,,,,,147,MC-STILBENE-0647
648,NS/C=CC1=CC=CC=C1C=CC2=CC=CC=C2C=CC3=CC=CC=C3C=CC4=CC=CC=C4,stilbene,NSC=Cc1ccccc1C=Cc1ccccc1C=Cc1ccccc1C=Cc1ccccc1,NSC=Cc1ccccc1/C=C/c1ccccc1C=Cc1ccccc1C=Cc1ccccc1,NSC=Cc1ccccc1/C=C\c1ccccc1C=Cc1ccccc1C=Cc1ccccc1,True,True,True,ok,457.6420000000001,2.6370897100240764,0.2112824253787763,8.0,359.69010859806775,61.47830791204376,,,,0.32752527214954763,unified_conditional_rl,357.37142874264515,59.77843619986306,,,True,True,True,0.3535344213528637,PASS_STILBENE_STRUCTURAL_PROXY,,,,,148,MC-STILBENE-0648
649,CC=CC1=CC=CC=C1C=CC2=CC=CC=C2C,stilbene,CC=Cc1ccccc1C=Cc1ccccc1C,CC=Cc1ccccc1/C=C/c1ccccc1C,CC=Cc1ccccc1/C=C\c1ccccc1C,True,True,True,ok,234.34199999999998,2.140231106465288,0.6403186152110641,3.0,358.36566475461785,61.47830791204376,,,,0.3303110411116303,unified_conditional_rl,357.41923641497095,59.77843619986306,,,True,True,True,0.35344156011457856,PASS_STILBENE_STRUCTURAL_PROXY,,,,,149,MC-STILBENE-0649
650,CC=CC1=CC=CC=C1C=CC2=CC=CC=C2C=CC3=CC=CC=C3C,stilbene,CC=Cc1ccccc1C=Cc1ccccc1C=Cc1ccccc1C,CC=Cc1ccccc1/C=C/c1ccccc1C=Cc1ccccc1C,CC=Cc1ccccc1/C=C\c1ccccc1C=Cc1ccccc1C,True,True,True,ok,336.47800000000007,2.2455014686095396,0.42663015120501335,5.0,358.36566475461785,61.47830791204376,,,,0.3303110411116303,unified_conditional_rl,357.41923641497095,59.77843619986306,,,True,True,True,0.35344156011457856,PASS_STILBENE_STRUCTURAL_PROXY,,,,,150,MC-STILBENE-0650
651,CC=CC1=CC=CC=C1C=CC2=CC=CC=C2C=CC3=CC=CC=C3C=CC4=CC=CC=C4C,stilbene,CC=Cc1ccccc1C=Cc1ccccc1C=Cc1ccccc1C=Cc1ccccc1C,CC=Cc1ccccc1/C=C/c1ccccc1C=Cc1ccccc1C=Cc1ccccc1C,CC=Cc1ccccc1/C=C\c1ccccc1C=Cc1ccccc1C=Cc1ccccc1C,True,True,True,ok,438.61400000000015,2.3187598014972757,0.2519710247868858,7.0,358.36566475461785,61.47830791204376,,,,0.3303110411116303,unified_conditional_rl,357.41923641497095,59.77843619986306,,,True,True,True,0.35344156011457856,PASS_STILBENE_STRUCTURAL_PROXY,,,,,151,MC-STILBENE-0651
652,CC=CC1=CC=CC=C1C=CC2=CC=CC=C2C=CC3=CC=CC=C3C=CC4=CC=CC=C4C=CC5=CC=CC=C5C,stilbene,CC=Cc1ccccc1C=Cc1ccccc1C=Cc1ccccc1C=Cc1ccccc1C=Cc1ccccc1C,CC=Cc1ccccc1/C=C/c1ccccc1C=Cc1ccccc1C=Cc1ccccc1C=Cc1ccccc1C,CC=Cc1ccccc1/C=C\c1ccccc1C=Cc1ccccc1C=Cc1ccccc1C=Cc1ccccc1C,True,True,True,ok,540.7500000000001,2.4399374416591098,0.16310664294088661,9.0,358.36566475461785,61.47830791204376,,,,0.3303110411116303,unified_conditional_rl,357.41923641497095,59.77843619986306,,,True,True,True,0.35344156011457856,PASS_STILBENE_STRUCTURAL_PROXY,,,,,152,MC-STILBENE-0652
653,CC=CC1=CC=CC=C1C=CC2=CC=CC=C2C=CC3=CC=CC=C3C=CC4=CC=CC=C4C=CC5=CC=CC=C5C=CC6=CC=CC=C6C,stilbene,CC=Cc1ccccc1C=Cc1ccccc1C=Cc1ccccc1C=Cc1ccccc1C=Cc1ccccc1C=Cc1ccccc1C,CC=Cc1ccccc1/C=C/c1ccccc1C=Cc1ccccc1C=Cc1ccccc1C=Cc1ccccc1C=Cc1ccccc1C,CC=Cc1ccccc1/C=C\c1ccccc1C=Cc1ccccc1C=Cc1ccccc1C=Cc1ccccc1C=Cc1ccccc1C,True,True,True,ok,642.8860000000001,2.5950178543679883,0.12338573323645673,11.0,358.36566475461785,61.47830791204376,,,,0.3303110411116303,unified_conditional_rl,357.41923641497095,59.77843619986306,,,True,True,True,0.35344156011457856,PASS_STILBENE_STRUCTURAL_PROXY,,,,,153,MC-STILBENE-0653
654,N1C=CC(C)=C1C=CC2=CC=CC=C2C3=CC=CC=C3C=CC4=CC=CC=C4,stilbene,Cc1cc[nH]c1C=Cc1ccccc1-c1ccccc1C=Cc1ccccc1,Cc1cc[nH]c1/C=C/c1ccccc1-c1ccccc1C=Cc1ccccc1,Cc1cc[nH]c1/C=C\c1ccccc1-c1ccccc1C=Cc1ccccc1,True,True,True,ok,361.4880000000001,2.4906255242734137,0.35812215835229727,5.0,356.9901844346909,61.47830791204376,,,,0.33280443570622587,unified_conditional_rl,357.47460651346927,59.77843619986306,,,True,True,True,0.35333331341251684,PASS_STILBENE_STRUCTURAL_PROXY,,,,,154,MC-STILBENE-0654
655,NC(=C)C1=CC=NC=C1C=CC2=CC=CC=C2C=CC3=CC=CC=C3C=CC4=CC=CC=C4C=CC5=CC=CC=C5,stilbene,C=C(N)c1ccncc1C=Cc1ccccc1C=Cc1ccccc1C=Cc1ccccc1C=Cc1ccccc1,C=C(N)c1ccncc1/C=C/c1ccccc1C=Cc1ccccc1C=Cc1ccccc1C=Cc1ccccc1,C=C(N)c1ccncc1/C=C\c1ccccc1C=Cc1ccccc1C=Cc1ccccc1C=Cc1ccccc1,True,True,True,ok,528.6990000000002,2.876694579157446,0.19342590057765915,9.0,364.7401924859343,61.47830791204376,,,,0.3137571771739191,unified_conditional_rl,357.4826644108816,59.77843619986306,,,True,True,True,0.353317498270965,PASS_STILBENE_STRUCTURAL_PROXY,,,,,155,MC-STILBENE-0655
656,CC=CC1=CC=CC=C1C=CC2=CC=CC=C2C=CC3=CC=CC=C3C=CC4=CC=CC=C4C=CC5=CC=CC=C5C=CC6=CC=NC=C6,stilbene,CC=Cc1ccccc1C=Cc1ccccc1C=Cc1ccccc1C=Cc1ccccc1C=Cc1ccccc1C=Cc1ccncc1,CC=Cc1ccccc1/C=C/c1ccccc1C=Cc1ccccc1C=Cc1ccccc1C=Cc1ccccc1C=Cc1ccncc1,CC=Cc1ccccc1/C=C\c1ccccc1C=Cc1ccccc1C=Cc1ccccc1C=Cc1ccccc1C=Cc1ccncc1,True,True,True,ok,629.8470000000001,2.7546803352388594,0.12996350896108225,11.0,362.900380897345,61.47830791204376,,,,0.31931237972731896,unified_conditional_rl,357.5229764908663,59.77843619986306,,,True,True,True,0.3532381410936226,PASS_STILBENE_STRUCTURAL_PROXY,,,,,156,MC-STILBENE-0656
657,CC=CC1=CC=CC=C1C=CC2=CC=CC=C2C=CC3=CC=CC=C3C=CC4=CC=CC=C4C=CC5=CC=NC=C5,stilbene,CC=Cc1ccccc1C=Cc1ccccc1C=Cc1ccccc1C=Cc1ccccc1C=Cc1ccncc1,CC=Cc1ccccc1/C=C/c1ccccc1C=Cc1ccccc1C=Cc1ccccc1C=Cc1ccncc1,CC=Cc1ccccc1/C=C\c1ccccc1C=Cc1ccccc1C=Cc1ccccc1C=Cc1ccncc1,True,True,True,ok,527.7110000000002,2.6151265821218423,0.17373213200783702,9.0,362.900380897345,61.47830791204376,,,,0.31931237972731896,unified_conditional_rl,357.5229764908663,59.77843619986306,,,True,True,True,0.3532381410936226,PASS_STILBENE_STRUCTURAL_PROXY,,,,,157,MC-STILBENE-0657
658,CC=CC1=CC=CC=C1C=CC2=CC=CC=C2C=CC3=CC=CC=C3C=CC4=CC=NC=C4,stilbene,CC=Cc1ccccc1C=Cc1ccccc1C=Cc1ccccc1C=Cc1ccncc1,CC=Cc1ccccc1/C=C/c1ccccc1C=Cc1ccccc1C=Cc1ccncc1,CC=Cc1ccccc1/C=C\c1ccccc1C=Cc1ccccc1C=Cc1ccncc1,True,True,True,ok,425.5750000000001,2.5166506280671275,0.2700330465245699,7.0,362.900380897345,61.47830791204376,,,,0.31931237972731896,unified_conditional_rl,357.5229764908663,59.77843619986306,,,True,True,True,0.3532381410936226,PASS_STILBENE_STRUCTURAL_PROXY,,,,,158,MC-STILBENE-0658
659,CC=CC1=CC=CC=C1C=CC2=CC=CC=C2C=CC3=CC=NC=C3,stilbene,CC=Cc1ccccc1C=Cc1ccccc1C=Cc1ccncc1,CC=Cc1ccccc1/C=C/c1ccccc1C=Cc1ccncc1,CC=Cc1ccccc1/C=C\c1ccccc1C=Cc1ccncc1,True,True,True,ok,323.439,2.4800310698564765,0.4912398756240805,5.0,362.900380897345,61.47830791204376,,,,0.31931237972731896,unified_conditional_rl,357.5229764908663,59.77843619986306,,,True,True,True,0.3532381410936226,PASS_STILBENE_STRUCTURAL_PROXY,,,,,159,MC-STILBENE-0659
660,[N+1](=C)C1=CC=CC=C1C=CC2=CC=CC=C2C=CC3=CC=CC=C3C=CC4=CC=CC=C4C,stilbene,C=[N+]c1ccccc1C=Cc1ccccc1C=Cc1ccccc1C=Cc1ccccc1C,C=[N+]c1ccccc1/C=C/c1ccccc1C=Cc1ccccc1C=Cc1ccccc1C,C=[N+]c1ccccc1/C=C\c1ccccc1C=Cc1ccccc1C=Cc1ccccc1C,True,True,True,ok,425.57500000000016,2.730073540665778,0.20933242508910965,7.0,357.39160672792224,61.47830791204376,,,,0.3321198257746689,unified_conditional_rl,357.5357882601094,59.77843619986306,,,True,True,True,0.3532128375033278,PASS_STILBENE_STRUCTURAL_PROXY,,,,,160,MC-STILBENE-0660
661,CC1=CC=CC=C1NC2=CC=CC=C2C=CC3=CC=CC=C3C=CC4=CC=CC=C4,stilbene,Cc1ccccc1Nc1ccccc1C=Cc1ccccc1C=Cc1ccccc1,Cc1ccccc1Nc1ccccc1/C=C/c1ccccc1C=Cc1ccccc1,Cc1ccccc1Nc1ccccc1/C=C\c1ccccc1C=Cc1ccccc1,True,True,True,ok,387.5260000000001,2.1465584381900324,0.3297057185697737,6.0,361.7183950469282,61.47830791204376,,,,0.3225659377255988,unified_conditional_rl,357.62031654687036,59.77843619986306,,,True,True,True,0.3530448932819699,PASS_STILBENE_STRUCTURAL_PROXY,,,,,161,MC-STILBENE-0661
662,C1=CC=CC=C1C=CC2=CC=CC=C2C=CC3=CC=CC=C3C=CC4=CC=CC=C4NC5=CC=CC=C5C,stilbene,Cc1ccccc1Nc1ccccc1C=Cc1ccccc1C=Cc1ccccc1C=Cc1ccccc1,Cc1ccccc1Nc1ccccc1/C=C/c1ccccc1C=Cc1ccccc1C=Cc1ccccc1,Cc1ccccc1Nc1ccccc1/C=C\c1ccccc1C=Cc1ccccc1C=Cc1ccccc1,True,True,True,ok,489.6620000000002,2.320705425467157,0.2137753307448576,8.0,361.7183950469282,61.47830791204376,,,,0.3225659377255988,unified_conditional_rl,357.62031654687036,59.77843619986306,,,True,True,True,0.3530448932819699,PASS_STILBENE_STRUCTURAL_PROXY,,,,,162,MC-STILBENE-0662
663,CC1=NC=CC=C1C=CC2=CC=NC=C2C=CC3=CC=CC=C3C=CC4=CC=CC=C4,stilbene,Cc1ncccc1C=Cc1ccncc1C=Cc1ccccc1C=Cc1ccccc1,Cc1ncccc1/C=C/c1ccncc1C=Cc1ccccc1C=Cc1ccccc1,Cc1ncccc1/C=C\c1ccncc1C=Cc1ccccc1C=Cc1ccccc1,True,True,True,ok,400.5250000000001,2.6972210949067463,0.31743314303983705,6.0,368.109349508262,61.47830791204376,,,,0.3022159793054528,unified_conditional_rl,357.62999544837834,59.77843619986306,,,True,True,True,0.353025552309359,PASS_STILBENE_STRUCTURAL_PROXY,,,,,163,MC-STILBENE-0663
664,NC1=CC=CC=C1C=CC2=CC=CC=C2C=CC3=CC=CC=C3C=CC4=CC=CC5=C4C=CC=C5,stilbene,Nc1ccccc1C=Cc1ccccc1C=Cc1ccccc1C=Cc1cccc2ccccc12,Nc1ccccc1/C=C/c1ccccc1C=Cc1ccccc1C=Cc1cccc2ccccc12,Nc1ccccc1/C=C\c1ccccc1C=Cc1ccccc1C=Cc1cccc2ccccc12,True,True,True,ok,449.59700000000015,2.297053845720203,0.20313988341550215,6.0,361.656654741299,61.47830791204376,,,,0.32272874454539047,unified_conditional_rl,357.63890609653527,59.77843619986306,,,True,True,True,0.3530077264479874,PASS_STILBENE_STRUCTURAL_PROXY,,,,,164,MC-STILBENE-0664
665,CC=CC1=CC=CC=C1C=CC2=CC=CC=C2C3=CC=CC=C3C=C,stilbene,C=Cc1ccccc1-c1ccccc1C=Cc1ccccc1C=CC,C=Cc1ccccc1-c1ccccc1/C=C/c1ccccc1C=CC,C=Cc1ccccc1-c1ccccc1/C=C\c1ccccc1C=CC,True,True,True,ok,322.4510000000001,2.429285377377907,0.43560822654358394,5.0,364.23681793709574,61.47830791204376,,,,0.31533383503539303,unified_conditional_rl,357.6749557762359,59.77843619986306,,,True,True,True,0.3529354124520726,PASS_STILBENE_STRUCTURAL_PROXY,,,,,165,MC-STILBENE-0665
666,CC1=CC=CC=C1C=CC2=CC=CC=C2C=CC3=CC=CC=C3C=CC4=C5C=C5C=C4,stilbene,Cc1ccccc1C=Cc1ccccc1C=Cc1ccccc1C=Cc1ccc2cc1-2,Cc1ccccc1/C=C/c1ccccc1C=Cc1ccccc1C=Cc1ccc2cc1-2,Cc1ccccc1/C=C\c1ccccc1C=Cc1ccccc1C=Cc1ccc2cc1-2,True,True,True,ok,396.53300000000013,2.405731402739594,0.25240854800596174,6.0,361.42990800151216,61.47830791204376,,,,0.32332044335876986,unified_conditional_rl,357.6920172453965,59.77843619986306,,,True,True,True,0.35290107832942025,PASS_STILBENE_STRUCTURAL_PROXY,,,,,166,MC-STILBENE-0666
667,CC(=C)C1=CC=CC=C1C=CC2=CC=CC=C2C=CC3=CC=CC=C3C=CC4=CC=CC=C4C,stilbene,C=C(C)c1ccccc1C=Cc1ccccc1C=Cc1ccccc1C=Cc1ccccc1C,C=C(C)c1ccccc1/C=C/c1ccccc1C=Cc1ccccc1C=Cc1ccccc1C,C=C(C)c1ccccc1/C=C\c1ccccc1C=Cc1ccccc1C=Cc1ccccc1C,True,True,True,ok,438.61400000000015,2.473583594502937,0.2519710247868858,7.0,358.68522958830636,61.47830791204376,,,,0.3296728350466105,unified_conditional_rl,357.7016362248673,59.77843619986306,,,True,True,True,0.3528816902873508,PASS_STILBENE_STRUCTURAL_PROXY,,,,,167,MC-STILBENE-0667
668,CC1=NC=CC=C1C=CC2=CC=CC=C2,stilbene,Cc1ncccc1C=Cc1ccccc1,Cc1ncccc1/C=C/c1ccccc1,Cc1ncccc1/C=C\c1ccccc1,True,True,True,ok,195.265,1.953100601321399,0.7135980507746542,2.0,364.8879455947438,61.47830791204376,,,,0.3132865814519231,unified_conditional_rl,357.8034105495194,59.77843619986306,,,True,True,True,0.35267518517969487,PASS_STILBENE_STRUCTURAL_PROXY,,,,,168,MC-STILBENE-0668
669,CC1=NC=CC=C1C=CC2=CC=CC=C2C=CC3=CC=CC=C3,stilbene,Cc1ncccc1C=Cc1ccccc1C=Cc1ccccc1,Cc1ncccc1/C=C/c1ccccc1C=Cc1ccccc1,Cc1ncccc1/C=C\c1ccccc1C=Cc1ccccc1,True,True,True,ok,297.401,2.2386685060055083,0.560250127757053,4.0,364.8879455947438,61.47830791204376,,,,0.3132865814519231,unified_conditional_rl,357.8034105495194,59.77843619986306,,,True,True,True,0.35267518517969487,PASS_STILBENE_STRUCTURAL_PROXY,,,,,169,MC-STILBENE-0669
670,CC1=NC=CC=C1C=CC2=CC=CC=C2C=CC3=CC=CC=C3C=CC4=CC=CC=C4,stilbene,Cc1ncccc1C=Cc1ccccc1C=Cc1ccccc1C=Cc1ccccc1,Cc1ncccc1/C=C/c1ccccc1C=Cc1ccccc1C=Cc1ccccc1,Cc1ncccc1/C=C\c1ccccc1C=Cc1ccccc1C=Cc1ccccc1,True,True,True,ok,399.5370000000001,2.4145004592360806,0.3002558037792772,6.0,364.8879455947438,61.47830791204376,,,,0.3132865814519231,unified_conditional_rl,357.8034105495194,59.77843619986306,,,True,True,True,0.35267518517969487,PASS_STILBENE_STRUCTURAL_PROXY,,,,,170,MC-STILBENE-0670
671,CC1=NC=CC=C1C=CC2=CC=CC=C2C=CC3=CC=CC=C3C=CC4=CC=CC=C4C=CC5=CC=CC=C5,stilbene,Cc1ncccc1C=Cc1ccccc1C=Cc1ccccc1C=Cc1ccccc1C=Cc1ccccc1,Cc1ncccc1/C=C/c1ccccc1C=Cc1ccccc1C=Cc1ccccc1C=Cc1ccccc1,Cc1ncccc1/C=C\c1ccccc1C=Cc1ccccc1C=Cc1ccccc1C=Cc1ccccc1,True,True,True,ok,501.6730000000002,2.528854790295263,0.19275843504046458,8.0,364.8879455947438,61.47830791204376,,,,0.3132865814519231,unified_conditional_rl,357.8034105495194,59.77843619986306,,,True,True,True,0.35267518517969487,PASS_STILBENE_STRUCTURAL_PROXY,,,,,171,MC-STILBENE-0671
672,CC1=CC=CC=C1N=CC2=CC=CC=C2C=CC3=CC=CC=C3,stilbene,Cc1ccccc1N=Cc1ccccc1C=Cc1ccccc1,Cc1ccccc1N=Cc1ccccc1/C=C/c1ccccc1,Cc1ccccc1N=Cc1ccccc1/C=C\c1ccccc1,True,True,True,ok,297.401,2.1124485965032456,0.41871726924529834,4.0,365.5002929627985,61.47830791204376,,,,0.3112994453799507,unified_conditional_rl,357.83607404507353,59.77843619986306,,,True,True,True,0.3526083800825967,PASS_STILBENE_STRUCTURAL_PROXY,,,,,172,MC-STILBENE-0672
673,CC=CC1=CC=CC=C1C=CC2=CC=CC=C2C=CC3=CC=CC=C3C=CC,stilbene,CC=Cc1ccccc1C=Cc1ccccc1C=Cc1ccccc1C=CC,CC=Cc1ccccc1C=Cc1ccccc1/C=C/c1ccccc1C=CC,CC=Cc1ccccc1C=Cc1ccccc1/C=C\c1ccccc1C=CC,True,True,True,ok,362.5160000000001,2.2617245695253807,0.3885902828399688,6.0,359.54166903420355,61.47830791204376,,,,0.32785576943396055,unified_conditional_rl,357.85178342741483,59.77843619986306,,,True,True,True,0.3525761589851806,PASS_STILBENE_STRUCTURAL_PROXY,,,,,173,MC-STILBENE-0673
674,CC=CC1=CC=CC=C1C=CC2=CC=CC=C2C=CC3=CC=CC=C3C=CC4=CC=CC=C4C=CC,stilbene,CC=Cc1ccccc1C=Cc1ccccc1C=Cc1ccccc1C=Cc1ccccc1C=CC,CC=Cc1ccccc1C=Cc1ccccc1C=Cc1ccccc1/C=C/c1ccccc1C=CC,CC=Cc1ccccc1C=Cc1ccccc1C=Cc1ccccc1/C=C\c1ccccc1C=CC,True,True,True,ok,464.65200000000016,2.3053554938824767,0.22749775360097094,8.0,359.54166903420355,61.47830791204376,,,,0.32785576943396055,unified_conditional_rl,357.85178342741483,59.77843619986306,,,True,True,True,0.3525761589851806,PASS_STILBENE_STRUCTURAL_PROXY,,,,,174,MC-STILBENE-0674
675,C1C=C1C=CC2=CC=CC=C2C=CC3=CC=NC=C3,stilbene,C(=Cc1ccccc1C=Cc1ccncc1)C1=CC1,C(=Cc1ccccc1/C=C/c1ccncc1)C1=CC1,C(=Cc1ccccc1/C=C\c1ccncc1)C1=CC1,True,True,True,ok,245.32499999999996,2.6210244929750655,0.7670161906775502,4.0,367.2533526524275,61.47830791204376,,,,0.3053002049204841,unified_conditional_rl,357.87508312270165,59.77843619986306,,,True,True,True,0.35252826030975754,PASS_STILBENE_STRUCTURAL_PROXY,,,,,175,MC-STILBENE-0675
676,C1CN=C1C=CC2=CC=CC=C2C=CC3=CC=CC=C3C4=CC=CC=C4C,stilbene,Cc1ccccc1-c1ccccc1C=Cc1ccccc1C=CC1=NCC1,Cc1ccccc1-c1ccccc1/C=C/c1ccccc1C=CC1=NCC1,Cc1ccccc1-c1ccccc1/C=C\c1ccccc1C=CC1=NCC1,True,True,True,ok,349.47700000000015,2.5084924662197157,0.45498750369640617,5.0,371.1089129275077,61.47830791204376,,,,0.29071904757211364,unified_conditional_rl,357.9406731482574,59.77843619986306,,,True,True,True,0.3523927224335765,PASS_STILBENE_STRUCTURAL_PROXY,,,,,176,MC-STILBENE-0676
677,CC=CC1=CC=CC=C1C2=CC=CC=C2C=CC3=CC=CC=C3C,stilbene,CC=Cc1ccccc1-c1ccccc1C=Cc1ccccc1C,CC=Cc1ccccc1-c1ccccc1/C=C/c1ccccc1C,CC=Cc1ccccc1-c1ccccc1/C=C\c1ccccc1C,True,True,True,ok,310.44000000000005,2.19184005673727,0.46138020901243076,4.0,357.3444030244022,61.47830791204376,,,,0.3322021889175675,unified_conditional_rl,357.94233624550344,59.77843619986306,,,True,True,True,0.35238927232154765,PASS_STILBENE_STRUCTURAL_PROXY,,,,,177,MC-STILBENE-0677
678,CC=CC1=CC=CC=C1C2=CC=CC=C2C=CC3=CC=CC=C3C=CC4=CC=CC=C4C5=CC=CC=C5C=CC6=CC=CC=C6C,stilbene,CC=Cc1ccccc1-c1ccccc1C=Cc1ccccc1C=Cc1ccccc1-c1ccccc1C=Cc1ccccc1C,CC=Cc1ccccc1-c1ccccc1/C=C/c1ccccc1C=Cc1ccccc1-c1ccccc1C=Cc1ccccc1C,CC=Cc1ccccc1-c1ccccc1/C=C\c1ccccc1C=Cc1ccccc1-c1ccccc1C=Cc1ccccc1C,True,True,True,ok,590.8100000000002,2.492556439322639,0.14695417364443436,9.0,357.3444030244022,61.47830791204376,,,,0.3322021889175675,unified_conditional_rl,357.94233624550344,59.77843619986306,,,True,True,True,0.35238927232154765,PASS_STILBENE_STRUCTURAL_PROXY,,,,,178,MC-STILBENE-0678
679,CC=CC1=CC=CC=C1C2=CC=CC=C2C=CC3=CC=CC=C3C=CC4=CC=CC=C4C,stilbene,CC=Cc1ccccc1-c1ccccc1C=Cc1ccccc1C=Cc1ccccc1C,CC=Cc1ccccc1-c1ccccc1/C=C/c1ccccc1C=Cc1ccccc1C,CC=Cc1ccccc1-c1ccccc1/C=C\c1ccccc1C=Cc1ccccc1C,True,True,True,ok,412.57600000000014,2.3131939634024263,0.2770727995840515,6.0,357.3444030244022,61.47830791204376,,,,0.3322021889175675,unified_conditional_rl,357.94233624550344,59.77843619986306,,,True,True,True,0.35238927232154765,PASS_STILBENE_STRUCTURAL_PROXY,,,,,179,MC-STILBENE-0679
680,CC=CC1=CC=CC=C1C2=CC=CC=C2C=CC3=CC=CC=C3C=CC4=CC=CC=C4C=CC5=CC=CC=C5C,stilbene,CC=Cc1ccccc1-c1ccccc1C=Cc1ccccc1C=Cc1ccccc1C=Cc1ccccc1C,CC=Cc1ccccc1-c1ccccc1/C=C/c1ccccc1C=Cc1ccccc1C=Cc1ccccc1C,CC=Cc1ccccc1-c1ccccc1/C=C\c1ccccc1C=Cc1ccccc1C=Cc1ccccc1C,True,True,True,ok,514.7120000000002,2.4449222399538897,0.18063549509685353,8.0,357.3444030244022,61.47830791204376,,,,0.3322021889175675,unified_conditional_rl,357.94233624550344,59.77843619986306,,,True,True,True,0.35238927232154765,PASS_STILBENE_STRUCTURAL_PROXY,,,,,180,MC-STILBENE-0680
681,CC=CC1=CC=CC=C1C=CC2=CC=CC=C2C3=CC=CC=C3C=CC4=CC=CC=C4C,stilbene,CC=Cc1ccccc1C=Cc1ccccc1-c1ccccc1C=Cc1ccccc1C,CC=Cc1ccccc1/C=C/c1ccccc1-c1ccccc1C=Cc1ccccc1C,CC=Cc1ccccc1/C=C\c1ccccc1-c1ccccc1C=Cc1ccccc1C,True,True,True,ok,412.57600000000014,2.3131939634024263,0.2770727995840518,6.0,357.3444030244022,61.47830791204376,,,,0.3322021889175675,unified_conditional_rl,357.94233624550344,59.77843619986306,,,True,True,True,0.35238927232154765,PASS_STILBENE_STRUCTURAL_PROXY,,,,,181,MC-STILBENE-0681
682,CC=CC1=CC=CC=C1C=CC2=CC=CC=C2C3=CC=CC=C3C=CC4=CC=CC=C4C=CC5=CC=CC=C5C,stilbene,CC=Cc1ccccc1C=Cc1ccccc1-c1ccccc1C=Cc1ccccc1C=Cc1ccccc1C,CC=Cc1ccccc1/C=C/c1ccccc1-c1ccccc1C=Cc1ccccc1C=Cc1ccccc1C,CC=Cc1ccccc1/C=C\c1ccccc1-c1ccccc1C=Cc1ccccc1C=Cc1ccccc1C,True,True,True,ok,514.7120000000002,2.4449222399538897,0.18063549509685353,8.0,357.3444030244022,61.47830791204376,,,,0.3322021889175675,unified_conditional_rl,357.94233624550344,59.77843619986306,,,True,True,True,0.35238927232154765,PASS_STILBENE_STRUCTURAL_PROXY,,,,,182,MC-STILBENE-0682
683,CC=CC1=CC=CC=C1C=CC2=CC=CC=C2C=CC3=CC=CC=C3C4=CC=CC=C4C=CC5=CC=CC=C5C,stilbene,CC=Cc1ccccc1C=Cc1ccccc1C=Cc1ccccc1-c1ccccc1C=Cc1ccccc1C,CC=Cc1ccccc1/C=C/c1ccccc1C=Cc1ccccc1-c1ccccc1C=Cc1ccccc1C,CC=Cc1ccccc1/C=C\c1ccccc1C=Cc1ccccc1-c1ccccc1C=Cc1ccccc1C,True,True,True,ok,514.7120000000002,2.4449222399538897,0.18063549509685353,8.0,357.3444030244022,61.47830791204376,,,,0.3322021889175675,unified_conditional_rl,357.94233624550344,59.77843619986306,,,True,True,True,0.35238927232154765,PASS_STILBENE_STRUCTURAL_PROXY,,,,,183,MC-STILBENE-0683
684,C1=CC=CC=C1OCC2=CC=CC=C2C=CC3=CC=CC=C3,stilbene,C(=Cc1ccccc1COc1ccccc1)c1ccccc1,C(=C\c1ccccc1COc1ccccc1)/c1ccccc1,C(=C/c1ccccc1COc1ccccc1)/c1ccccc1,True,True,True,ok,286.374,1.6991981823615827,0.567707011941815,5.0,360.02746222036467,61.47830791204376,,,,0.3267573388875965,unified_conditional_rl,357.96042451116017,59.77843619986306,,,True,True,True,0.3523517052026234,PASS_STILBENE_STRUCTURAL_PROXY,,,,,184,MC-STILBENE-0684
685,COC1=CC=CC=C1C=NC2=CC=CC=C2C=CC3=CC=CC=C3,stilbene,COc1ccccc1C=Nc1ccccc1C=Cc1ccccc1,COc1ccccc1C=Nc1ccccc1/C=C/c1ccccc1,COc1ccccc1C=Nc1ccccc1/C=C\c1ccccc1,True,True,True,ok,313.4,2.151141363036606,0.44255823657526866,5.0,368.57344117337317,61.47830791204376,,,,0.3005045938635579,unified_conditional_rl,358.1767322235462,59.77843619986306,,,True,True,True,0.3518963980457277,PASS_STILBENE_STRUCTURAL_PROXY,,,,,185,MC-STILBENE-0685
686,CC=CC1=CC=CC=C1C=CC2=CC=CC=C2C=CC3=CC=CC=C3C=CC4=CC=CC=C4[C@@H1]C,stilbene,C[CH]c1ccccc1C=Cc1ccccc1C=Cc1ccccc1C=Cc1ccccc1C=CC,C[CH]c1ccccc1/C=C/c1ccccc1C=Cc1ccccc1C=Cc1ccccc1C=CC,C[CH]c1ccccc1/C=C\c1ccccc1C=Cc1ccccc1C=Cc1ccccc1C=CC,True,True,True,ok,451.63300000000015,2.5108926144596815,0.23382438055948485,8.0,359.97545682754463,61.47830791204376,,,,0.3268772362468539,unified_conditional_rl,358.21173854224935,59.77843619986306,,,True,True,True,0.3518216642590926,PASS_STILBENE_STRUCTURAL_PROXY,,,,,186,MC-STILBENE-0686
687,C1C(C)CC=C1C=CC2=CC=CC=C2C=CC3=CC=CC=C3C=CC4=CC=CC=C4,stilbene,CC1CC=C(C=Cc2ccccc2C=Cc2ccccc2C=Cc2ccccc2)C1,CC1CC=C(C=Cc2ccccc2/C=C/c2ccccc2C=Cc2ccccc2)C1,CC1CC=C(C=Cc2ccccc2/C=C\c2ccccc2C=Cc2ccccc2)C1,True,True,True,ok,388.55400000000014,3.1536061442798484,0.37185345825747645,6.0,369.11066512389203,61.47830791204376,,,,0.29394085866999714,unified_conditional_rl,355.16613880806267,59.77843619986306,,,True,True,True,0.3517543562557177,PASS_STILBENE_STRUCTURAL_PROXY,,,,,187,MC-STILBENE-0687
688,O1C=CC(C)=C1C=CC2=CC=CC=C2C=CC3=CC=CC=C3C=CC4=CC=CC=C4C=CC5=CC=CC=C5C,stilbene,Cc1ccccc1C=Cc1ccccc1C=Cc1ccccc1C=Cc1ccccc1C=Cc1occc1C,Cc1ccccc1/C=C/c1ccccc1C=Cc1ccccc1C=Cc1ccccc1C=Cc1occc1C,Cc1ccccc1/C=C\c1ccccc1C=Cc1ccccc1C=Cc1ccccc1C=Cc1occc1C,True,True,True,ok,504.67300000000023,2.681566252641014,0.19155282607188173,8.0,362.197001406596,61.47830791204376,,,,0.3212795530744084,unified_conditional_rl,358.24594459066026,59.77843619986306,,,True,True,True,0.3517483575959337,PASS_STILBENE_STRUCTURAL_PROXY,,,,,188,MC-STILBENE-0688
689,CC1=CC=CC=C1C=CC2=CC=CC=C2C=CC3=CC=CC=C3NC4=CC=CC=C4C,stilbene,Cc1ccccc1C=Cc1ccccc1C=Cc1ccccc1Nc1ccccc1C,Cc1ccccc1/C=C/c1ccccc1C=Cc1ccccc1Nc1ccccc1C,Cc1ccccc1/C=C\c1ccccc1C=Cc1ccccc1Nc1ccccc1C,True,True,True,ok,401.5530000000001,2.149545752770834,0.3198606126429775,6.0,362.53219990296185,61.47830791204376,,,,0.3203533163832008,unified_conditional_rl,358.2497752392381,59.77843619986306,,,True,True,True,0.35174013086765654,PASS_STILBENE_STRUCTURAL_PROXY,,,,,189,MC-STILBENE-0689
690,CC1=CC=CC=C1NC2=CC=CC=C2C=CC3=CC=CC=C3C,stilbene,Cc1ccccc1C=Cc1ccccc1Nc1ccccc1C,Cc1ccccc1/C=C/c1ccccc1Nc1ccccc1C,Cc1ccccc1/C=C\c1ccccc1Nc1ccccc1C,True,True,True,ok,299.4170000000001,1.9138242735478865,0.5640067480925773,4.0,362.53219990296185,61.47830791204376,,,,0.3203533163832008,unified_conditional_rl,358.2497752392381,59.77843619986306,,,True,True,True,0.35174013086765654,PASS_STILBENE_STRUCTURAL_PROXY,,,,,190,MC-STILBENE-0690
691,CN=NC=CC1=CC=CC=C1C=CC2=CC=CC=C2C=CC3=CC=CC=C3C=CC4=CC=CC=C4C5=CC=CC=C5C,stilbene,CN=NC=Cc1ccccc1C=Cc1ccccc1C=Cc1ccccc1C=Cc1ccccc1-c1ccccc1C,CN=NC=Cc1ccccc1/C=C/c1ccccc1C=Cc1ccccc1C=Cc1ccccc1-c1ccccc1C,CN=NC=Cc1ccccc1/C=C\c1ccccc1C=Cc1ccccc1C=Cc1ccccc1-c1ccccc1C,True,True,True,ok,542.7260000000001,2.8762805169913843,0.13068724501782447,9.0,369.8568723189116,61.47830791204376,,,,0.2956384028950687,unified_conditional_rl,358.2917551824341,59.77843619986306,,,True,True,True,0.35164974629539836,PASS_STILBENE_STRUCTURAL_PROXY,,,,,191,MC-STILBENE-0691
692,C1=CC=CN=C1C=CC2=CC=CC=C2C=CC3=CC=CC=C3C=CC4=CC=CC=C4C=CC5=CC=CC=C5C=CC6=CC=CC=C6,stilbene,C(=Cc1ccccc1C=Cc1ccccc1C=Cc1ccccc1C=Cc1ccccc1C=Cc1ccccn1)c1ccccc1,C(=Cc1ccccc1C=Cc1ccccc1C=Cc1ccccc1C=Cc1ccccc1/C=C/c1ccccc1)c1ccccn1,C(=Cc1ccccc1C=Cc1ccccc1C=Cc1ccccc1C=Cc1ccccc1/C=C\c1ccccc1)c1ccccn1,True,True,True,ok,589.7820000000002,2.579531693028402,0.14485980960085554,10.0,358.4763885609159,61.47830791204376,,,,0.3300923910334358,unified_conditional_rl,358.3195051664554,59.77843619986306,,,True,True,True,0.35158977005593994,PASS_STILBENE_STRUCTURAL_PROXY,,,,,192,MC-STILBENE-0692
693,C1=CC=CN=C1C=CC2=CC=CC=C2C=CC3=CC=CC=C3C=CC4=CC=CC=C4C=CC5=CC=CC=C5,stilbene,C(=Cc1ccccc1C=Cc1ccccc1C=Cc1ccccc1C=Cc1ccccn1)c1ccccc1,C(=Cc1ccccc1C=Cc1ccccc1C=Cc1ccccc1/C=C/c1ccccc1)c1ccccn1,C(=Cc1ccccc1C=Cc1ccccc1C=Cc1ccccc1/C=C\c1ccccc1)c1ccccn1,True,True,True,ok,487.64600000000013,2.4229123826295833,0.19849600501084486,8.0,358.4763885609159,61.47830791204376,,,,0.3300923910334358,unified_conditional_rl,358.3195051664554,59.77843619986306,,,True,True,True,0.35158977005593994,PASS_STILBENE_STRUCTURAL_PROXY,,,,,193,MC-STILBENE-0693
694,N1=CC=CC=C1C=CC2=CC=CC=C2C=CC3=CC=CC=C3C=CC4=CC=CC=C4,stilbene,C(=Cc1ccccc1C=Cc1ccccc1C=Cc1ccccn1)c1ccccc1,C(=Cc1ccccc1C=Cc1ccccc1/C=C/c1ccccc1)c1ccccn1,C(=Cc1ccccc1C=Cc1ccccc1/C=C\c1ccccc1)c1ccccn1,True,True,True,ok,385.51000000000005,2.2971196025254166,0.31150296016068346,6.0,358.4763885609159,61.47830791204376,,,,0.3300923910334358,unified_conditional_rl,358.3195051664554,59.77843619986306,,,True,True,True,0.35158977005593994,PASS_STILBENE_STRUCTURAL_PROXY,,,,,194,MC-STILBENE-0694
695,N1=C/C=CC=C1C=CC2=CC=CC=C2C=CC3=CC=CC=C3,stilbene,C(=Cc1ccccc1C=Cc1ccccn1)c1ccccc1,C(=Cc1ccccc1/C=C/c1ccccc1)c1ccccn1,C(=Cc1ccccc1/C=C\c1ccccc1)c1ccccn1,True,True,True,ok,283.37399999999997,2.0957184620818605,0.5823124260943298,4.0,358.4763885609159,61.47830791204376,,,,0.3300923910334358,unified_conditional_rl,358.3195051664554,59.77843619986306,,,True,True,True,0.35158977005593994,PASS_STILBENE_STRUCTURAL_PROXY,,,,,195,MC-STILBENE-0695
696,CC1=CC=NC=C1C=CC2=CC=CC=C2[NH1]C3=CC=CC=C3C,stilbene,Cc1ccncc1C=Cc1ccccc1Nc1ccccc1C,Cc1ccncc1/C=C/c1ccccc1Nc1ccccc1C,Cc1ccncc1/C=C\c1ccccc1Nc1ccccc1C,True,True,True,ok,300.4050000000001,2.165906937152938,0.6768343453897137,4.0,365.0891643506122,61.47830791204376,,,,0.31264009702440915,unified_conditional_rl,358.43658711763914,59.77843619986306,,,True,True,True,0.3513347142620992,PASS_STILBENE_STRUCTURAL_PROXY,,,,,196,MC-STILBENE-0696
697,C1[N-1]C=C1C=CC2=CC=CC=C2C=CC3=CC=CC=C3C4=CC=CC=C4C,stilbene,Cc1ccccc1-c1ccccc1C=Cc1ccccc1C=CC1=CNC1,Cc1ccccc1-c1ccccc1/C=C/c1ccccc1C=CC1=CNC1,Cc1ccccc1-c1ccccc1/C=C\c1ccccc1C=CC1=CNC1,True,True,True,ok,349.4770000000001,2.616196263688071,0.5305113001411293,5.0,366.5837821680632,61.47830791204376,,,,0.3076437902160578,unified_conditional_rl,358.47005389729776,59.77843619986306,,,True,True,True,0.3512612142195897,PASS_STILBENE_STRUCTURAL_PROXY,,,,,197,MC-STILBENE-0697
698,CC1=CC=CC=C1C=CC2=CC=CC=C2C3=CC=CC=C3C=CC4=CC=CC=C4,stilbene,Cc1ccccc1C=Cc1ccccc1-c1ccccc1C=Cc1ccccc1,Cc1ccccc1/C=C/c1ccccc1-c1ccccc1C=Cc1ccccc1,Cc1ccccc1/C=C\c1ccccc1-c1ccccc1C=Cc1ccccc1,True,True,True,ok,372.5110000000001,2.0269660986575904,0.3112589555882587,5.0,355.6041672555105,61.47830791204376,,,,0.3348887249422165,unified_conditional_rl,358.523242799542,59.77843619986306,,,True,True,True,0.35114385749315913,PASS_STILBENE_STRUCTURAL_PROXY,,,,,198,MC-STILBENE-0698
699,CC1=CC=CC=C1C=CC2=CC=CC=C2C3=CC=CC=C3C=CC4=CC=CC=C4C=CC5=CC=CC=C5,stilbene,Cc1ccccc1C=Cc1ccccc1-c1ccccc1C=Cc1ccccc1C=Cc1ccccc1,Cc1ccccc1/C=C/c1ccccc1-c1ccccc1C=Cc1ccccc1C=Cc1ccccc1,Cc1ccccc1/C=C\c1ccccc1-c1ccccc1C=Cc1ccccc1C=Cc1ccccc1,True,True,True,ok,474.64700000000016,2.2259674614892653,0.20582102906007504,7.0,355.6041672555105,61.47830791204376,,,,0.3348887249422165,unified_conditional_rl,358.523242799542,59.77843619986306,,,True,True,True,0.35114385749315913,PASS_STILBENE_STRUCTURAL_PROXY,,,,,199,MC-STILBENE-0699
700,CC1=CC=CC=C1C=CC2=CC=CC=C2C3=CC=CC=C3C=CC4=CC=CC=C4C=CC5=CC=CC=C5C=CC6=CC=CC=C6,stilbene,Cc1ccccc1C=Cc1ccccc1-c1ccccc1C=Cc1ccccc1C=Cc1ccccc1C=Cc1ccccc1,Cc1ccccc1/C=C/c1ccccc1-c1ccccc1C=Cc1ccccc1C=Cc1ccccc1C=Cc1ccccc1,Cc1ccccc1/C=C\c1ccccc1-c1ccccc1C=Cc1ccccc1C=Cc1ccccc1C=Cc1ccccc1,True,True,True,ok,576.7830000000002,2.411456574871833,0.1501946004196729,9.0,355.6041672555105,61.47830791204376,,,,0.3348887249422165,unified_conditional_rl,358.523242799542,59.77843619986306,,,True,True,True,0.35114385749315913,PASS_STILBENE_STRUCTURAL_PROXY,,,,,200,MC-STILBENE-0700
701,CC1=CC=CC=C1C=CC2=CC=CC=C2C=CC3=CC=CC=C3C4=CC=CC=C4C=CC5=CC=CC=C5,stilbene,Cc1ccccc1C=Cc1ccccc1C=Cc1ccccc1-c1ccccc1C=Cc1ccccc1,Cc1ccccc1/C=C/c1ccccc1C=Cc1ccccc1-c1ccccc1C=Cc1ccccc1,Cc1ccccc1/C=C\c1ccccc1C=Cc1ccccc1-c1ccccc1C=Cc1ccccc1,True,True,True,ok,474.64700000000016,2.2259674614892653,0.20582102906007504,7.0,355.6041672555105,61.47830791204376,,,,0.3348887249422165,unified_conditional_rl,358.523242799542,59.77843619986306,,,True,True,True,0.35114385749315913,PASS_STILBENE_STRUCTURAL_PROXY,,,,,201,MC-STILBENE-0701
702,CC1=CC=CC=C1C=CC2=CC=CC=C2C=CC3=CC=CC=C3C4=CC=CC=C4C=CC5=CC=CC=C5C=CC6=CC=CC=C6,stilbene,Cc1ccccc1C=Cc1ccccc1C=Cc1ccccc1-c1ccccc1C=Cc1ccccc1C=Cc1ccccc1,Cc1ccccc1/C=C/c1ccccc1C=Cc1ccccc1-c1ccccc1C=Cc1ccccc1C=Cc1ccccc1,Cc1ccccc1/C=C\c1ccccc1C=Cc1ccccc1-c1ccccc1C=Cc1ccccc1C=Cc1ccccc1,True,True,True,ok,576.7830000000002,2.411456574871833,0.1501946004196729,9.0,355.6041672555105,61.47830791204376,,,,0.3348887249422165,unified_conditional_rl,358.523242799542,59.77843619986306,,,True,True,True,0.35114385749315913,PASS_STILBENE_STRUCTURAL_PROXY,,,,,202,MC-STILBENE-0702
703,CC1=CC=CC=C1C=CC2=CC=CC=C2C=CC3=CC=CC=C3C=CC4=CC=CC=C4C5=CC=CC=C5C=CC6=CC=CC=C6,stilbene,Cc1ccccc1C=Cc1ccccc1C=Cc1ccccc1C=Cc1ccccc1-c1ccccc1C=Cc1ccccc1,Cc1ccccc1/C=C/c1ccccc1C=Cc1ccccc1C=Cc1ccccc1-c1ccccc1C=Cc1ccccc1,Cc1ccccc1/C=C\c1ccccc1C=Cc1ccccc1C=Cc1ccccc1-c1ccccc1C=Cc1ccccc1,True,True,True,ok,576.7830000000002,2.411456574871833,0.1501946004196729,9.0,355.6041672555105,61.47830791204376,,,,0.3348887249422165,unified_conditional_rl,358.523242799542,59.77843619986306,,,True,True,True,0.35114385749315913,PASS_STILBENE_STRUCTURAL_PROXY,,,,,203,MC-STILBENE-0703
704,CC=C(N)C1=NC=CC=C1C=CC2=CC=CC=C2Br,stilbene,CC=C(N)c1ncccc1C=Cc1ccccc1Br,CC=C(N)c1ncccc1/C=C/c1ccccc1Br,CC=C(N)c1ncccc1/C=C\c1ccccc1Br,True,True,True,ok,315.214,2.6943386871142625,0.9151796389692453,3.0,356.99958928159003,61.47830791204376,,,,0.33278880728808546,unified_conditional_rl,358.5331659174421,59.77843619986306,,,True,True,True,0.35112188932126565,PASS_STILBENE_STRUCTURAL_PROXY,,,,,204,MC-STILBENE-0704
705,CC=CC1=CC=NC=C1C=CC2=CC=CC=C2C=CC3=CC=CC=C3C4=CC=CC=C4C=CC5=CC=NC=C5,stilbene,CC=Cc1ccncc1C=Cc1ccccc1C=Cc1ccccc1-c1ccccc1C=Cc1ccncc1,CC=Cc1ccncc1/C=C/c1ccccc1C=Cc1ccccc1-c1ccccc1C=Cc1ccncc1,CC=Cc1ccncc1/C=C\c1ccccc1C=Cc1ccccc1-c1ccccc1C=Cc1ccncc1,True,True,True,ok,502.66100000000023,2.8640734239761336,0.19738075154141232,8.0,364.51823267430746,61.47830791204376,,,,0.3144575009417386,unified_conditional_rl,358.53512519660404,59.77843619986306,,,True,True,True,0.35111754905885895,PASS_STILBENE_STRUCTURAL_PROXY,,,,,205,MC-STILBENE-0705
706,CC1=CC=NC=C1C=CC2=CC=CC=C2C=CC3=CC=CC=C3C4=CC=CC=C4C=CC5=CC=CC=C5,stilbene,Cc1ccncc1C=Cc1ccccc1C=Cc1ccccc1-c1ccccc1C=Cc1ccccc1,Cc1ccncc1/C=C/c1ccccc1C=Cc1ccccc1-c1ccccc1C=Cc1ccccc1,Cc1ccncc1/C=C\c1ccccc1C=Cc1ccccc1-c1ccccc1C=Cc1ccccc1,True,True,True,ok,475.63500000000016,2.544562505692447,0.21354806144341856,7.0,358.07912952714383,61.47830791204376,,,,0.33086459858042805,unified_conditional_rl,358.54958474918544,59.77843619986306,,,True,True,True,0.35108548986540583,PASS_STILBENE_STRUCTURAL_PROXY,,,,,206,MC-STILBENE-0706
707,CC1=CC=NC=C1C=CC2=CC=CC=C2C=CC3=CC=CC=C3C=CC4=CC=CC=C4C5=CC=CC=C5C=CC6=CC=CC=C6,stilbene,Cc1ccncc1C=Cc1ccccc1C=Cc1ccccc1C=Cc1ccccc1-c1ccccc1C=Cc1ccccc1,Cc1ccncc1/C=C/c1ccccc1C=Cc1ccccc1C=Cc1ccccc1-c1ccccc1C=Cc1ccccc1,Cc1ccncc1/C=C\c1ccccc1C=Cc1ccccc1C=Cc1ccccc1-c1ccccc1C=Cc1ccccc1,True,True,True,ok,577.7710000000002,2.7025516921362804,0.15577270923786954,9.0,358.07912952714383,61.47830791204376,,,,0.33086459858042805,unified_conditional_rl,358.54958474918544,59.77843619986306,,,True,True,True,0.35108548986540583,PASS_STILBENE_STRUCTURAL_PROXY,,,,,207,MC-STILBENE-0707
708,ClC=CC1=CC=CC=C1C=CC2=CC=CC=C2C=CC3=CC=CC=C3C=CC4=CC=CC=C4C,stilbene,Cc1ccccc1C=Cc1ccccc1C=Cc1ccccc1C=Cc1ccccc1C=CCl,Cc1ccccc1/C=C/c1ccccc1C=Cc1ccccc1C=Cc1ccccc1C=CCl,Cc1ccccc1/C=C\c1ccccc1C=Cc1ccccc1C=Cc1ccccc1C=CCl,True,True,True,ok,459.03200000000015,2.4332301200137394,0.24157069167104797,7.0,357.87758187974254,61.47830791204376,,,,0.33124329681746034,unified_conditional_rl,358.56432567261373,59.77843619986306,,,True,True,True,0.35105275626643245,PASS_STILBENE_STRUCTURAL_PROXY,,,,,208,MC-STILBENE-0708
709,C=1CC=1C=CC2=CC=CC=C2C=CC3=CC=CC=C3C=CC4=CC=CC=C4C5=CC=CC=C5C=CC6=CC=CC=C6C,stilbene,Cc1ccccc1C=Cc1ccccc1-c1ccccc1C=Cc1ccccc1C=Cc1ccccc1C=CC1=CC1,Cc1ccccc1/C=C/c1ccccc1-c1ccccc1C=Cc1ccccc1C=Cc1ccccc1C=CC1=CC1,Cc1ccccc1/C=C\c1ccccc1-c1ccccc1C=Cc1ccccc1C=Cc1ccccc1C=CC1=CC1,True,True,True,ok,538.7340000000002,2.6932091493862735,0.1637289097420049,9.0,361.01893962954347,61.47830791204376,,,,0.3243676749028887,unified_conditional_rl,358.61833693545213,59.77843619986306,,,True,True,True,0.3509323834525903,PASS_STILBENE_STRUCTURAL_PROXY,,,,,209,MC-STILBENE-0709
710,CC=NCCC1=CN=CC=C1C=CC2=CC=CC=C2C=CC3=CC=CC=C3C=CC4=CC=CC=C4,stilbene,CC=NCCc1cnccc1C=Cc1ccccc1C=Cc1ccccc1C=Cc1ccccc1,CC=NCCc1cnccc1/C=C/c1ccccc1C=Cc1ccccc1C=Cc1ccccc1,CC=NCCc1cnccc1/C=C\c1ccccc1C=Cc1ccccc1C=Cc1ccccc1,True,True,True,ok,454.61700000000013,2.944628559830747,0.18464899376449312,9.0,362.61841844204474,61.47830791204376,,,,0.32011175201660985,unified_conditional_rl,358.716907283735,59.77843619986306,,,True,True,True,0.3507109421202231,PASS_STILBENE_STRUCTURAL_PROXY,,,,,210,MC-STILBENE-0710
711,CC(=C)C1=CC=CC=C1C=CC2=CC=CC=C2C3=CC=CC=C3C=CC4=CC=CC=C4C5=CC=CC=C5C=CC6=CC=CC=C6,stilbene,C=C(C)c1ccccc1C=Cc1ccccc1-c1ccccc1C=Cc1ccccc1-c1ccccc1C=Cc1ccccc1,C=C(C)c1ccccc1/C=C/c1ccccc1-c1ccccc1C=Cc1ccccc1-c1ccccc1C=Cc1ccccc1,C=C(C)c1ccccc1/C=C\c1ccccc1-c1ccccc1C=Cc1ccccc1-c1ccccc1C=Cc1ccccc1,True,True,True,ok,576.7830000000002,2.540248189895083,0.15019407294600257,9.0,362.9752430146379,61.47830791204376,,,,0.3190977480387402,unified_conditional_rl,358.7677527408137,59.77843619986306,,,True,True,True,0.3505958286492405,PASS_STILBENE_STRUCTURAL_PROXY,,,,,211,MC-STILBENE-0711
712,CC(=C)C1=CC=CC=C1C=CC2=CC=CC=C2C=CC3=CC=CC=C3C4=CC=CC=C4C=CC5=CC=CC=C5,stilbene,C=C(C)c1ccccc1C=Cc1ccccc1C=Cc1ccccc1-c1ccccc1C=Cc1ccccc1,C=C(C)c1ccccc1/C=C/c1ccccc1C=Cc1ccccc1-c1ccccc1C=Cc1ccccc1,C=C(C)c1ccccc1/C=C\c1ccccc1C=Cc1ccccc1-c1ccccc1C=Cc1ccccc1,True,True,True,ok,500.6850000000002,2.510687189315025,0.1858599777512958,8.0,362.9752430146379,61.47830791204376,,,,0.3190977480387402,unified_conditional_rl,358.7677527408137,59.77843619986306,,,True,True,True,0.3505958286492405,PASS_STILBENE_STRUCTURAL_PROXY,,,,,212,MC-STILBENE-0712
713,CC(=C)C1=CC=CC=C1C=CC2=CC=CC=C2C=CC3=CC=CC=C3C=CC4=CC=CC=C4C5=CC=CC=C5C=CC6=CC=CC=C6,stilbene,C=C(C)c1ccccc1C=Cc1ccccc1C=Cc1ccccc1C=Cc1ccccc1-c1ccccc1C=Cc1ccccc1,C=C(C)c1ccccc1/C=C/c1ccccc1C=Cc1ccccc1C=Cc1ccccc1-c1ccccc1C=Cc1ccccc1,C=C(C)c1ccccc1/C=C\c1ccccc1C=Cc1ccccc1C=Cc1ccccc1-c1ccccc1C=Cc1ccccc1,True,True,True,ok,602.8210000000003,2.6799553736079336,0.13685166522463912,10.0,362.9752430146379,61.47830791204376,,,,0.3190977480387402,unified_conditional_rl,358.7677527408137,59.77843619986306,,,True,True,True,0.3505958286492405,PASS_STILBENE_STRUCTURAL_PROXY,,,,,213,MC-STILBENE-0713
714,C1CC=C1C=CC2=CC=NC=C2C=CC3=CC=CC=C3C=CC4=CC=CC=C4,stilbene,C(=Cc1ccncc1C=Cc1ccccc1C=Cc1ccccc1)C1=CCC1,C(=Cc1ccncc1/C=C/c1ccccc1C=Cc1ccccc1)C1=CCC1,C(=Cc1ccncc1/C=C\c1ccccc1C=Cc1ccccc1)C1=CCC1,True,True,True,ok,361.4880000000001,2.7493734390092808,0.42458290224671885,6.0,362.81766410114534,61.47830791204376,,,,0.3195483661914696,unified_conditional_rl,358.78738098939357,59.77843619986306,,,True,True,True,0.35055122926042265,PASS_STILBENE_STRUCTURAL_PROXY,,,,,214,MC-STILBENE-0714
715,C1CC=C1C=CC2=CC=NC=C2C=CC3=CC=CC=C3C=CC4=CC=CC=C4C=CC5=CC=CC=C5,stilbene,C(=Cc1ccncc1C=Cc1ccccc1C=Cc1ccccc1C=Cc1ccccc1)C1=CCC1,C(=Cc1ccncc1/C=C/c1ccccc1C=Cc1ccccc1C=Cc1ccccc1)C1=CCC1,C(=Cc1ccncc1/C=C\c1ccccc1C=Cc1ccccc1C=Cc1ccccc1)C1=CCC1,True,True,True,ok,463.6240000000002,2.9052412557408918,0.23721304624299325,8.0,362.81766410114534,61.47830791204376,,,,0.3195483661914696,unified_conditional_rl,358.78738098939357,59.77843619986306,,,True,True,True,0.35055122926042265,PASS_STILBENE_STRUCTURAL_PROXY,,,,,215,MC-STILBENE-0715
716,CC(C)(C)C1=CC=CC=C1C=CC2=CC=CC=C2C=CC3=CC=CC=C3C=CC4=CC=CC=C4C,stilbene,Cc1ccccc1C=Cc1ccccc1C=Cc1ccccc1C=Cc1ccccc1C(C)(C)C,Cc1ccccc1/C=C/c1ccccc1C=Cc1ccccc1C=Cc1ccccc1C(C)(C)C,Cc1ccccc1/C=C\c1ccccc1C=Cc1ccccc1C=Cc1ccccc1C(C)(C)C,True,True,True,ok,454.6570000000002,2.355554227992158,0.2542854287508947,6.0,366.8229388215329,61.47830791204376,,,,0.3068138854837527,unified_conditional_rl,358.78841725749754,59.77843619986306,,,True,True,True,0.3505488721530819,PASS_STILBENE_STRUCTURAL_PROXY,,,,,216,MC-STILBENE-0716
717,COCC1=NC=CC=C1C=CC2=CC=CC=C2C=CC3=CC=CC=C3,stilbene,COCc1ncccc1C=Cc1ccccc1C=Cc1ccccc1,COCc1ncccc1/C=C/c1ccccc1C=Cc1ccccc1,COCc1ncccc1/C=C\c1ccccc1C=Cc1ccccc1,True,True,True,ok,327.4270000000001,2.3401138141392206,0.5522581650454158,6.0,358.72893302171997,61.47830791204376,,,,0.3295838580729497,unified_conditional_rl,358.8094502772651,59.77843619986306,,,True,True,True,0.35050097615707587,PASS_STILBENE_STRUCTURAL_PROXY,,,,,217,MC-STILBENE-0717
718,C1C=C1C=CC2=CC=CC=C2C=CC3=CC=CC=C3,stilbene,C(=Cc1ccccc1C=Cc1ccccc1)C1=CC1,C(=Cc1ccccc1/C=C/c1ccccc1)C1=CC1,C(=Cc1ccccc1/C=C\c1ccccc1)C1=CC1,True,True,True,ok,244.33699999999996,2.365263778689352,0.6483129673498732,4.0,364.86730488061204,61.47830791204376,,,,0.3133525326099899,unified_conditional_rl,358.83745792924384,59.77843619986306,,,True,True,True,0.3504370378312824,PASS_STILBENE_STRUCTURAL_PROXY,,,,,218,MC-STILBENE-0718
719,C1C=C1C=CC2=CC=CC=C2C=CC3=CC=CC=C3C=CC4=CC=CC=C4,stilbene,C(=Cc1ccccc1C=Cc1ccccc1C=Cc1ccccc1)C1=CC1,C(=Cc1ccccc1/C=C/c1ccccc1C=Cc1ccccc1)C1=CC1,C(=Cc1ccccc1/C=C\c1ccccc1C=Cc1ccccc1)C1=CC1,True,True,True,ok,346.47300000000007,2.4493948964013583,0.40866489535027556,6.0,364.86730488061204,61.47830791204376,,,,0.3133525326099899,unified_conditional_rl,358.83745792924384,59.77843619986306,,,True,True,True,0.3504370378312824,PASS_STILBENE_STRUCTURAL_PROXY,,,,,219,MC-STILBENE-0719
720,C1C=C1C=CC2=CC=CC=C2C=CC3=CC=CC=C3C=CC4=CC=CC=C4C=CC5=CC=CC=C5,stilbene,C(=Cc1ccccc1C=Cc1ccccc1C=Cc1ccccc1C=Cc1ccccc1)C1=CC1,C(=Cc1ccccc1/C=C/c1ccccc1C=Cc1ccccc1C=Cc1ccccc1)C1=CC1,C(=Cc1ccccc1/C=C\c1ccccc1C=Cc1ccccc1C=Cc1ccccc1)C1=CC1,True,True,True,ok,448.60900000000015,2.4984415779931695,0.23540103057489398,8.0,364.86730488061204,61.47830791204376,,,,0.3133525326099899,unified_conditional_rl,358.83745792924384,59.77843619986306,,,True,True,True,0.3504370378312824,PASS_STILBENE_STRUCTURAL_PROXY,,,,,220,MC-STILBENE-0720
721,C1C=C1C=CC2=CC=CC=C2C=CC3=CC=CC=C3C=CC4=CC=CC=C4C=CC5=CC=CC=C5C=CC6=CC=CC=C6,stilbene,C(=Cc1ccccc1C=Cc1ccccc1C=Cc1ccccc1C=Cc1ccccc1C=Cc1ccccc1)C1=CC1,C(=Cc1ccccc1/C=C/c1ccccc1C=Cc1ccccc1C=Cc1ccccc1C=Cc1ccccc1)C1=CC1,C(=Cc1ccccc1/C=C\c1ccccc1C=Cc1ccccc1C=Cc1ccccc1C=Cc1ccccc1)C1=CC1,True,True,True,ok,550.7450000000001,2.60494351862717,0.1517165899224761,10.0,364.86730488061204,61.47830791204376,,,,0.3133525326099899,unified_conditional_rl,358.83745792924384,59.77843619986306,,,True,True,True,0.3504370378312824,PASS_STILBENE_STRUCTURAL_PROXY,,,,,221,MC-STILBENE-0721
722,CNC1=CN=CC=C1C=CC2=CC=CC=C2C=CC3=CC=CC=C3,stilbene,CNc1cnccc1C=Cc1ccccc1C=Cc1ccccc1,CNc1cnccc1/C=C/c1ccccc1C=Cc1ccccc1,CNc1cnccc1/C=C\c1ccccc1C=Cc1ccccc1,True,True,True,ok,312.416,2.368447971920679,0.6323687210969643,5.0,361.8177606138042,61.47830791204376,,,,0.32230240038937474,unified_conditional_rl,358.8391100912181,59.77843619986306,,,True,True,True,0.350433260432238,PASS_STILBENE_STRUCTURAL_PROXY,,,,,222,MC-STILBENE-0722
723,CC=CC1=CC=CC=C1C=CC2=CC=CC=C2C=CC3=CC=CC=C3C=CC4=CC=CC=C4C=CC5=CC=CC=C5C6=CC=CC=C6N,stilbene,CC=Cc1ccccc1C=Cc1ccccc1C=Cc1ccccc1C=Cc1ccccc1C=Cc1ccccc1-c1ccccc1N,CC=Cc1ccccc1/C=C/c1ccccc1C=Cc1ccccc1C=Cc1ccccc1C=Cc1ccccc1-c1ccccc1N,CC=Cc1ccccc1/C=C\c1ccccc1C=Cc1ccccc1C=Cc1ccccc1C=Cc1ccccc1-c1ccccc1N,True,True,True,ok,617.836,2.680050091832019,0.12008698313777229,10.0,362.10534767610056,61.47830791204376,,,,0.3215292090409259,unified_conditional_rl,358.88188533768835,59.77843619986306,,,True,True,True,0.35033524099536584,PASS_STILBENE_STRUCTURAL_PROXY,,,,,223,MC-STILBENE-0723
724,CC1=CC=CC=C1C=CC2=CC=CC=C2C3=CC=CC=C3C=CC4=CC=NC=C4,stilbene,Cc1ccccc1C=Cc1ccccc1-c1ccccc1C=Cc1ccncc1,Cc1ccccc1/C=C/c1ccccc1-c1ccccc1C=Cc1ccncc1,Cc1ccccc1/C=C\c1ccccc1-c1ccccc1C=Cc1ccncc1,True,True,True,ok,373.4990000000001,2.2962602703584363,0.3321457660205419,5.0,360.7068009325507,61.47830791204376,,,,0.32514106803102405,unified_conditional_rl,358.9150616223912,59.77843619986306,,,True,True,True,0.35025892507098383,PASS_STILBENE_STRUCTURAL_PROXY,,,,,224,MC-STILBENE-0724
725,CNC1=NC=CC=C1C=CC2=CC=CC=C2C3=CC=CC=C3C,stilbene,CNc1ncccc1C=Cc1ccccc1-c1ccccc1C,CNc1ncccc1/C=C/c1ccccc1-c1ccccc1C,CNc1ncccc1/C=C\c1ccccc1-c1ccccc1C,True,True,True,ok,300.40500000000003,2.193367786751102,0.709752002240345,4.0,362.20329354840214,61.47830791204376,,,,0.32126235677699483,unified_conditional_rl,358.9474640453136,59.77843619986306,,,True,True,True,0.35018414293886646,PASS_STILBENE_STRUCTURAL_PROXY,,,,,225,MC-STILBENE-0725
726,CC1=CC=CC=C1C=CC2=CC=NC=C2C=CC3=CC=CC=C3C4=CC=CC=C4C=CC5=CC=CC=C5,stilbene,Cc1ccccc1C=Cc1ccncc1C=Cc1ccccc1-c1ccccc1C=Cc1ccccc1,Cc1ccccc1/C=C/c1ccncc1C=Cc1ccccc1-c1ccccc1C=Cc1ccccc1,Cc1ccccc1/C=C\c1ccncc1C=Cc1ccccc1-c1ccccc1C=Cc1ccccc1,True,True,True,ok,475.63500000000016,2.5882222924216105,0.21354806144341856,7.0,359.75522367147886,61.47830791204376,,,,0.3273788626835989,unified_conditional_rl,358.99524897378427,59.77843619986306,,,True,True,True,0.350073415663727,PASS_STILBENE_STRUCTURAL_PROXY,,,,,226,MC-STILBENE-0726
727,CC1=CC=CC=C1C=CC2=CC=NC=C2C=CC3=CC=CC=C3C4=CC=CC=C4C=CC5=CC=CC=C5C=CC6=CC=CC=C6,stilbene,Cc1ccccc1C=Cc1ccncc1C=Cc1ccccc1-c1ccccc1C=Cc1ccccc1C=Cc1ccccc1,Cc1ccccc1/C=C/c1ccncc1C=Cc1ccccc1-c1ccccc1C=Cc1ccccc1C=Cc1ccccc1,Cc1ccccc1/C=C\c1ccncc1C=Cc1ccccc1-c1ccccc1C=Cc1ccccc1C=Cc1ccccc1,True,True,True,ok,577.7710000000002,2.7456877673530755,0.15577270923786954,9.0,359.75522367147886,61.47830791204376,,,,0.3273788626835989,unified_conditional_rl,358.99524897378427,59.77843619986306,,,True,True,True,0.350073415663727,PASS_STILBENE_STRUCTURAL_PROXY,,,,,227,MC-STILBENE-0727
728,CC1=CC=CC=C1OCC2=CC=CC=C2C=CC3=CC=CC=C3C=CC4=CC=CC=C4,stilbene,Cc1ccccc1OCc1ccccc1C=Cc1ccccc1C=Cc1ccccc1,Cc1ccccc1OCc1ccccc1/C=C/c1ccccc1C=Cc1ccccc1,Cc1ccccc1OCc1ccccc1/C=C\c1ccccc1C=Cc1ccccc1,True,True,True,ok,402.5370000000001,2.178541161796378,0.28532232657398693,7.0,362.03908815251475,61.47830791204376,,,,0.321708721532077,unified_conditional_rl,359.0938482953222,59.77843619986306,,,True,True,True,0.349843274047619,PASS_STILBENE_STRUCTURAL_PROXY,,,,,228,MC-STILBENE-0728
729,CC(C)=CNC1=CC=CC=C1C=CC2=CC=CC=C2C=CC3=CC=CC=C3N,stilbene,CC(C)=CNc1ccccc1C=Cc1ccccc1C=Cc1ccccc1N,CC(C)=CNc1ccccc1/C=C/c1ccccc1C=Cc1ccccc1N,CC(C)=CNc1ccccc1/C=C\c1ccccc1C=Cc1ccccc1N,True,True,True,ok,366.5080000000001,2.692315236970355,0.3659371972761451,6.0,363.77064015871315,61.47830791204376,,,,0.31675648748220386,unified_conditional_rl,359.09553861709924,59.77843619986306,,,True,True,True,0.3498393091062307,PASS_STILBENE_STRUCTURAL_PROXY,,,,,229,MC-STILBENE-0729
730,COC1=CC=CC=C1C2=CC=CC=C2C=CC3=CC=CC=C3,stilbene,COc1ccccc1-c1ccccc1C=Cc1ccccc1,COc1ccccc1-c1ccccc1/C=C/c1ccccc1,COc1ccccc1-c1ccccc1/C=C\c1ccccc1,True,True,True,ok,286.374,1.7374177950565795,0.5726844185205773,4.0,361.82008435024267,61.47830791204376,,,,0.3222962150817623,unified_conditional_rl,359.09822006371337,59.77843619986306,,,True,True,True,0.34983301796068356,PASS_STILBENE_STRUCTURAL_PROXY,,,,,230,MC-STILBENE-0730
731,COC1=CC=CC=C1C2=CC=CC=C2C=CC3=CC=CC=C3C=CC4=CC=CC=C4,stilbene,COc1ccccc1-c1ccccc1C=Cc1ccccc1C=Cc1ccccc1,COc1ccccc1-c1ccccc1/C=C/c1ccccc1C=Cc1ccccc1,COc1ccccc1-c1ccccc1/C=C\c1ccccc1C=Cc1ccccc1,True,True,True,ok,388.5100000000001,2.1117408063836365,0.3074449324238687,6.0,361.82008435024267,61.47830791204376,,,,0.3222962150817623,unified_conditional_rl,359.09822006371337,59.77843619986306,,,True,True,True,0.34983301796068356,PASS_STILBENE_STRUCTURAL_PROXY,,,,,231,MC-STILBENE-0731
732,COC1=CC=CC=C1C2=CC=CC=C2C=CC3=CC=CC=C3C=CC4=CC=CC=C4C5=CC=CC=C5C=CC6=CC=CC=C6,stilbene,COc1ccccc1-c1ccccc1C=Cc1ccccc1C=Cc1ccccc1-c1ccccc1C=Cc1ccccc1,COc1ccccc1-c1ccccc1/C=C/c1ccccc1C=Cc1ccccc1-c1ccccc1C=Cc1ccccc1,COc1ccccc1-c1ccccc1/C=C\c1ccccc1C=Cc1ccccc1-c1ccccc1C=Cc1ccccc1,True,True,True,ok,566.7440000000003,2.362890800724726,0.15818269585361833,9.0,361.82008435024267,61.47830791204376,,,,0.3222962150817623,unified_conditional_rl,359.09822006371337,59.77843619986306,,,True,True,True,0.34983301796068356,PASS_STILBENE_STRUCTURAL_PROXY,,,,,232,MC-STILBENE-0732
733,COC1=CC=CC=C1C2=CC=CC=C2C=CC3=CC=CC=C3C=CC4=CC=CC=C4C=CC5=CC=CC=C5,stilbene,COc1ccccc1-c1ccccc1C=Cc1ccccc1C=Cc1ccccc1C=Cc1ccccc1,COc1ccccc1-c1ccccc1/C=C/c1ccccc1C=Cc1ccccc1C=Cc1ccccc1,COc1ccccc1-c1ccccc1/C=C\c1ccccc1C=Cc1ccccc1C=Cc1ccccc1,True,True,True,ok,490.6460000000002,2.2932826889116775,0.1966664604239847,8.0,361.82008435024267,61.47830791204376,,,,0.3222962150817623,unified_conditional_rl,359.09822006371337,59.77843619986306,,,True,True,True,0.34983301796068356,PASS_STILBENE_STRUCTURAL_PROXY,,,,,233,MC-STILBENE-0733
734,CC1=CC=CC=C1C=CC2=CC=CC=C2C3=CC=CC=C3,stilbene,Cc1ccccc1C=Cc1ccccc1-c1ccccc1,Cc1ccccc1/C=C/c1ccccc1-c1ccccc1,Cc1ccccc1/C=C\c1ccccc1-c1ccccc1,True,True,True,ok,270.375,1.7400041663378758,0.5249642655326133,3.0,362.67301016831897,61.47830791204376,,,,0.3199581015196404,unified_conditional_rl,359.1278662937888,59.77843619986306,,,True,True,True,0.34976335237911077,PASS_STILBENE_STRUCTURAL_PROXY,,,,,234,MC-STILBENE-0734
735,CC1=CC=CC=C1C=CC2=CC=CC=C2C=CC3=CC=CC=C3C4=CC=CC=C4,stilbene,Cc1ccccc1C=Cc1ccccc1C=Cc1ccccc1-c1ccccc1,Cc1ccccc1/C=C/c1ccccc1C=Cc1ccccc1-c1ccccc1,Cc1ccccc1/C=C\c1ccccc1C=Cc1ccccc1-c1ccccc1,True,True,True,ok,372.5110000000001,2.029725669319486,0.3112589555882587,5.0,362.67301016831897,61.47830791204376,,,,0.3199581015196404,unified_conditional_rl,359.1278662937888,59.77843619986306,,,True,True,True,0.34976335237911077,PASS_STILBENE_STRUCTURAL_PROXY,,,,,235,MC-STILBENE-0735
736,CC1=CC=CC=C1C=CC2=CC=CC=C2C=CC3=CC=CC=C3C=CC4=CC=CC=C4C5=CC=CC=C5,stilbene,Cc1ccccc1C=Cc1ccccc1C=Cc1ccccc1C=Cc1ccccc1-c1ccccc1,Cc1ccccc1/C=C/c1ccccc1C=Cc1ccccc1C=Cc1ccccc1-c1ccccc1,Cc1ccccc1/C=C\c1ccccc1C=Cc1ccccc1C=Cc1ccccc1-c1ccccc1,True,True,True,ok,474.64700000000016,2.2009721425929385,0.20582102906007504,7.0,362.67301016831897,61.47830791204376,,,,0.3199581015196404,unified_conditional_rl,359.1278662937888,59.77843619986306,,,True,True,True,0.34976335237911077,PASS_STILBENE_STRUCTURAL_PROXY,,,,,236,MC-STILBENE-0736
737,CC1=CC=CC=C1C=CC2=CC=CC=C2C=CC3=CC=CC=C3C=CC4=CC=CC=C4C=CC5=CC=CC=C5C6=CC=CC=C6,stilbene,Cc1ccccc1C=Cc1ccccc1C=Cc1ccccc1C=Cc1ccccc1C=Cc1ccccc1-c1ccccc1,Cc1ccccc1/C=C/c1ccccc1C=Cc1ccccc1C=Cc1ccccc1C=Cc1ccccc1-c1ccccc1,Cc1ccccc1/C=C\c1ccccc1C=Cc1ccccc1C=Cc1ccccc1C=Cc1ccccc1-c1ccccc1,True,True,True,ok,576.7830000000002,2.3860748411962547,0.1501946004196729,9.0,362.67301016831897,61.47830791204376,,,,0.3199581015196404,unified_conditional_rl,359.1278662937888,59.77843619986306,,,True,True,True,0.34976335237911077,PASS_STILBENE_STRUCTURAL_PROXY,,,,,237,MC-STILBENE-0737
738,COC1=NC=CC=C1C=CC2=CC=CC=C2C=CC3=CC=CC=C3C=CC4=CC=CC=C4C=CC5=CC=CC=C5,stilbene,COc1ncccc1C=Cc1ccccc1C=Cc1ccccc1C=Cc1ccccc1C=Cc1ccccc1,COc1ncccc1/C=C/c1ccccc1C=Cc1ccccc1C=Cc1ccccc1C=Cc1ccccc1,COc1ncccc1/C=C\c1ccccc1C=Cc1ccccc1C=Cc1ccccc1C=Cc1ccccc1,True,True,True,ok,517.6720000000003,2.5939431568981473,0.18155648550006037,9.0,362.4757757934004,61.47830791204376,,,,0.320510671356973,unified_conditional_rl,359.1338157103114,59.77843619986306,,,True,True,True,0.34974934750112846,PASS_STILBENE_STRUCTURAL_PROXY,,,,,238,MC-STILBENE-0738
739,NC1=CC=CC=C1C=CC2=CC=CC=C2C=CC3=CC=CC=C3C=CC4=CC=CC=C4C5=CC=CC=C5N,stilbene,Nc1ccccc1C=Cc1ccccc1C=Cc1ccccc1C=Cc1ccccc1-c1ccccc1N,Nc1ccccc1/C=C/c1ccccc1C=Cc1ccccc1C=Cc1ccccc1-c1ccccc1N,Nc1ccccc1/C=C\c1ccccc1C=Cc1ccccc1C=Cc1ccccc1-c1ccccc1N,True,True,True,ok,490.6500000000002,2.338380417884343,0.17656790929175895,7.0,360.0338613196315,61.47830791204376,,,,0.3267425479027163,unified_conditional_rl,359.17154271888506,59.77843619986306,,,True,True,True,0.34966034903995363,PASS_STILBENE_STRUCTURAL_PROXY,,,,,239,MC-STILBENE-0739
740,CC=CC1=CC=NC=C1C2=CC=CC=C2C=CC3=CC=CC=C3C=CC4=CC=CC=C4C=CC5=CC=CC=C5,stilbene,CC=Cc1ccncc1-c1ccccc1C=Cc1ccccc1C=Cc1ccccc1C=Cc1ccccc1,CC=Cc1ccncc1-c1ccccc1/C=C/c1ccccc1C=Cc1ccccc1C=Cc1ccccc1,CC=Cc1ccncc1-c1ccccc1/C=C\c1ccccc1C=Cc1ccccc1C=Cc1ccccc1,True,True,True,ok,501.6730000000002,2.7266002144270622,0.19272369091187702,8.0,364.94424835466174,61.47830791204376,,,,0.313106337407606,unified_conditional_rl,359.1821344894306,59.77843619986306,,,True,True,True,0.34963530414530597,PASS_STILBENE_STRUCTURAL_PROXY,,,,,240,MC-STILBENE-0740
741,CC=CC1=CC=NC=C1C2=CC=CC=C2C=CC3=CC=CC=C3C=C/C4=CC=CC=C4C=CC5=CC=CC=C5C=CC6=CC=CC=C6,stilbene,CC=Cc1ccncc1-c1ccccc1C=Cc1ccccc1C=Cc1ccccc1C=Cc1ccccc1C=Cc1ccccc1,CC=Cc1ccncc1-c1ccccc1/C=C/c1ccccc1C=Cc1ccccc1C=Cc1ccccc1C=Cc1ccccc1,CC=Cc1ccncc1-c1ccccc1/C=C\c1ccccc1C=Cc1ccccc1C=Cc1ccccc1C=Cc1ccccc1,True,True,True,ok,603.8090000000002,2.8695905466957115,0.14196474382671076,10.0,364.94424835466174,61.47830791204376,,,,0.313106337407606,unified_conditional_rl,359.1821344894306,59.77843619986306,,,True,True,True,0.34963530414530597,PASS_STILBENE_STRUCTURAL_PROXY,,,,,241,MC-STILBENE-0741
742,CC=CC1=CC=CC=C1C=CC2=CC=CC=C2C=CC3=CC=CC=C3C4=CC=CC=C4C=NC5=CC=CC=C5,stilbene,CC=Cc1ccccc1C=Cc1ccccc1C=Cc1ccccc1-c1ccccc1C=Nc1ccccc1,CC=Cc1ccccc1/C=C/c1ccccc1C=Cc1ccccc1-c1ccccc1C=Nc1ccccc1,CC=Cc1ccccc1/C=C\c1ccccc1C=Cc1ccccc1-c1ccccc1C=Nc1ccccc1,True,True,True,ok,501.6730000000002,2.596671221559699,0.14807131291432987,8.0,362.3872122572275,61.47830791204376,,,,0.32075648363338927,unified_conditional_rl,359.19179030648456,59.77843619986306,,,True,True,True,0.3496124499313572,PASS_STILBENE_STRUCTURAL_PROXY,,,,,242,MC-STILBENE-0742
743,CC1=CC=CC=C1C=CC2=CC=CC=C2C=CC3=CC=CC=C3C4=CC5=CC=CC=C5C=C4,stilbene,Cc1ccccc1C=Cc1ccccc1C=Cc1ccccc1-c1ccc2ccccc2c1,Cc1ccccc1/C=C/c1ccccc1C=Cc1ccccc1-c1ccc2ccccc2c1,Cc1ccccc1/C=C\c1ccccc1C=Cc1ccccc1-c1ccc2ccccc2c1,True,True,True,ok,422.57100000000014,2.234185664819206,0.24766256897615904,5.0,360.0662524964153,61.47830791204376,,,,0.326667550812753,unified_conditional_rl,359.21241713653035,59.77843619986306,,,True,True,True,0.34956355693073526,PASS_STILBENE_STRUCTURAL_PROXY,,,,,243,MC-STILBENE-0743
744,CC=CC1=CC=CC=C1C2=CC=CC=C2C=CC3=CC=CC=C3C=CC4=CC=CC=C4C=CC,stilbene,CC=Cc1ccccc1C=Cc1ccccc1C=Cc1ccccc1-c1ccccc1C=CC,CC=Cc1ccccc1/C=C/c1ccccc1C=Cc1ccccc1-c1ccccc1C=CC,CC=Cc1ccccc1/C=C\c1ccccc1C=Cc1ccccc1-c1ccccc1C=CC,True,True,True,ok,438.61400000000015,2.3456932263030534,0.2518573902233195,7.0,361.10544723102413,61.47830791204376,,,,0.3241499561177744,unified_conditional_rl,359.2171883654107,59.77843619986306,,,True,True,True,0.34955223350862136,PASS_STILBENE_STRUCTURAL_PROXY,,,,,244,MC-STILBENE-0744
745,CC=CC1=CC=CC=C1C=CC2=CC=CC=C2C=CC3=CC=CC=C3C=CC4=CC=CC=C4C5=CC=CC=C5C=CC,stilbene,CC=Cc1ccccc1C=Cc1ccccc1C=Cc1ccccc1C=Cc1ccccc1-c1ccccc1C=CC,CC=Cc1ccccc1/C=C/c1ccccc1C=Cc1ccccc1C=Cc1ccccc1-c1ccccc1C=CC,CC=Cc1ccccc1/C=C\c1ccccc1C=Cc1ccccc1C=Cc1ccccc1-c1ccccc1C=CC,True,True,True,ok,540.7500000000002,2.4551203056708424,0.16310492246167282,9.0,361.10544723102413,61.47830791204376,,,,0.3241499561177744,unified_conditional_rl,359.2171883654107,59.77843619986306,,,True,True,True,0.34955223350862136,PASS_STILBENE_STRUCTURAL_PROXY,,,,,245,MC-STILBENE-0745
746,CC1=CC=CC=C1C=CC2=CC3=CC=C2C=C3C=CC4=CC=CC=C4,stilbene,Cc1ccccc1C=Cc1cc2ccc1cc2C=Cc1ccccc1,Cc1ccccc1/C=C/c1cc2ccc1cc2C=Cc1ccccc1,Cc1ccccc1/C=C\c1cc2ccc1cc2C=Cc1ccccc1,True,True,True,ok,320.435,3.0879814973893147,0.3576829350785726,4.0,359.2136565106535,61.47830791204376,,,,0.3256917522205043,unified_conditional_rl,357.8208529995621,59.77843619986306,,,True,True,True,0.3495505759432544,PASS_STILBENE_STRUCTURAL_PROXY,,,,,246,MC-STILBENE-0746
747,CC(=C)C1=CC=CC=C1C=CC2=CC=CC=C2C3=CC=CC=C3C=CC4=CC=CC=C4C,stilbene,C=C(C)c1ccccc1C=Cc1ccccc1-c1ccccc1C=Cc1ccccc1C,C=C(C)c1ccccc1/C=C/c1ccccc1-c1ccccc1C=Cc1ccccc1C,C=C(C)c1ccccc1/C=C\c1ccccc1-c1ccccc1C=Cc1ccccc1C,True,True,True,ok,412.57600000000014,2.417884701707644,0.2770727995840518,6.0,361.2672942229473,61.47830791204376,,,,0.32373872146019667,unified_conditional_rl,359.22228013829334,59.77843619986306,,,True,True,True,0.3495401435923619,PASS_STILBENE_STRUCTURAL_PROXY,,,,,247,MC-STILBENE-0747
748,CC=CC1=CC=CC=C1C2=CC=CC=C2C=CC3=CC=NC=C3C=CC4=CC=CC=C4C=CC5=CC=CC=C5,stilbene,CC=Cc1ccccc1-c1ccccc1C=Cc1ccncc1C=Cc1ccccc1C=Cc1ccccc1,CC=Cc1ccccc1-c1ccccc1/C=C/c1ccncc1C=Cc1ccccc1C=Cc1ccccc1,CC=Cc1ccccc1-c1ccccc1/C=C\c1ccncc1C=Cc1ccccc1C=Cc1ccccc1,True,True,True,ok,501.6730000000002,2.7406027343209622,0.19272369091187702,8.0,362.65455899090966,61.47830791204376,,,,0.32001009341347886,unified_conditional_rl,359.3089414267543,59.77843619986306,,,True,True,True,0.34933346458694997,PASS_STILBENE_STRUCTURAL_PROXY,,,,,248,MC-STILBENE-0748
749,CC=CC1=CC=CC=C1C=CC2=CC=CC=C2C3=CC=CC=C3C=CC4=CC=NC=C4C=CC5=CC=CC=C5C=CC6=CC=CC=C6,stilbene,CC=Cc1ccccc1C=Cc1ccccc1-c1ccccc1C=Cc1ccncc1C=Cc1ccccc1C=Cc1ccccc1,CC=Cc1ccccc1/C=C/c1ccccc1-c1ccccc1C=Cc1ccncc1C=Cc1ccccc1C=Cc1ccccc1,CC=Cc1ccccc1/C=C\c1ccccc1-c1ccccc1C=Cc1ccncc1C=Cc1ccccc1C=Cc1ccccc1,True,True,True,ok,603.8090000000002,2.8811926346077996,0.14196474382671076,10.0,362.65455899090966,61.47830791204376,,,,0.32001009341347886,unified_conditional_rl,359.3089414267543,59.77843619986306,,,True,True,True,0.34933346458694997,PASS_STILBENE_STRUCTURAL_PROXY,,,,,249,MC-STILBENE-0749
750,CC=CC1=CC=CC=C1C=CC2=CC=NC=C2C=CC3=CC=CC=C3C4=CC=CC=C4C=CC5=CC=CC=C5,stilbene,CC=Cc1ccccc1C=Cc1ccncc1C=Cc1ccccc1-c1ccccc1C=Cc1ccccc1,CC=Cc1ccccc1/C=C/c1ccncc1C=Cc1ccccc1-c1ccccc1C=Cc1ccccc1,CC=Cc1ccccc1/C=C\c1ccncc1C=Cc1ccccc1-c1ccccc1C=Cc1ccccc1,True,True,True,ok,501.6730000000002,2.7406027343209622,0.19272369091187702,8.0,362.65455899090966,61.47830791204376,,,,0.32001009341347886,unified_conditional_rl,359.3089414267543,59.77843619986306,,,True,True,True,0.34933346458694997,PASS_STILBENE_STRUCTURAL_PROXY,,,,,250,MC-STILBENE-0750
751,CC=CC1=CC=NC=C1C=CC2=CC=CC=C2C3=CC=CC=C3C=CC4=CC=CC=C4C=CC5=CC=CC=C5,stilbene,CC=Cc1ccncc1C=Cc1ccccc1-c1ccccc1C=Cc1ccccc1C=Cc1ccccc1,CC=Cc1ccncc1/C=C/c1ccccc1-c1ccccc1C=Cc1ccccc1C=Cc1ccccc1,CC=Cc1ccncc1/C=C\c1ccccc1-c1ccccc1C=Cc1ccccc1C=Cc1ccccc1,True,True,True,ok,501.6730000000002,2.7406027343209622,0.19272369091187702,8.0,362.65455899090966,61.47830791204376,,,,0.32001009341347886,unified_conditional_rl,359.3089414267543,59.77843619986306,,,True,True,True,0.34933346458694997,PASS_STILBENE_STRUCTURAL_PROXY,,,,,251,MC-STILBENE-0751
752,NN=NC=CC1=CC=CC=C1C=CC2=CC=CC=C2C=CC3=CC=CC=C3,stilbene,NN=NC=Cc1ccccc1C=Cc1ccccc1C=Cc1ccccc1,NN=NC=Cc1ccccc1/C=C/c1ccccc1C=Cc1ccccc1,NN=NC=Cc1ccccc1/C=C\c1ccccc1C=Cc1ccccc1,True,True,True,ok,351.45300000000003,2.778848427080666,0.23998942461910852,6.0,361.3778940376346,61.47830791204376,,,,0.3234547879396583,unified_conditional_rl,359.3322345222235,59.77843619986306,,,True,True,True,0.3492776199847308,PASS_STILBENE_STRUCTURAL_PROXY,,,,,252,MC-STILBENE-0752
753,NN=NC=CC1=CC=CC=C1C=CC2=CC=CC=C2C=CC3=CC=CC=C3C=CC4=CC=CC=C4,stilbene,NN=NC=Cc1ccccc1C=Cc1ccccc1C=Cc1ccccc1C=Cc1ccccc1,NN=NC=Cc1ccccc1/C=C/c1ccccc1C=Cc1ccccc1C=Cc1ccccc1,NN=NC=Cc1ccccc1/C=C\c1ccccc1C=Cc1ccccc1C=Cc1ccccc1,True,True,True,ok,453.5890000000001,2.771454724057092,0.12359575038122693,8.0,361.3778940376346,61.47830791204376,,,,0.3234547879396583,unified_conditional_rl,359.3322345222235,59.77843619986306,,,True,True,True,0.3492776199847308,PASS_STILBENE_STRUCTURAL_PROXY,,,,,253,MC-STILBENE-0753
754,NC1=CC=CC=C1C2=CC=CC=C2C=CC3=CC=CC=C3C,stilbene,Cc1ccccc1C=Cc1ccccc1-c1ccccc1N,Cc1ccccc1/C=C/c1ccccc1-c1ccccc1N,Cc1ccccc1/C=C\c1ccccc1-c1ccccc1N,True,True,True,ok,285.39000000000004,1.9733151841098326,0.5047655354958582,3.0,358.0509940610916,61.47830791204376,,,,0.33091799472009165,unified_conditional_rl,359.3445949996705,59.77843619986306,,,True,True,True,0.3492479357593023,PASS_STILBENE_STRUCTURAL_PROXY,,,,,254,MC-STILBENE-0754
755,NC1=CC=CC=C1C2=CC=CC=C2C=CC3=CC=CC=C3C=CC4=CC=CC=C4C,stilbene,Cc1ccccc1C=Cc1ccccc1C=Cc1ccccc1-c1ccccc1N,Cc1ccccc1/C=C/c1ccccc1C=Cc1ccccc1-c1ccccc1N,Cc1ccccc1/C=C\c1ccccc1C=Cc1ccccc1-c1ccccc1N,True,True,True,ok,387.5260000000001,2.2356468225974577,0.2770080731657543,5.0,358.0509940610916,61.47830791204376,,,,0.33091799472009165,unified_conditional_rl,359.3445949996705,59.77843619986306,,,True,True,True,0.3492479357593023,PASS_STILBENE_STRUCTURAL_PROXY,,,,,255,MC-STILBENE-0755
756,NC1=CC=CC=C1C2=CC=CC=C2C=CC3=CC=CC=C3C=CC4=CC=CC=C4C=CC5=CC=CC=C5C,stilbene,Cc1ccccc1C=Cc1ccccc1C=Cc1ccccc1C=Cc1ccccc1-c1ccccc1N,Cc1ccccc1/C=C/c1ccccc1C=Cc1ccccc1C=Cc1ccccc1-c1ccccc1N,Cc1ccccc1/C=C\c1ccccc1C=Cc1ccccc1C=Cc1ccccc1-c1ccccc1N,True,True,True,ok,489.6620000000002,2.3808570602440806,0.17862671804185734,7.0,358.0509940610916,61.47830791204376,,,,0.33091799472009165,unified_conditional_rl,359.3445949996705,59.77843619986306,,,True,True,True,0.3492479357593023,PASS_STILBENE_STRUCTURAL_PROXY,,,,,256,MC-STILBENE-0756
757,O1CCC(C)=C1C=CC2=CC=CC=C2C=CC3=CC=CC=C3C=CC4=CC=CC=C4,stilbene,CC1=C(C=Cc2ccccc2C=Cc2ccccc2C=Cc2ccccc2)OCC1,CC1=C(C=Cc2ccccc2/C=C/c2ccccc2C=Cc2ccccc2)OCC1,CC1=C(C=Cc2ccccc2/C=C\c2ccccc2C=Cc2ccccc2)OCC1,True,True,True,ok,390.5260000000002,2.801981206463342,0.3912027731435008,6.0,356.8294736159787,61.47830791204376,,,,0.33306843153558363,unified_conditional_rl,359.3492052596891,59.77843619986306,,,True,True,True,0.34923685509414404,PASS_STILBENE_STRUCTURAL_PROXY,,,,,257,MC-STILBENE-0757
758,CC=CC1=CC=CC=C1C=CC2=CC=CC=C2C=CC3=CC=CC=C3C=CC4=CC=CC=C4C=CC5=CC=CC=C5N,stilbene,CC=Cc1ccccc1C=Cc1ccccc1C=Cc1ccccc1C=Cc1ccccc1C=Cc1ccccc1N,CC=Cc1ccccc1/C=C/c1ccccc1C=Cc1ccccc1C=Cc1ccccc1C=Cc1ccccc1N,CC=Cc1ccccc1/C=C\c1ccccc1C=Cc1ccccc1C=Cc1ccccc1C=Cc1ccccc1N,True,True,True,ok,541.738,2.5340414971482783,0.14571518109065704,9.0,361.64397832157806,61.47830791204376,,,,0.32276208231638653,unified_conditional_rl,359.35796614833225,59.77843619986306,,,True,True,True,0.34921578512041396,PASS_STILBENE_STRUCTURAL_PROXY,,,,,258,MC-STILBENE-0758
759,CC=CC1=CC=CC=C1C=CC2=CC=CC=C2C=CC3=CC=CC=C3C=CC4=CC=CC=C4N,stilbene,CC=Cc1ccccc1C=Cc1ccccc1C=Cc1ccccc1C=Cc1ccccc1N,CC=Cc1ccccc1/C=C/c1ccccc1C=Cc1ccccc1C=Cc1ccccc1N,CC=Cc1ccccc1/C=C\c1ccccc1C=Cc1ccccc1C=Cc1ccccc1N,True,True,True,ok,439.60200000000015,2.4277193507829704,0.22584550485441496,7.0,361.64397832157806,61.47830791204376,,,,0.32276208231638653,unified_conditional_rl,359.35796614833225,59.77843619986306,,,True,True,True,0.34921578512041396,PASS_STILBENE_STRUCTURAL_PROXY,,,,,259,MC-STILBENE-0759
760,NC1=CC=CC=C1C=CC2=CC=CC=C2C=CC3=CC=CC=C3C=CC,stilbene,CC=Cc1ccccc1C=Cc1ccccc1C=Cc1ccccc1N,CC=Cc1ccccc1/C=C/c1ccccc1C=Cc1ccccc1N,CC=Cc1ccccc1/C=C\c1ccccc1C=Cc1ccccc1N,True,True,True,ok,337.46600000000007,2.3786989288264078,0.40953469259356573,5.0,361.64397832157806,61.47830791204376,,,,0.32276208231638653,unified_conditional_rl,359.35796614833225,59.77843619986306,,,True,True,True,0.34921578512041396,PASS_STILBENE_STRUCTURAL_PROXY,,,,,260,MC-STILBENE-0760
761,CC=CC1=CC=CC=C1C=CC2=CC=CC=C2N,stilbene,CC=Cc1ccccc1C=Cc1ccccc1N,CC=Cc1ccccc1/C=C/c1ccccc1N,CC=Cc1ccccc1/C=C\c1ccccc1N,True,True,True,ok,235.32999999999998,2.2878337691871806,0.6160547835797902,3.0,361.64397832157806,61.47830791204376,,,,0.32276208231638653,unified_conditional_rl,359.35796614833225,59.77843619986306,,,True,True,True,0.34921578512041396,PASS_STILBENE_STRUCTURAL_PROXY,,,,,261,MC-STILBENE-0761
762,CC=CC1=CC=CC=C1C=CC2=CC=CC=C2,stilbene,CC=Cc1ccccc1C=Cc1ccccc1,CC=Cc1ccccc1/C=C/c1ccccc1,CC=Cc1ccccc1/C=C\c1ccccc1,True,True,True,ok,220.315,1.9979521203020951,0.6459131629223288,3.0,359.99858312732675,61.47830791204376,,,,0.32682398696538256,unified_conditional_rl,359.3782841782156,59.77843619986306,,,True,True,True,0.34916685283031906,PASS_STILBENE_STRUCTURAL_PROXY,,,,,262,MC-STILBENE-0762
763,CC=CC1=CC=CC=C1C=CC2=CC=CC=C2C=CC3=CC=CC=C3,stilbene,CC=Cc1ccccc1C=Cc1ccccc1C=Cc1ccccc1,CC=Cc1ccccc1/C=C/c1ccccc1C=Cc1ccccc1,CC=Cc1ccccc1/C=C\c1ccccc1C=Cc1ccccc1,True,True,True,ok,322.451,2.1657762301075962,0.44097690758856184,5.0,359.99858312732675,61.47830791204376,,,,0.32682398696538256,unified_conditional_rl,359.3782841782156,59.77843619986306,,,True,True,True,0.34916685283031906,PASS_STILBENE_STRUCTURAL_PROXY,,,,,263,MC-STILBENE-0763
764,CC=CC1=CC=CC=C1C=CC2=CC=CC=C2C=CC3=CC=CC=C3C=CC4=CC=CC=C4,stilbene,CC=Cc1ccccc1C=Cc1ccccc1C=Cc1ccccc1C=Cc1ccccc1,CC=Cc1ccccc1/C=C/c1ccccc1C=Cc1ccccc1C=Cc1ccccc1,CC=Cc1ccccc1/C=C\c1ccccc1C=Cc1ccccc1C=Cc1ccccc1,True,True,True,ok,424.5870000000001,2.249795457375061,0.2593235534179227,7.0,359.99858312732675,61.47830791204376,,,,0.32682398696538256,unified_conditional_rl,359.3782841782156,59.77843619986306,,,True,True,True,0.34916685283031906,PASS_STILBENE_STRUCTURAL_PROXY,,,,,264,MC-STILBENE-0764
765,CC=CC1=CC=CC=C1C=CC2=CC=CC=C2C=CC3=CC=CC=C3C=CC4=CC=CC=C4C=CC5=CC=CC=C5,stilbene,CC=Cc1ccccc1C=Cc1ccccc1C=Cc1ccccc1C=Cc1ccccc1C=Cc1ccccc1,CC=Cc1ccccc1/C=C/c1ccccc1C=Cc1ccccc1C=Cc1ccccc1C=Cc1ccccc1,CC=Cc1ccccc1/C=C\c1ccccc1C=Cc1ccccc1C=Cc1ccccc1C=Cc1ccccc1,True,True,True,ok,526.7230000000002,2.377022030365872,0.16755297808130137,9.0,359.99858312732675,61.47830791204376,,,,0.32682398696538256,unified_conditional_rl,359.3782841782156,59.77843619986306,,,True,True,True,0.34916685283031906,PASS_STILBENE_STRUCTURAL_PROXY,,,,,265,MC-STILBENE-0765
766,CC=CC1=CC=CC=C1C=CC2=CC=CC=C2C=CC3=CC=CC=C3C=CC4=CC=CC=C4C=CC5=CC=CC=C5C=CC6=CC=CC=C6,stilbene,CC=Cc1ccccc1C=Cc1ccccc1C=Cc1ccccc1C=Cc1ccccc1C=Cc1ccccc1C=Cc1ccccc1,CC=Cc1ccccc1/C=C/c1ccccc1C=Cc1ccccc1C=Cc1ccccc1C=Cc1ccccc1C=Cc1ccccc1,CC=Cc1ccccc1/C=C\c1ccccc1C=Cc1ccccc1C=Cc1ccccc1C=Cc1ccccc1C=Cc1ccccc1,True,True,True,ok,628.8590000000002,2.535874144138628,0.12525260132471275,11.0,359.99858312732675,61.47830791204376,,,,0.32682398696538256,unified_conditional_rl,359.3782841782156,59.77843619986306,,,True,True,True,0.34916685283031906,PASS_STILBENE_STRUCTURAL_PROXY,,,,,266,MC-STILBENE-0766
767,CC1=CC=CC=C1C=CC2=CC=CC=C2C3=CC=CC=C3C=NC4=CC=CC=C4,stilbene,Cc1ccccc1C=Cc1ccccc1-c1ccccc1C=Nc1ccccc1,Cc1ccccc1/C=C/c1ccccc1-c1ccccc1C=Nc1ccccc1,Cc1ccccc1/C=C\c1ccccc1-c1ccccc1C=Nc1ccccc1,True,True,True,ok,373.4990000000001,2.2525869250990436,0.2524008232472888,5.0,359.03840005728983,61.47830791204376,,,,0.328942212535421,unified_conditional_rl,359.3936789484862,59.77843619986306,,,True,True,True,0.34912971468813575,PASS_STILBENE_STRUCTURAL_PROXY,,,,,267,MC-STILBENE-0767
768,CC1=CC=NC=C1C2=CC=CC=C2C=CC3=CC=CC=C3C4=CC=CC=C4C=CC5=CC=CC=C5,stilbene,Cc1ccncc1-c1ccccc1C=Cc1ccccc1-c1ccccc1C=Cc1ccccc1,Cc1ccncc1-c1ccccc1/C=C/c1ccccc1-c1ccccc1C=Cc1ccccc1,Cc1ccncc1-c1ccccc1/C=C\c1ccccc1-c1ccccc1C=Cc1ccccc1,True,True,True,ok,449.59700000000015,2.371256236950906,0.2355929517523861,6.0,360.55184116693187,61.47830791204376,,,,0.32551787267021653,unified_conditional_rl,359.40400365084315,59.77843619986306,,,True,True,True,0.34910477727951517,PASS_STILBENE_STRUCTURAL_PROXY,,,,,268,MC-STILBENE-0768
769,C1CN=C1C=CC2=CC=CC=C2C=CC3=CC=CC=C3C,stilbene,Cc1ccccc1C=Cc1ccccc1C=CC1=NCC1,Cc1ccccc1/C=C/c1ccccc1C=CC1=NCC1,Cc1ccccc1/C=C\c1ccccc1C=CC1=NCC1,True,True,True,ok,273.3790000000001,2.5210953228281348,0.6932615295681385,4.0,368.05916363292357,61.47830791204376,,,,0.3023994285702627,unified_conditional_rl,359.4097112661793,59.77843619986306,,,True,True,True,0.34909098117694676,PASS_STILBENE_STRUCTURAL_PROXY,,,,,269,MC-STILBENE-0769
770,C1CN=C1C=CC2=CC=CC=C2C=CC3=CC=CC=C3C=CC4=CC=CC=C4C,stilbene,Cc1ccccc1C=Cc1ccccc1C=Cc1ccccc1C=CC1=NCC1,Cc1ccccc1/C=C/c1ccccc1C=Cc1ccccc1C=CC1=NCC1,Cc1ccccc1/C=C\c1ccccc1C=Cc1ccccc1C=CC1=NCC1,True,True,True,ok,375.51500000000016,2.645397855958926,0.40416284866152025,6.0,368.05916363292357,61.47830791204376,,,,0.3023994285702627,unified_conditional_rl,359.4097112661793,59.77843619986306,,,True,True,True,0.34909098117694676,PASS_STILBENE_STRUCTURAL_PROXY,,,,,270,MC-STILBENE-0770
771,NC1=CC=CC=C1C=CC2=CC=CC=C2C3=CC=CC=C3C=CC4=CC=CC=C4N,stilbene,Nc1ccccc1C=Cc1ccccc1-c1ccccc1C=Cc1ccccc1N,Nc1ccccc1C=Cc1ccccc1-c1ccccc1/C=C/c1ccccc1N,Nc1ccccc1C=Cc1ccccc1-c1ccccc1/C=C\c1ccccc1N,True,True,True,ok,388.5140000000001,2.127121265586384,0.2897688325246612,5.0,361.80298194754477,61.47830791204376,,,,0.3223417143384917,unified_conditional_rl,359.4374890847123,59.77843619986306,,,True,True,True,0.3490237325218374,PASS_STILBENE_STRUCTURAL_PROXY,,,,,271,MC-STILBENE-0771
772,CC1=CC=CC=C1C=CC2=CC3=CC=C2C=C3C=CC4=CC=CC=C4C=CC5=CC=CC=C5C,stilbene,Cc1ccccc1C=Cc1ccccc1C=Cc1cc2ccc1cc2C=Cc1ccccc1C,Cc1ccccc1C=Cc1cc2ccc1cc2C=Cc1ccccc1/C=C/c1ccccc1C,Cc1ccccc1C=Cc1cc2ccc1cc2C=Cc1ccccc1/C=C\c1ccccc1C,True,True,True,ok,436.5980000000002,3.1466132314053876,0.23253080843023904,6.0,359.9209645744818,61.47830791204376,,,,0.3222429643260739,unified_conditional_rl,357.03408775922736,59.77843619986306,,,True,True,True,0.3490189896670957,PASS_STILBENE_STRUCTURAL_PROXY,,,,,272,MC-STILBENE-0772
773,NOC1=CC=NC=C1C=CC2=CC=CC=C2C=CC3=CC=CC=C3C=CC4=CC=CC=C4,stilbene,NOc1ccncc1C=Cc1ccccc1C=Cc1ccccc1C=Cc1ccccc1,NOc1ccncc1/C=C/c1ccccc1C=Cc1ccccc1C=Cc1ccccc1,NOc1ccncc1/C=C\c1ccccc1C=Cc1ccccc1C=Cc1ccccc1,True,True,True,ok,416.5240000000001,2.741332754541686,0.2648071007830056,7.0,360.33949513795136,61.47830791204376,,,,0.3260264509492978,unified_conditional_rl,359.4837390029374,59.77843619986306,,,True,True,True,0.34891137487038515,PASS_STILBENE_STRUCTURAL_PROXY,,,,,273,MC-STILBENE-0773
774,CC(=C)C1=CC=CC=C1C=CC2=CC=CC=C2C=CC3=CC=CC=C3C=CC4=CC=CC=C4C5=CC=CC=C5,stilbene,C=C(C)c1ccccc1C=Cc1ccccc1C=Cc1ccccc1C=Cc1ccccc1-c1ccccc1,C=C(C)c1ccccc1/C=C/c1ccccc1C=Cc1ccccc1C=Cc1ccccc1-c1ccccc1,C=C(C)c1ccccc1/C=C\c1ccccc1C=Cc1ccccc1C=Cc1ccccc1-c1ccccc1,True,True,True,ok,500.6850000000002,2.490050221675027,0.1858599777512958,8.0,370.07381143580136,61.47830791204376,,,,0.2947976253004778,unified_conditional_rl,359.5510039381998,59.77843619986306,,,True,True,True,0.3487470982680658,PASS_STILBENE_STRUCTURAL_PROXY,,,,,274,MC-STILBENE-0774
775,CC1=CC=CC=C1C=CC2=CC=CC=C2C=CC3=CC=CC=C3C=CC4=CC=CC=C4C=NC5=CC=CC=C5C,stilbene,Cc1ccccc1C=Cc1ccccc1C=Cc1ccccc1C=Cc1ccccc1C=Nc1ccccc1C,Cc1ccccc1/C=C/c1ccccc1C=Cc1ccccc1C=Cc1ccccc1C=Nc1ccccc1C,Cc1ccccc1/C=C\c1ccccc1C=Cc1ccccc1C=Cc1ccccc1C=Nc1ccccc1C,True,True,True,ok,515.7000000000002,2.520052895551391,0.14391794671595742,8.0,367.9175823077641,61.47830791204376,,,,0.3029152331004353,unified_conditional_rl,359.6004188215484,59.77843619986306,,,True,True,True,0.34862576316824523,PASS_STILBENE_STRUCTURAL_PROXY,,,,,275,MC-STILBENE-0775
776,NC1=CC=CC=C1C=CC2=CC=CC=C2C=CC3=CC=CC=C3C=CC4=CC=CC=C4C=CC5=CC=CC=C5C=CC6=CC=CC=C6C,stilbene,Cc1ccccc1C=Cc1ccccc1C=Cc1ccccc1C=Cc1ccccc1C=Cc1ccccc1C=Cc1ccccc1N,Cc1ccccc1/C=C/c1ccccc1C=Cc1ccccc1C=Cc1ccccc1C=Cc1ccccc1C=Cc1ccccc1N,Cc1ccccc1/C=C\c1ccccc1C=Cc1ccccc1C=Cc1ccccc1C=Cc1ccccc1C=Cc1ccccc1N,True,True,True,ok,617.8360000000001,2.5598658190075323,0.1200873466683219,10.0,358.61505630497567,61.47830791204376,,,,0.32981485109082526,unified_conditional_rl,359.6752982880635,59.77843619986306,,,True,True,True,0.34844085085495863,PASS_STILBENE_STRUCTURAL_PROXY,,,,,276,MC-STILBENE-0776
777,NC1=CC=CC=C1C=CC2=CC=CC=C2C=CC3=CC=CC=C3C=CC4=CC=CC=C4C=CC5=CC=CC=C5C,stilbene,Cc1ccccc1C=Cc1ccccc1C=Cc1ccccc1C=Cc1ccccc1C=Cc1ccccc1N,Cc1ccccc1/C=C/c1ccccc1C=Cc1ccccc1C=Cc1ccccc1C=Cc1ccccc1N,Cc1ccccc1/C=C\c1ccccc1C=Cc1ccccc1C=Cc1ccccc1C=Cc1ccccc1N,True,True,True,ok,515.7000000000002,2.4007915563207263,0.16139416634150752,8.0,358.61505630497567,61.47830791204376,,,,0.32981485109082526,unified_conditional_rl,359.6752982880635,59.77843619986306,,,True,True,True,0.34844085085495863,PASS_STILBENE_STRUCTURAL_PROXY,,,,,277,MC-STILBENE-0777
778,NC1=CC=CC=C1C=CC2=CC=CC=C2C=CC3=CC=CC=C3C=CC4=CC=CC=C4C,stilbene,Cc1ccccc1C=Cc1ccccc1C=Cc1ccccc1C=Cc1ccccc1N,Cc1ccccc1/C=C/c1ccccc1C=Cc1ccccc1C=Cc1ccccc1N,Cc1ccccc1/C=C\c1ccccc1C=Cc1ccccc1C=Cc1ccccc1N,True,True,True,ok,413.56400000000014,2.2725343552498583,0.2507710633274279,6.0,358.61505630497567,61.47830791204376,,,,0.32981485109082526,unified_conditional_rl,359.6752982880635,59.77843619986306,,,True,True,True,0.34844085085495863,PASS_STILBENE_STRUCTURAL_PROXY,,,,,278,MC-STILBENE-0778
779,CC1=CC=CC=C1C=CC2=CC=CC=C2C=CC3=CC=CC=C3N,stilbene,Cc1ccccc1C=Cc1ccccc1C=Cc1ccccc1N,Cc1ccccc1/C=C/c1ccccc1C=Cc1ccccc1N,Cc1ccccc1/C=C\c1ccccc1C=Cc1ccccc1N,True,True,True,ok,311.42800000000005,2.185293070930852,0.4696257285429044,4.0,358.61505630497567,61.47830791204376,,,,0.32981485109082526,unified_conditional_rl,359.6752982880635,59.77843619986306,,,True,True,True,0.34844085085495863,PASS_STILBENE_STRUCTURAL_PROXY,,,,,279,MC-STILBENE-0779
780,NC1=CC=CC=C1C=CC2=CC=CC=C2C,stilbene,Cc1ccccc1C=Cc1ccccc1N,Cc1ccccc1/C=C/c1ccccc1N,Cc1ccccc1/C=C\c1ccccc1N,True,True,True,ok,209.292,1.9014598465857908,0.5913385117285661,2.0,358.61505630497567,61.47830791204376,,,,0.32981485109082526,unified_conditional_rl,359.6752982880635,59.77843619986306,,,True,True,True,0.34844085085495863,PASS_STILBENE_STRUCTURAL_PROXY,,,,,280,MC-STILBENE-0780
781,C1=CC=CC=C1C=CC2=CC=CC=C2C3=NC=CC=C3C4=CC=CC=C4C,stilbene,Cc1ccccc1-c1cccnc1-c1ccccc1C=Cc1ccccc1,Cc1ccccc1-c1cccnc1-c1ccccc1/C=C/c1ccccc1,Cc1ccccc1-c1cccnc1-c1ccccc1/C=C\c1ccccc1,True,True,True,ok,347.46100000000007,2.053775769530329,0.3660762874244015,4.0,364.0697057842917,61.47830791204376,,,,0.31584801801300594,unified_conditional_rl,359.7094624046722,59.77843619986306,,,True,True,True,0.3483560641063201,PASS_STILBENE_STRUCTURAL_PROXY,,,,,281,MC-STILBENE-0781
782,C(=C)C1=CC=CC=C1C=CC2=CC=CC=C2C3=CC=CC=C3C=CC4=CC=CC=C4C5=CC=CC=C5C,stilbene,C=Cc1ccccc1C=Cc1ccccc1-c1ccccc1C=Cc1ccccc1-c1ccccc1C,C=Cc1ccccc1/C=C/c1ccccc1-c1ccccc1C=Cc1ccccc1-c1ccccc1C,C=Cc1ccccc1/C=C\c1ccccc1-c1ccccc1C=Cc1ccccc1-c1ccccc1C,True,True,True,ok,474.6470000000002,2.304162951320537,0.20580003343865014,7.0,363.7380726055421,61.47830791204376,,,,0.31685450132702975,unified_conditional_rl,359.71106376698845,59.77843619986306,,,True,True,True,0.3483520834860827,PASS_STILBENE_STRUCTURAL_PROXY,,,,,282,MC-STILBENE-0782
783,C=CC1=CC=CC=C1C=CC2=CC=CC=C2C=CC3=CC=CC=C3C4=CC=CC=C4C,stilbene,C=Cc1ccccc1C=Cc1ccccc1C=Cc1ccccc1-c1ccccc1C,C=Cc1ccccc1/C=C/c1ccccc1C=Cc1ccccc1-c1ccccc1C,C=Cc1ccccc1/C=C\c1ccccc1C=Cc1ccccc1-c1ccccc1C,True,True,True,ok,398.54900000000015,2.2951951187894295,0.2850542445149477,6.0,363.7380726055421,61.47830791204376,,,,0.31685450132702975,unified_conditional_rl,359.71106376698845,59.77843619986306,,,True,True,True,0.3483520834860827,PASS_STILBENE_STRUCTURAL_PROXY,,,,,283,MC-STILBENE-0783
784,OC1=CC=NC=C1C2=CC=CC=C2C=CC3=CC=CC=C3C=CC4=CC=CC=C4,stilbene,Oc1ccncc1-c1ccccc1C=Cc1ccccc1C=Cc1ccccc1,Oc1ccncc1-c1ccccc1/C=C/c1ccccc1C=Cc1ccccc1,Oc1ccncc1-c1ccccc1/C=C\c1ccccc1C=Cc1ccccc1,True,True,True,ok,375.4710000000001,2.417918052111565,0.38935041516690516,5.0,362.83613421606054,61.47830791204376,,,,0.31949577826622644,unified_conditional_rl,359.7240037792146,59.77843619986306,,,True,True,True,0.34831989642800487,PASS_STILBENE_STRUCTURAL_PROXY,,,,,284,MC-STILBENE-0784
785,COC1=CC=NC=C1C=CC2=CC=CC=C2C3=CC=CC=C3C=CC4=CC=CC=C4C=CC5=CC=CC=C5,stilbene,COc1ccncc1C=Cc1ccccc1-c1ccccc1C=Cc1ccccc1C=Cc1ccccc1,COc1ccncc1/C=C/c1ccccc1-c1ccccc1C=Cc1ccccc1C=Cc1ccccc1,COc1ccncc1/C=C\c1ccccc1-c1ccccc1C=Cc1ccccc1C=Cc1ccccc1,True,True,True,ok,491.6340000000002,2.6046974617596153,0.20180049576733036,8.0,364.6055992465201,61.47830791204376,,,,0.31418279768821095,unified_conditional_rl,359.730500472097,59.77843619986306,,,True,True,True,0.34830372232943946,PASS_STILBENE_STRUCTURAL_PROXY,,,,,285,MC-STILBENE-0785
786,CC1=CC=NC=C1C=CC2=CC=CC=C2C=CC3=CC=CC=C3C=CC4=CC=CC=C4CC5=CC=CC=C5C=CC6=CC=CC=C6,stilbene,Cc1ccncc1C=Cc1ccccc1C=Cc1ccccc1C=Cc1ccccc1Cc1ccccc1C=Cc1ccccc1,Cc1ccncc1/C=C/c1ccccc1C=Cc1ccccc1C=Cc1ccccc1Cc1ccccc1C=Cc1ccccc1,Cc1ccncc1/C=C\c1ccccc1C=Cc1ccccc1C=Cc1ccccc1Cc1ccccc1C=Cc1ccccc1,True,True,True,ok,591.7980000000002,2.807347286464566,0.1444264056771805,10.0,359.9516709308741,61.47830791204376,,,,0.3269318906818848,unified_conditional_rl,359.78639368190414,59.77843619986306,,,True,True,True,0.34816417974569264,PASS_STILBENE_STRUCTURAL_PROXY,,,,,286,MC-STILBENE-0786
787,C1=CC=CC=C1C=CC2=CC=NC=C2CC3=CC=CC=C3,stilbene,C(=Cc1ccncc1Cc1ccccc1)c1ccccc1,C(=C\c1ccncc1Cc1ccccc1)/c1ccccc1,C(=C/c1ccncc1Cc1ccccc1)/c1ccccc1,True,True,True,ok,271.363,1.9482568072453557,0.6611649491618584,4.0,364.76508782886566,61.47830791204376,,,,0.31367813070810047,unified_conditional_rl,359.7911503634521,59.77843619986306,,,True,True,True,0.3481522718952378,PASS_STILBENE_STRUCTURAL_PROXY,,,,,287,MC-STILBENE-0787
788,NC1=CC=CC=C1C2=CC=CC=C2C=CC3=CC=NC=C3,stilbene,Nc1ccccc1-c1ccccc1C=Cc1ccncc1,Nc1ccccc1-c1ccccc1/C=C/c1ccncc1,Nc1ccccc1-c1ccccc1/C=C\c1ccncc1,True,True,True,ok,272.351,2.073922032342841,0.7128110082580735,3.0,360.5392436731545,61.47830791204376,,,,0.32554829542829294,unified_conditional_rl,359.7953165872362,59.77843619986306,,,True,True,True,0.348141838028116,PASS_STILBENE_STRUCTURAL_PROXY,,,,,288,MC-STILBENE-0788
789,CC1=CC=CC=C1C=CC2=CC=CC=C2C=CC3=CC=CC=C3C=CC4=CC=CC=C4C5=CC=CC(Cl)=C5,stilbene,Cc1ccccc1C=Cc1ccccc1C=Cc1ccccc1C=Cc1ccccc1-c1cccc(Cl)c1,Cc1ccccc1/C=C/c1ccccc1C=Cc1ccccc1C=Cc1ccccc1-c1cccc(Cl)c1,Cc1ccccc1/C=C\c1ccccc1C=Cc1ccccc1C=Cc1ccccc1-c1cccc(Cl)c1,True,True,True,ok,509.0920000000002,2.4427511736299063,0.1916357072313489,7.0,365.8349110177662,61.47830791204376,,,,0.3101890959989181,unified_conditional_rl,359.80353853115815,59.77843619986306,,,True,True,True,0.3481212356285424,PASS_STILBENE_STRUCTURAL_PROXY,,,,,289,MC-STILBENE-0789
790,CC1=CC=CC=C1C=CC2=CC=NC=C2C=CC3=CC=CC=C3C=CC4=CC=CC=C4N,stilbene,Cc1ccccc1C=Cc1ccncc1C=Cc1ccccc1C=Cc1ccccc1N,Cc1ccccc1/C=C/c1ccncc1C=Cc1ccccc1C=Cc1ccccc1N,Cc1ccccc1/C=C\c1ccncc1C=Cc1ccccc1C=Cc1ccccc1N,True,True,True,ok,414.55200000000013,2.684260924065331,0.2622214280664322,6.0,363.93347616068166,61.47830791204376,,,,0.31626371696478117,unified_conditional_rl,359.8113376321012,59.77843619986306,,,True,True,True,0.3481016787879876,PASS_STILBENE_STRUCTURAL_PROXY,,,,,290,MC-STILBENE-0790
791,CC1=CC=CC=C1C=CC2=CC=CC=C2C=CC3=CC=CC=C3C=CC4=CC=CC=C4C=CC5=CC=NC=C5F,stilbene,Cc1ccccc1C=Cc1ccccc1C=Cc1ccccc1C=Cc1ccccc1C=Cc1ccncc1F,Cc1ccccc1/C=C/c1ccccc1C=Cc1ccccc1C=Cc1ccccc1C=Cc1ccncc1F,Cc1ccccc1/C=C\c1ccccc1C=Cc1ccccc1C=Cc1ccccc1C=Cc1ccncc1F,True,True,True,ok,519.6630000000002,2.692819693223237,0.18586248729933216,8.0,366.4514079372848,61.47830791204376,,,,0.3080996500648866,unified_conditional_rl,359.81186755596417,59.77843619986306,,,True,True,True,0.3481003494692853,PASS_STILBENE_STRUCTURAL_PROXY,,,,,291,MC-STILBENE-0791
792,C1N=NCC=C1C=CC2=CC=CC=C2C=CC3=CC=CC=C3C,stilbene,Cc1ccccc1C=Cc1ccccc1C=CC1=CCN=NC1,Cc1ccccc1/C=C/c1ccccc1C=CC1=CCN=NC1,Cc1ccccc1/C=C\c1ccccc1C=CC1=CCN=NC1,True,True,True,ok,300.4050000000001,3.102479139489671,0.6593339578894463,4.0,366.35768603712205,61.47830791204376,,,,0.30527634826509004,unified_conditional_rl,358.37072366793853,59.77843619986306,,,True,True,True,0.3478950632131047,PASS_STILBENE_STRUCTURAL_PROXY,,,,,292,MC-STILBENE-0792
793,COC1=CC=CC=C1C=CC2=CC=CC=C2,stilbene,COc1ccccc1C=Cc1ccccc1,COc1ccccc1/C=C/c1ccccc1,COc1ccccc1/C=C\c1ccccc1,True,True,True,ok,210.276,1.5339010121732102,0.6987324020473095,3.0,365.074953080521,61.47830791204376,,,,0.31268596608383337,unified_conditional_rl,359.9006926522984,59.77843619986306,,,True,True,True,0.34787664343508784,PASS_STILBENE_STRUCTURAL_PROXY,,,,,293,MC-STILBENE-0793
794,COC1=CC=CC=C1C=CC2=CC=CC=C2C=CC3=CC=CC=C3,stilbene,COc1ccccc1C=Cc1ccccc1C=Cc1ccccc1,COc1ccccc1/C=C/c1ccccc1C=Cc1ccccc1,COc1ccccc1/C=C\c1ccccc1C=Cc1ccccc1,True,True,True,ok,312.41200000000003,1.9701721322673755,0.5221215269293586,5.0,365.074953080521,61.47830791204376,,,,0.31268596608383337,unified_conditional_rl,359.9006926522984,59.77843619986306,,,True,True,True,0.34787664343508784,PASS_STILBENE_STRUCTURAL_PROXY,,,,,294,MC-STILBENE-0794
795,COC1=CC=CC=C1C=CC2=CC=CC=C2C=CC3=CC=CC=C3C=CC4=CC=CC=C4,stilbene,COc1ccccc1C=Cc1ccccc1C=Cc1ccccc1C=Cc1ccccc1,COc1ccccc1/C=C/c1ccccc1C=Cc1ccccc1C=Cc1ccccc1,COc1ccccc1/C=C\c1ccccc1C=Cc1ccccc1C=Cc1ccccc1,True,True,True,ok,414.5480000000001,2.146999664151844,0.27687833279251217,7.0,365.074953080521,61.47830791204376,,,,0.31268596608383337,unified_conditional_rl,359.9006926522984,59.77843619986306,,,True,True,True,0.34787664343508784,PASS_STILBENE_STRUCTURAL_PROXY,,,,,295,MC-STILBENE-0795
796,COC1=CC=CC=C1C=CC2=CC=CC=C2C=CC3=CC=CC=C3C=CC4=CC=CC=C4C=CC5=CC=CC=C5,stilbene,COc1ccccc1C=Cc1ccccc1C=Cc1ccccc1C=Cc1ccccc1C=Cc1ccccc1,COc1ccccc1/C=C/c1ccccc1C=Cc1ccccc1C=Cc1ccccc1C=Cc1ccccc1,COc1ccccc1/C=C\c1ccccc1C=Cc1ccccc1C=Cc1ccccc1C=Cc1ccccc1,True,True,True,ok,516.6840000000002,2.3119966880382066,0.1770748077836168,9.0,365.074953080521,61.47830791204376,,,,0.31268596608383337,unified_conditional_rl,359.9006926522984,59.77843619986306,,,True,True,True,0.34787664343508784,PASS_STILBENE_STRUCTURAL_PROXY,,,,,296,MC-STILBENE-0796
797,COC1=CC=CC=C1C=CC2=CC=CC=C2C=CC3=CC=CC=C3C=CC4=CC=CC=C4C=CC5=CC=CC=C5C=CC6=CC=CC=C6,stilbene,COc1ccccc1C=Cc1ccccc1C=Cc1ccccc1C=Cc1ccccc1C=Cc1ccccc1C=Cc1ccccc1,COc1ccccc1/C=C/c1ccccc1C=Cc1ccccc1C=Cc1ccccc1C=Cc1ccccc1C=Cc1ccccc1,COc1ccccc1/C=C\c1ccccc1C=Cc1ccccc1C=Cc1ccccc1C=Cc1ccccc1C=Cc1ccccc1,True,True,True,ok,618.8200000000002,2.4955404841692044,0.13128735513019157,11.0,365.074953080521,61.47830791204376,,,,0.31268596608383337,unified_conditional_rl,359.9006926522984,59.77843619986306,,,True,True,True,0.34787664343508784,PASS_STILBENE_STRUCTURAL_PROXY,,,,,297,MC-STILBENE-0797
798,CC=CC1=CC=CC=C1C=CC2=CC=CC=C2C=CC3=CC=CN=C3C,stilbene,CC=Cc1ccccc1C=Cc1ccccc1C=Cc1cccnc1C,CC=Cc1ccccc1/C=C/c1ccccc1C=Cc1cccnc1C,CC=Cc1ccccc1/C=C\c1ccccc1C=Cc1cccnc1C,True,True,True,ok,337.46600000000007,2.620102161528438,0.4684326360295519,5.0,367.9395323416716,61.47830791204376,,,,0.30283543366739574,unified_conditional_rl,359.9622685422067,59.77843619986306,,,True,True,True,0.34772053112949747,PASS_STILBENE_STRUCTURAL_PROXY,,,,,298,MC-STILBENE-0798
799,CC1=CC=CC=C1C=CC2=CC=CC=C2C=CC3=CC=CC=C3NC4=CC=CC=C4C=CC5=CC=CC=C5,stilbene,Cc1ccccc1C=Cc1ccccc1C=Cc1ccccc1Nc1ccccc1C=Cc1ccccc1,Cc1ccccc1/C=C/c1ccccc1C=Cc1ccccc1Nc1ccccc1C=Cc1ccccc1,Cc1ccccc1/C=C\c1ccccc1C=Cc1ccccc1Nc1ccccc1C=Cc1ccccc1,True,True,True,ok,489.66200000000015,2.3457449081084096,0.2137753307448576,8.0,360.0245839824449,61.47830791204376,,,,0.3267639889819348,unified_conditional_rl,359.9986930108203,59.77843619986306,,,True,True,True,0.34762778750246753,PASS_STILBENE_STRUCTURAL_PROXY,,,,,299,MC-STILBENE-0799
800,CC1=CC=CC=C1C=CC2=CC=CC=C2NC3=CC=CC=C3C=CC4=CC=CC=C4,stilbene,Cc1ccccc1C=Cc1ccccc1Nc1ccccc1C=Cc1ccccc1,Cc1ccccc1/C=C/c1ccccc1Nc1ccccc1C=Cc1ccccc1,Cc1ccccc1/C=C\c1ccccc1Nc1ccccc1C=Cc1ccccc1,True,True,True,ok,387.5260000000001,2.1540561502308044,0.3297057185697737,6.0,360.0245839824449,61.47830791204376,,,,0.3267639889819348,unified_conditional_rl,359.9986930108203,59.77843619986306,,,True,True,True,0.34762778750246753,PASS_STILBENE_STRUCTURAL_PROXY,,,,,300,MC-STILBENE-0800
801,CC1=CC=CC=C1C=CC2=CC=CC=C2NC3=CC=CC=C3C=CC4=CC=CC=C4C=CC5=CC=CC=C5,stilbene,Cc1ccccc1C=Cc1ccccc1Nc1ccccc1C=Cc1ccccc1C=Cc1ccccc1,Cc1ccccc1/C=C/c1ccccc1Nc1ccccc1C=Cc1ccccc1C=Cc1ccccc1,Cc1ccccc1/C=C\c1ccccc1Nc1ccccc1C=Cc1ccccc1C=Cc1ccccc1,True,True,True,ok,489.6620000000002,2.3457449081084096,0.2137753307448576,8.0,360.0245839824449,61.47830791204376,,,,0.3267639889819348,unified_conditional_rl,359.9986930108203,59.77843619986306,,,True,True,True,0.34762778750246753,PASS_STILBENE_STRUCTURAL_PROXY,,,,,301,MC-STILBENE-0801
802,OC=CC1=CC=CC=C1C=CC2=CC=NC=C2C=CC3=CC=CC=C3C=CC4=CC=CC=C4,stilbene,OC=Cc1ccccc1C=Cc1ccncc1C=Cc1ccccc1C=Cc1ccccc1,OC=Cc1ccccc1/C=C/c1ccncc1C=Cc1ccccc1C=Cc1ccccc1,OC=Cc1ccccc1/C=C\c1ccncc1C=Cc1ccccc1C=Cc1ccccc1,True,True,True,ok,427.54700000000014,2.7793723023938703,0.23853593661512232,7.0,366.9332030867716,61.47830791204376,,,,0.30642854723696916,unified_conditional_rl,360.01863263096556,59.77843619986306,,,True,True,True,0.3475768925550444,PASS_STILBENE_STRUCTURAL_PROXY,,,,,302,MC-STILBENE-0802
803,NC1=CC=CC=C1C=CC2=CC=CC=C2C=CC3=CC=CC=C3C4=CC=CC=C4C=NC5=CC=CC=C5,stilbene,Nc1ccccc1C=Cc1ccccc1C=Cc1ccccc1-c1ccccc1C=Nc1ccccc1,Nc1ccccc1/C=C/c1ccccc1C=Cc1ccccc1-c1ccccc1C=Nc1ccccc1,Nc1ccccc1/C=C\c1ccccc1C=Cc1ccccc1-c1ccccc1C=Nc1ccccc1,True,True,True,ok,476.62300000000016,2.5135745662438325,0.14199011334804862,7.0,362.6651509235697,61.47830791204376,,,,0.31998025489827375,unified_conditional_rl,360.0731528192776,59.77843619986306,,,True,True,True,0.3474372819408384,PASS_STILBENE_STRUCTURAL_PROXY,,,,,303,MC-STILBENE-0803
804,CC=NC1=CC=NC=C1C=CC2=CC=CC=C2,stilbene,CC=Nc1ccncc1C=Cc1ccccc1,CC=Nc1ccncc1/C=C/c1ccccc1,CC=Nc1ccncc1/C=C\c1ccccc1,True,True,True,ok,222.29100000000003,2.630937351071326,0.7210882727683795,3.0,366.8358495896705,61.47830791204376,,,,0.30676885425067535,unified_conditional_rl,360.1080099388012,59.77843619986306,,,True,True,True,0.34734767771399144,PASS_STILBENE_STRUCTURAL_PROXY,,,,,304,MC-STILBENE-0804
805,C1=CC=CC=C1C=CC2=CC=CC=C2C3=CC=CC=C3C=CC4=CC=CC=C4,stilbene,C(=Cc1ccccc1-c1ccccc1C=Cc1ccccc1)c1ccccc1,C(=Cc1ccccc1-c1ccccc1/C=C/c1ccccc1)c1ccccc1,C(=Cc1ccccc1-c1ccccc1/C=C\c1ccccc1)c1ccccc1,True,True,True,ok,358.48400000000004,1.7543632759423105,0.32067885566499205,5.0,357.42960650962704,61.47830791204376,,,,0.33205316347516894,unified_conditional_rl,360.2051311216896,59.77843619986306,,,True,True,True,0.3470966004028764,PASS_STILBENE_STRUCTURAL_PROXY,,,,,305,MC-STILBENE-0805
806,C1=CC=CC=C1C=CC2=CC=CC=C2C3=CC=CC=C3C=CC4=CC=CC=C4C5=CC=CC=C5C=CC6=CC=CC=C6,stilbene,C(=Cc1ccccc1-c1ccccc1C=Cc1ccccc1-c1ccccc1C=Cc1ccccc1)c1ccccc1,C(=Cc1ccccc1-c1ccccc1C=Cc1ccccc1-c1ccccc1/C=C/c1ccccc1)c1ccccc1,C(=Cc1ccccc1-c1ccccc1C=Cc1ccccc1-c1ccccc1/C=C\c1ccccc1)c1ccccc1,True,True,True,ok,536.7180000000002,2.004054051172833,0.16971356138497487,8.0,357.42960650962704,61.47830791204376,,,,0.33205316347516894,unified_conditional_rl,360.2051311216896,59.77843619986306,,,True,True,True,0.3470966004028764,PASS_STILBENE_STRUCTURAL_PROXY,,,,,306,MC-STILBENE-0806
807,C1=CC=CC=C1C=CC2=CC=CC=C2C=CC3=CC=CC=C3C4=CC=CC=C4C=CC5=CC=CC=C5,stilbene,C(=Cc1ccccc1C=Cc1ccccc1-c1ccccc1C=Cc1ccccc1)c1ccccc1,C(=Cc1ccccc1-c1ccccc1C=Cc1ccccc1/C=C/c1ccccc1)c1ccccc1,C(=Cc1ccccc1-c1ccccc1C=Cc1ccccc1/C=C\c1ccccc1)c1ccccc1,True,True,True,ok,460.6200000000001,1.9732868542746562,0.21198710287770273,7.0,357.42960650962704,61.47830791204376,,,,0.33205316347516894,unified_conditional_rl,360.2051311216896,59.77843619986306,,,True,True,True,0.3470966004028764,PASS_STILBENE_STRUCTURAL_PROXY,,,,,307,MC-STILBENE-0807
808,CC=CC1=CC=CC=C1C=CC2=CC=CC=C2C3=CC4=CC=CC=C4C=C3O,stilbene,CC=Cc1ccccc1C=Cc1ccccc1-c1cc2ccccc2cc1O,CC=Cc1ccccc1/C=C/c1ccccc1-c1cc2ccccc2cc1O,CC=Cc1ccccc1/C=C\c1ccccc1-c1cc2ccccc2cc1O,True,True,True,ok,362.4720000000001,2.3842604527302047,0.37456725550672215,4.0,369.7035398005792,61.47830791204376,,,,0.29622959447044656,unified_conditional_rl,360.2131542873212,59.77843619986306,,,True,True,True,0.3470757659279299,PASS_STILBENE_STRUCTURAL_PROXY,,,,,308,MC-STILBENE-0808
809,NNCC1=CC=CC=C1OCC2=CC=CC=C2C=CC3=CC=CC=C3,stilbene,NNCc1ccccc1OCc1ccccc1C=Cc1ccccc1,NNCc1ccccc1OCc1ccccc1/C=C/c1ccccc1,NNCc1ccccc1OCc1ccccc1/C=C\c1ccccc1,True,True,True,ok,330.431,2.1061755605009687,0.38337950755620887,7.0,362.1486644194697,61.47830791204376,,,,0.3214114125751036,unified_conditional_rl,360.2203993939283,59.77843619986306,,,True,True,True,0.3470569397308065,PASS_STILBENE_STRUCTURAL_PROXY,,,,,309,MC-STILBENE-0809
810,CC=CC1=CC=CC=C1C=CC2=CC=CC=C2C=CC3=CC=CC=C3C4=CC=CC=C4O,stilbene,CC=Cc1ccccc1C=Cc1ccccc1C=Cc1ccccc1-c1ccccc1O,CC=Cc1ccccc1/C=C/c1ccccc1C=Cc1ccccc1-c1ccccc1O,CC=Cc1ccccc1/C=C\c1ccccc1C=Cc1ccccc1-c1ccccc1O,True,True,True,ok,414.5480000000001,2.3954249972221273,0.31386308469220336,6.0,367.0840905827959,61.47830791204376,,,,0.3058985093270219,unified_conditional_rl,360.2259115347421,59.77843619986306,,,True,True,True,0.3470426088554449,PASS_STILBENE_STRUCTURAL_PROXY,,,,,310,MC-STILBENE-0810
811,NC1=CC=CC=C1C2=CC=CC=C2C=CC3=CC=CC=C3,stilbene,Nc1ccccc1-c1ccccc1C=Cc1ccccc1,Nc1ccccc1-c1ccccc1/C=C/c1ccccc1,Nc1ccccc1-c1ccccc1/C=C\c1ccccc1,True,True,True,ok,271.363,1.8429123549234845,0.5198579745053197,3.0,357.89652215242086,61.47830791204376,,,,0.3312080859297827,unified_conditional_rl,360.2485888896775,59.77843619986306,,,True,True,True,0.3469835802558701,PASS_STILBENE_STRUCTURAL_PROXY,,,,,311,MC-STILBENE-0811
812,NC1=CC=CC=C1C2=CC=CC=C2C=CC3=CC=CC=C3C4=CC=CC=C4C=CC5=CC=CC=C5,stilbene,Nc1ccccc1-c1ccccc1C=Cc1ccccc1-c1ccccc1C=Cc1ccccc1,Nc1ccccc1-c1ccccc1/C=C/c1ccccc1-c1ccccc1C=Cc1ccccc1,Nc1ccccc1-c1ccccc1/C=C\c1ccccc1-c1ccccc1C=Cc1ccccc1,True,True,True,ok,449.59700000000015,2.125526626785293,0.20312553254430796,6.0,357.89652215242086,61.47830791204376,,,,0.3312080859297827,unified_conditional_rl,360.2485888896775,59.77843619986306,,,True,True,True,0.3469835802558701,PASS_STILBENE_STRUCTURAL_PROXY,,,,,312,MC-STILBENE-0812
813,NC1=CC=CC=C1C2=CC=CC=C2C=CC3=CC=CC=C3C=CC4=CC=CC=C4,stilbene,Nc1ccccc1-c1ccccc1C=Cc1ccccc1C=Cc1ccccc1,Nc1ccccc1-c1ccccc1/C=C/c1ccccc1C=Cc1ccccc1,Nc1ccccc1-c1ccccc1/C=C\c1ccccc1C=Cc1ccccc1,True,True,True,ok,373.4990000000001,2.1310680950624565,0.288644260557511,5.0,357.89652215242086,61.47830791204376,,,,0.3312080859297827,unified_conditional_rl,360.2485888896775,59.77843619986306,,,True,True,True,0.3469835802558701,PASS_STILBENE_STRUCTURAL_PROXY,,,,,313,MC-STILBENE-0813
814,NC1=CC=CC=C1C2=CC=CC=C2C=CC3=CC=CC=C3C=CC4=CC=CC=C4C=CC5=CC=CC=C5,stilbene,Nc1ccccc1-c1ccccc1C=Cc1ccccc1C=Cc1ccccc1C=Cc1ccccc1,Nc1ccccc1-c1ccccc1/C=C/c1ccccc1C=Cc1ccccc1C=Cc1ccccc1,Nc1ccccc1-c1ccccc1/C=C\c1ccccc1C=Cc1ccccc1C=Cc1ccccc1,True,True,True,ok,475.63500000000016,2.2861277412095458,0.1840405422752696,7.0,357.89652215242086,61.47830791204376,,,,0.3312080859297827,unified_conditional_rl,360.2485888896775,59.77843619986306,,,True,True,True,0.3469835802558701,PASS_STILBENE_STRUCTURAL_PROXY,,,,,314,MC-STILBENE-0814
815,CC1=CC=NC=C1C=CC2=CC=CC=C2C=CC3=CC=CC=C3C=CC4=CC=CC=C4C5=CC=CC=C5,stilbene,Cc1ccncc1C=Cc1ccccc1C=Cc1ccccc1C=Cc1ccccc1-c1ccccc1,Cc1ccncc1/C=C/c1ccccc1C=Cc1ccccc1C=Cc1ccccc1-c1ccccc1,Cc1ccncc1/C=C\c1ccccc1C=Cc1ccccc1C=Cc1ccccc1-c1ccccc1,True,True,True,ok,475.63500000000016,2.525416532209869,0.21354806144341856,7.0,363.9157358247219,61.47830791204376,,,,0.316317620583715,unified_conditional_rl,360.2765012329516,59.77843619986306,,,True,True,True,0.34691076990701725,PASS_STILBENE_STRUCTURAL_PROXY,,,,,315,MC-STILBENE-0815
816,CC1=CC=CC=C1C2=CC=CC=C2C=CC3=CC=CC=C3C=CC4=CC=CC=C4C=CC5=CC=CC=C5F,stilbene,Cc1ccccc1-c1ccccc1C=Cc1ccccc1C=Cc1ccccc1C=Cc1ccccc1F,Cc1ccccc1-c1ccccc1/C=C/c1ccccc1C=Cc1ccccc1C=Cc1ccccc1F,Cc1ccccc1-c1ccccc1/C=C\c1ccccc1C=Cc1ccccc1C=Cc1ccccc1F,True,True,True,ok,492.63700000000017,2.3210490932111156,0.1982479572577684,7.0,360.9377931883553,61.47830791204376,,,,0.3245705730892122,unified_conditional_rl,360.3502366057966,59.77843619986306,,,True,True,True,0.3467176062257237,PASS_STILBENE_STRUCTURAL_PROXY,,,,,316,MC-STILBENE-0816
817,CC1=CC=CC=C1C2=CC=CC=C2C=CC3=CC=CC=C3F,stilbene,Cc1ccccc1-c1ccccc1C=Cc1ccccc1F,Cc1ccccc1-c1ccccc1/C=C/c1ccccc1F,Cc1ccccc1-c1ccccc1/C=C\c1ccccc1F,True,True,True,ok,288.365,1.8686512418021426,0.5206284489647796,3.0,360.9377931883553,61.47830791204376,,,,0.3245705730892122,unified_conditional_rl,360.3502366057966,59.77843619986306,,,True,True,True,0.3467176062257237,PASS_STILBENE_STRUCTURAL_PROXY,,,,,317,MC-STILBENE-0817
818,C1CC=C1C=CC2=CC=CC=C2C=CC3=CC=CC=C3C=CC4=CC=CC=C4N,stilbene,Nc1ccccc1C=Cc1ccccc1C=Cc1ccccc1C=CC1=CCC1,Nc1ccccc1/C=C/c1ccccc1C=Cc1ccccc1C=CC1=CCC1,Nc1ccccc1/C=C\c1ccccc1C=Cc1ccccc1C=CC1=CCC1,True,True,True,ok,375.51500000000016,2.652293827988901,0.3537589244015931,6.0,367.51520320130686,61.47830791204376,,,,0.304366984011564,unified_conditional_rl,360.4205663628693,59.77843619986306,,,True,True,True,0.34653225531770326,PASS_STILBENE_STRUCTURAL_PROXY,,,,,318,MC-STILBENE-0818
819,C1CC=CN=C1C=CC2=CC=CC=C2C=CC3=CC=CC=C3N,stilbene,Nc1ccccc1C=Cc1ccccc1C=CC1=NC=CCC1,Nc1ccccc1/C=C/c1ccccc1C=CC1=NC=CCC1,Nc1ccccc1/C=C\c1ccccc1C=CC1=NC=CCC1,True,True,True,ok,300.4050000000001,2.9657361530643325,0.6113125112096796,4.0,367.5591936532995,61.47830791204376,,,,0.30420930540982805,unified_conditional_rl,360.46488511130724,59.77843619986306,,,True,True,True,0.3464149006873436,PASS_STILBENE_STRUCTURAL_PROXY,,,,,319,MC-STILBENE-0819
820,CC1=CC=CC=C1C2=CC=CC=C2C=CC3=CC=CC=C3C=CC4=NC=CC=C4,stilbene,Cc1ccccc1-c1ccccc1C=Cc1ccccc1C=Cc1ccccn1,Cc1ccccc1-c1ccccc1/C=C/c1ccccc1C=Cc1ccccn1,Cc1ccccc1-c1ccccc1/C=C\c1ccccc1C=Cc1ccccn1,True,True,True,ok,373.4990000000001,2.2962151898575414,0.3321457660205419,5.0,360.26064168872,61.47830791204376,,,,0.32621300777467943,unified_conditional_rl,360.52689787519415,59.77843619986306,,,True,True,True,0.3462499750484647,PASS_STILBENE_STRUCTURAL_PROXY,,,,,320,MC-STILBENE-0820
821,CC1=CC=CC=C1C=CC2=CC=CC=C2C=CC3=CC=CC=C3C4=CC=CC=C4OC5=CC=CC=C5C6=CC=NC=C6,stilbene,Cc1ccccc1C=Cc1ccccc1C=Cc1ccccc1-c1ccccc1Oc1ccccc1-c1ccncc1,Cc1ccccc1/C=C/c1ccccc1C=Cc1ccccc1-c1ccccc1Oc1ccccc1-c1ccncc1,Cc1ccccc1/C=C\c1ccccc1C=Cc1ccccc1-c1ccccc1Oc1ccccc1-c1ccncc1,True,True,True,ok,541.6940000000002,2.5185459545695412,0.1788132947777271,8.0,369.49953806746936,61.47830791204376,,,,0.2970121324437479,unified_conditional_rl,360.5504897190574,59.77843619986306,,,True,True,True,0.3461870120823527,PASS_STILBENE_STRUCTURAL_PROXY,,,,,321,MC-STILBENE-0821
822,CC=CC1=CC=C(C=C1C=CC2=CC=CC=C2)C=CC3=CC=CC=C3,stilbene,CC=Cc1ccc(C=Cc2ccccc2)cc1C=Cc1ccccc1,CC=Cc1ccc(/C=C/c2ccccc2)cc1C=Cc1ccccc1,CC=Cc1ccc(/C=C\c2ccccc2)cc1C=Cc1ccccc1,True,True,True,ok,322.451,2.241901548026954,0.44097690758856184,5.0,366.0263051683824,61.47830791204376,,,,0.3095464165362526,unified_conditional_rl,360.5825123677155,59.77843619986306,,,True,True,True,0.3461013554413036,PASS_STILBENE_STRUCTURAL_PROXY,,,,,322,MC-STILBENE-0822
823,C1CC=CN=C1C=CC2=CC=CC=C2C=CC3=CC=CC=C3,stilbene,C1=CN=C(C=Cc2ccccc2C=Cc2ccccc2)CC1,C1=CN=C(C=Cc2ccccc2/C=C/c2ccccc2)CC1,C1=CN=C(C=Cc2ccccc2/C=C\c2ccccc2)CC1,True,True,True,ok,285.3900000000001,2.754100979564379,0.646536939042282,4.0,365.125547043245,61.47830791204376,,,,0.3125225212371836,unified_conditional_rl,360.5853206489176,59.77843619986306,,,True,True,True,0.3460938330347161,PASS_STILBENE_STRUCTURAL_PROXY,,,,,323,MC-STILBENE-0823
824,C1CC=CN=C1C=CC2=CC=CC=C2C=CC3=CC=CC=C3C=CC4=CC=CC=C4,stilbene,C1=CN=C(C=Cc2ccccc2C=Cc2ccccc2C=Cc2ccccc2)CC1,C1=CN=C(C=Cc2ccccc2/C=C/c2ccccc2C=Cc2ccccc2)CC1,C1=CN=C(C=Cc2ccccc2/C=C\c2ccccc2C=Cc2ccccc2)CC1,True,True,True,ok,387.5260000000002,2.879003263507421,0.38276654368548385,6.0,365.125547043245,61.47830791204376,,,,0.3125225212371836,unified_conditional_rl,360.5853206489176,59.77843619986306,,,True,True,True,0.3460938330347161,PASS_STILBENE_STRUCTURAL_PROXY,,,,,324,MC-STILBENE-0824
825,C1CC=CN=C1C=CC2=CC=CC=C2C=CC3=CC=CC=C3C=CC4=CC=CC=C4C=CC5=CC=CC=C5,stilbene,C1=CN=C(C=Cc2ccccc2C=Cc2ccccc2C=Cc2ccccc2C=Cc2ccccc2)CC1,C1=CN=C(C=Cc2ccccc2/C=C/c2ccccc2C=Cc2ccccc2C=Cc2ccccc2)CC1,C1=CN=C(C=Cc2ccccc2/C=C\c2ccccc2C=Cc2ccccc2C=Cc2ccccc2)CC1,True,True,True,ok,489.66200000000026,2.925851669938435,0.2183621630209148,8.0,365.125547043245,61.47830791204376,,,,0.3125225212371836,unified_conditional_rl,360.5853206489176,59.77843619986306,,,True,True,True,0.3460938330347161,PASS_STILBENE_STRUCTURAL_PROXY,,,,,325,MC-STILBENE-0825
826,C1=CC=CC=C1C=CC2=CC=CC=C2C=CC3=CC=CC=C3NC4=CC=CC=C4C=CC5=CC=CC=C5,stilbene,C(=Cc1ccccc1C=Cc1ccccc1Nc1ccccc1C=Cc1ccccc1)c1ccccc1,C(=Cc1ccccc1Nc1ccccc1C=Cc1ccccc1/C=C/c1ccccc1)c1ccccc1,C(=Cc1ccccc1Nc1ccccc1C=Cc1ccccc1/C=C\c1ccccc1)c1ccccc1,True,True,True,ok,475.6350000000001,2.115634177455206,0.2201676944855422,8.0,360.65728660311134,61.47830791204376,,,,0.32526198629341674,unified_conditional_rl,360.6226357646944,59.77843619986306,,,True,True,True,0.3459937167655356,PASS_STILBENE_STRUCTURAL_PROXY,,,,,326,MC-STILBENE-0826
827,N=CC1=CC=CC=C1C=CC2=CC=CC=C2C3=CC=CC=C3C=CC4=CC=CC=C4C5=CC=CC=C5C,stilbene,Cc1ccccc1-c1ccccc1C=Cc1ccccc1-c1ccccc1C=Cc1ccccc1C=N,Cc1ccccc1-c1ccccc1/C=C/c1ccccc1-c1ccccc1C=Cc1ccccc1C=N,Cc1ccccc1-c1ccccc1/C=C\c1ccccc1-c1ccccc1C=Cc1ccccc1C=N,True,True,True,ok,475.63500000000016,2.409900565999436,0.1788958328828753,7.0,367.5189903421355,61.47830791204376,,,,0.30435341955486694,unified_conditional_rl,360.64015269328576,59.77843619986306,,,True,True,True,0.3459466150459451,PASS_STILBENE_STRUCTURAL_PROXY,,,,,327,MC-STILBENE-0827
828,N=CC1=CC=CC=C1C=CC2=CC=CC=C2C=CC3=CC=CC=C3C=CC4=CC=CC=C4C5=CC=CC=C5C,stilbene,Cc1ccccc1-c1ccccc1C=Cc1ccccc1C=Cc1ccccc1C=Cc1ccccc1C=N,Cc1ccccc1-c1ccccc1/C=C/c1ccccc1C=Cc1ccccc1C=Cc1ccccc1C=N,Cc1ccccc1-c1ccccc1/C=C\c1ccccc1C=Cc1ccccc1C=Cc1ccccc1C=N,True,True,True,ok,501.6730000000002,2.5293757245726205,0.16149964493559751,8.0,367.5189903421355,61.47830791204376,,,,0.30435341955486694,unified_conditional_rl,360.64015269328576,59.77843619986306,,,True,True,True,0.3459466150459451,PASS_STILBENE_STRUCTURAL_PROXY,,,,,328,MC-STILBENE-0828
829,N=CC1=CC=CC=C1C=CC2=CC=CC=C2C=CC3=CC=CC=C3C4=CC=CC=C4C,stilbene,Cc1ccccc1-c1ccccc1C=Cc1ccccc1C=Cc1ccccc1C=N,Cc1ccccc1-c1ccccc1/C=C/c1ccccc1C=Cc1ccccc1C=N,Cc1ccccc1-c1ccccc1/C=C\c1ccccc1C=Cc1ccccc1C=N,True,True,True,ok,399.5370000000001,2.421847866042178,0.25077609671175394,6.0,367.5189903421355,61.47830791204376,,,,0.30435341955486694,unified_conditional_rl,360.64015269328576,59.77843619986306,,,True,True,True,0.3459466150459451,PASS_STILBENE_STRUCTURAL_PROXY,,,,,329,MC-STILBENE-0829
830,COC=CC1=CC=NC=C1C=CC2=CC=CC=C2C=CC3=CC=CC=C3C4=CC=CC=C4C,stilbene,COC=Cc1ccncc1C=Cc1ccccc1C=Cc1ccccc1-c1ccccc1C,COC=Cc1ccncc1/C=C/c1ccccc1C=Cc1ccccc1-c1ccccc1C,COC=Cc1ccncc1/C=C\c1ccccc1C=Cc1ccccc1-c1ccccc1C,True,True,True,ok,429.56300000000016,2.759783313439357,0.21915145225630855,7.0,362.0788194341183,61.47830791204376,,,,0.3216011783370844,unified_conditional_rl,360.72538730425987,59.77843619986306,,,True,True,True,0.3457164802172312,PASS_STILBENE_STRUCTURAL_PROXY,,,,,330,MC-STILBENE-0830
831,CC1=NC=CC=C1C=CC2=CC=CC=C2C=CC3=CC=CC=C3C=CC4=CC=CC=C4C=CC5=CC=CC=C5C,stilbene,Cc1ccccc1C=Cc1ccccc1C=Cc1ccccc1C=Cc1ccccc1C=Cc1cccnc1C,Cc1ccccc1/C=C/c1ccccc1C=Cc1ccccc1C=Cc1ccccc1C=Cc1cccnc1C,Cc1ccccc1/C=C\c1ccccc1C=Cc1ccccc1C=Cc1ccccc1C=Cc1cccnc1C,True,True,True,ok,515.7000000000002,2.566661873179955,0.18731505724496367,8.0,366.3009261466944,61.47830791204376,,,,0.3086148035902012,unified_conditional_rl,360.7846055879692,59.77843619986306,,,True,True,True,0.34555566883748884,PASS_STILBENE_STRUCTURAL_PROXY,,,,,331,MC-STILBENE-0831
832,CC1=NC=CC=C1C=CC2=CC=CC=C2C=CC3=CC=CC=C3C=CC4=CC=CC=C4C,stilbene,Cc1ccccc1C=Cc1ccccc1C=Cc1ccccc1C=Cc1cccnc1C,Cc1ccccc1/C=C/c1ccccc1C=Cc1ccccc1C=Cc1cccnc1C,Cc1ccccc1/C=C\c1ccccc1C=Cc1ccccc1C=Cc1cccnc1C,True,True,True,ok,413.56400000000014,2.459083426027366,0.2902142171611277,6.0,366.3009261466944,61.47830791204376,,,,0.3086148035902012,unified_conditional_rl,360.7846055879692,59.77843619986306,,,True,True,True,0.34555566883748884,PASS_STILBENE_STRUCTURAL_PROXY,,,,,332,MC-STILBENE-0832
833,CC1=NC=CC=C1C=CC2=CC=CC=C2C=CC3=CC=CC=C3C,stilbene,Cc1ccccc1C=Cc1ccccc1C=Cc1cccnc1C,Cc1ccccc1/C=C/c1ccccc1C=Cc1cccnc1C,Cc1ccccc1/C=C\c1ccccc1C=Cc1cccnc1C,True,True,True,ok,311.42800000000005,2.351286430363645,0.5352626308084694,4.0,366.3009261466944,61.47830791204376,,,,0.3086148035902012,unified_conditional_rl,360.7846055879692,59.77843619986306,,,True,True,True,0.34555566883748884,PASS_STILBENE_STRUCTURAL_PROXY,,,,,333,MC-STILBENE-0833
834,CC1=NC=CC=C1C=CC2=CC=CC=C2C=CC3=CC=CC=C3C4=CC=CC=C4C=CC5=CC=CC=C5C=CC6=CC=CC=C6,stilbene,Cc1ncccc1C=Cc1ccccc1C=Cc1ccccc1-c1ccccc1C=Cc1ccccc1C=Cc1ccccc1,Cc1ncccc1/C=C/c1ccccc1C=Cc1ccccc1-c1ccccc1C=Cc1ccccc1C=Cc1ccccc1,Cc1ncccc1/C=C\c1ccccc1C=Cc1ccccc1-c1ccccc1C=Cc1ccccc1C=Cc1ccccc1,True,True,True,ok,577.7710000000002,2.66182680664863,0.15577270923786954,9.0,367.73700691929463,61.47830791204376,,,,0.3035693522428838,unified_conditional_rl,360.79008325951844,59.77843619986306,,,True,True,True,0.3455407557674789,PASS_STILBENE_STRUCTURAL_PROXY,,,,,334,MC-STILBENE-0834
835,CC1=NC=CC=C1C2=CC=CC=C2C=CC3=CC=CC=C3C=CC4=CC=CC=C4C=CC5=CC=CC=C5,stilbene,Cc1ncccc1-c1ccccc1C=Cc1ccccc1C=Cc1ccccc1C=Cc1ccccc1,Cc1ncccc1-c1ccccc1/C=C/c1ccccc1C=Cc1ccccc1C=Cc1ccccc1,Cc1ncccc1-c1ccccc1/C=C\c1ccccc1C=Cc1ccccc1C=Cc1ccccc1,True,True,True,ok,475.63500000000016,2.4680106501599166,0.21354806144341856,7.0,366.1730373794683,61.47830791204376,,,,0.30905002563477557,unified_conditional_rl,360.80776570443777,59.77843619986306,,,True,True,True,0.34549257101866937,PASS_STILBENE_STRUCTURAL_PROXY,,,,,335,MC-STILBENE-0835
836,C1C=NCC=C1C=CC2=CC=CC=C2C=CC3=CC=CC=C3,stilbene,C(=Cc1ccccc1C=Cc1ccccc1)C1=CCN=CC1,C(=Cc1ccccc1/C=C/c1ccccc1)C1=CCN=CC1,C(=Cc1ccccc1/C=C\c1ccccc1)C1=CCN=CC1,True,True,True,ok,285.39,2.923422657886059,0.6784254096111566,4.0,367.48860711137723,61.47830791204376,,,,0.3044621898831365,unified_conditional_rl,360.8460597897453,59.77843619986306,,,True,True,True,0.34538798967137674,PASS_STILBENE_STRUCTURAL_PROXY,,,,,336,MC-STILBENE-0836
837,CC(C)=CC1=CC=CC=C1C=CC2=CC=CC=C2C=CC3=CC=CC=C3C=CC4=CC=CC=C4C=NC5=CC=CC=C5,stilbene,CC(C)=Cc1ccccc1C=Cc1ccccc1C=Cc1ccccc1C=Cc1ccccc1C=Nc1ccccc1,CC(C)=Cc1ccccc1/C=C/c1ccccc1C=Cc1ccccc1C=Cc1ccccc1C=Nc1ccccc1,CC(C)=Cc1ccccc1/C=C\c1ccccc1C=Cc1ccccc1C=Cc1ccccc1C=Nc1ccccc1,True,True,True,ok,541.7380000000003,2.703741849702263,0.12995122613374654,9.0,364.3177971926086,61.47830791204376,,,,0.31508300125777355,unified_conditional_rl,360.8842243078034,59.77843619986306,,,True,True,True,0.3452834498295801,PASS_STILBENE_STRUCTURAL_PROXY,,,,,337,MC-STILBENE-0837
838,CC(C)=CC1=CC=CC=C1C=CC2=CC=CC=C2C=CC3=CC=CC=C3C=NC4=CC=CC=C4,stilbene,CC(C)=Cc1ccccc1C=Cc1ccccc1C=Cc1ccccc1C=Nc1ccccc1,CC(C)=Cc1ccccc1/C=C/c1ccccc1C=Cc1ccccc1C=Nc1ccccc1,CC(C)=Cc1ccccc1/C=C\c1ccccc1C=Cc1ccccc1C=Nc1ccccc1,True,True,True,ok,439.60200000000015,2.592247226910157,0.20094354426104494,7.0,364.3177971926086,61.47830791204376,,,,0.31508300125777355,unified_conditional_rl,360.8842243078034,59.77843619986306,,,True,True,True,0.3452834498295801,PASS_STILBENE_STRUCTURAL_PROXY,,,,,338,MC-STILBENE-0838
839,C1C=NCC=C1C=CC2=CC=CC=C2C=CC3=CC=CC=C3C=CC4=CC=CC=C4,stilbene,C(=Cc1ccccc1C=Cc1ccccc1C=Cc1ccccc1)C1=CCN=CC1,C(=Cc1ccccc1/C=C/c1ccccc1C=Cc1ccccc1)C1=CCN=CC1,C(=Cc1ccccc1/C=C\c1ccccc1C=Cc1ccccc1)C1=CCN=CC1,True,True,True,ok,387.5260000000001,3.0031724942766527,0.389692163517144,6.0,367.48860711137723,61.47830791204376,,,,0.3043656147476636,unified_conditional_rl,360.8460597897453,59.77843619986306,,,True,True,True,0.34527843290866,PASS_STILBENE_STRUCTURAL_PROXY,,,,,339,MC-STILBENE-0839
840,NC1=CC=CC=C1C=CC2=CC=CC=N2,stilbene,Nc1ccccc1C=Cc1ccccn1,Nc1ccccc1/C=C/c1ccccn1,Nc1ccccc1/C=C\c1ccccn1,True,True,True,ok,196.25300000000001,2.0891768250976224,0.7499520752086054,2.0,362.62736859745473,61.47830791204376,,,,0.3200865984500355,unified_conditional_rl,360.91843900238047,59.77843619986306,,,True,True,True,0.3451894646738948,PASS_STILBENE_STRUCTURAL_PROXY,,,,,340,MC-STILBENE-0840
841,NC1=CC=CC=C1C=CC2=CC=CC=C2C=CC3=CC=CC=C3C=CC4=CC=CC=C4C=CC5=CC=CC=N5,stilbene,Nc1ccccc1C=Cc1ccccc1C=Cc1ccccc1C=Cc1ccccc1C=Cc1ccccn1,Nc1ccccc1/C=C/c1ccccc1C=Cc1ccccc1C=Cc1ccccc1C=Cc1ccccn1,Nc1ccccc1/C=C\c1ccccc1C=Cc1ccccc1C=Cc1ccccc1C=Cc1ccccn1,True,True,True,ok,502.6610000000002,2.5804699096586567,0.16952708691371232,8.0,362.6648685974547,61.47830791204376,,,,0.3199810505019398,unified_conditional_rl,360.91843900238047,59.77843619986306,,,True,True,True,0.3451894646738948,PASS_STILBENE_STRUCTURAL_PROXY,,,,,341,MC-STILBENE-0841
842,N\C1=CC=CC=C1C=CC2=CC=CC=C2C=CC3=CC=CC=C3C=CC4=NC=CC=C4,stilbene,Nc1ccccc1C=Cc1ccccc1C=Cc1ccccc1C=Cc1ccccn1,Nc1ccccc1/C=C/c1ccccc1C=Cc1ccccc1C=Cc1ccccn1,Nc1ccccc1/C=C\c1ccccc1C=Cc1ccccc1C=Cc1ccccn1,True,True,True,ok,400.5250000000001,2.4795803923464472,0.27502696237804813,6.0,362.6648685974547,61.47830791204376,,,,0.3199810505019398,unified_conditional_rl,360.91843900238047,59.77843619986306,,,True,True,True,0.3451894646738948,PASS_STILBENE_STRUCTURAL_PROXY,,,,,342,MC-STILBENE-0842
843,CC1=CC=NC=C1C=CC2=CC=CC=C2C=CC3=CC=CC=C3C=CC4=CC=CC=C4C=CC5=CC=CC=C5C=CC6=CC=CC=C6F,stilbene,Cc1ccncc1C=Cc1ccccc1C=Cc1ccccc1C=Cc1ccccc1C=Cc1ccccc1C=Cc1ccccc1F,Cc1ccncc1/C=C/c1ccccc1C=Cc1ccccc1C=Cc1ccccc1C=Cc1ccccc1C=Cc1ccccc1F,Cc1ccncc1/C=C\c1ccccc1C=Cc1ccccc1C=Cc1ccccc1C=Cc1ccccc1C=Cc1ccccc1F,True,True,True,ok,621.7990000000002,2.81676486874035,0.13871153839858422,10.0,365.9012953171505,61.47830791204376,,,,0.30996680472222643,unified_conditional_rl,360.9378429850253,59.77843619986306,,,True,True,True,0.3451360523932162,PASS_STILBENE_STRUCTURAL_PROXY,,,,,343,MC-STILBENE-0843
844,CC1=CC=NC=C1C=CC2=CC=CC=C2C=CC3=CC=CC=C3C=CC4=CC=CC=C4F,stilbene,Cc1ccncc1C=Cc1ccccc1C=Cc1ccccc1C=Cc1ccccc1F,Cc1ccncc1/C=C/c1ccccc1C=Cc1ccccc1C=Cc1ccccc1F,Cc1ccncc1/C=C\c1ccccc1C=Cc1ccccc1C=Cc1ccccc1F,True,True,True,ok,417.5270000000001,2.566684828416898,0.2892897862980709,6.0,365.9012953171505,61.47830791204376,,,,0.30996680472222643,unified_conditional_rl,360.9378429850253,59.77843619986306,,,True,True,True,0.3451360523932162,PASS_STILBENE_STRUCTURAL_PROXY,,,,,344,MC-STILBENE-0844
845,CC1=CC=CC=C1C=CC2=CC=CC=C2C=CC3=CC=CC=C3C=CC4=CC=CC=C4C=CC5=CC=CC=C5Cl,stilbene,Cc1ccccc1C=Cc1ccccc1C=Cc1ccccc1C=Cc1ccccc1C=Cc1ccccc1Cl,Cc1ccccc1/C=C/c1ccccc1C=Cc1ccccc1C=Cc1ccccc1C=Cc1ccccc1Cl,Cc1ccccc1/C=C\c1ccccc1C=Cc1ccccc1C=Cc1ccccc1C=Cc1ccccc1Cl,True,True,True,ok,535.1300000000002,2.3365301482372836,0.1735477986675578,8.0,361.2738523946785,61.47830791204376,,,,0.3237219510016149,unified_conditional_rl,360.962964322157,59.77843619986306,,,True,True,True,0.34506678305195454,PASS_STILBENE_STRUCTURAL_PROXY,,,,,345,MC-STILBENE-0845
846,CC1=CC=CC=C1C=CC2=CC=CC=C2C=CC3=CC=CC=C3C=CC4=CC=CC=C4Cl,stilbene,Cc1ccccc1C=Cc1ccccc1C=Cc1ccccc1C=Cc1ccccc1Cl,Cc1ccccc1/C=C/c1ccccc1C=Cc1ccccc1C=Cc1ccccc1Cl,Cc1ccccc1/C=C\c1ccccc1C=Cc1ccccc1C=Cc1ccccc1Cl,True,True,True,ok,432.99400000000014,2.191865779145113,0.2662046004592238,6.0,361.2738523946785,61.47830791204376,,,,0.3237219510016149,unified_conditional_rl,360.962964322157,59.77843619986306,,,True,True,True,0.34506678305195454,PASS_STILBENE_STRUCTURAL_PROXY,,,,,346,MC-STILBENE-0846
847,CC1=CC=CC=C1C=CC2=CC=CC=C2C=CC3=CC=CC=C3Cl,stilbene,Cc1ccccc1C=Cc1ccccc1C=Cc1ccccc1Cl,Cc1ccccc1/C=C/c1ccccc1C=Cc1ccccc1Cl,Cc1ccccc1/C=C\c1ccccc1C=Cc1ccccc1Cl,True,True,True,ok,330.85800000000006,2.076966697304478,0.4520845104899634,4.0,361.2738523946785,61.47830791204376,,,,0.3237219510016149,unified_conditional_rl,360.962964322157,59.77843619986306,,,True,True,True,0.34506678305195454,PASS_STILBENE_STRUCTURAL_PROXY,,,,,347,MC-STILBENE-0847
848,CC1=CC=CC=C1C=CC2=CC=CC=C2Cl,stilbene,Cc1ccccc1C=Cc1ccccc1Cl,Cc1ccccc1/C=C/c1ccccc1Cl,Cc1ccccc1/C=C\c1ccccc1Cl,True,True,True,ok,228.722,1.7366153649804392,0.6468929086499777,2.0,361.2738523946785,61.47830791204376,,,,0.3237219510016149,unified_conditional_rl,360.962964322157,59.77843619986306,,,True,True,True,0.34506678305195454,PASS_STILBENE_STRUCTURAL_PROXY,,,,,348,MC-STILBENE-0848
849,COC1=CC=CC=C1C=CC2=CC=CC=C2C=CC3=CC=CC=C3C=CC4=CC=CC=C4N,stilbene,COc1ccccc1C=Cc1ccccc1C=Cc1ccccc1C=Cc1ccccc1N,COc1ccccc1/C=C/c1ccccc1C=Cc1ccccc1C=Cc1ccccc1N,COc1ccccc1/C=C\c1ccccc1C=Cc1ccccc1C=Cc1ccccc1N,True,True,True,ok,429.56300000000016,2.3275901148132814,0.2403031345415433,7.0,370.7127021306471,61.47830791204376,,,,0.292292914051164,unified_conditional_rl,360.9760462596223,59.77843619986306,,,True,True,True,0.3450306578216459,PASS_STILBENE_STRUCTURAL_PROXY,,,,,349,MC-STILBENE-0849
850,C=1C2=CC=CC=C2C=CC=CC3=CC=CC=C3C=1NC4=CC=CC=C4C=CC5=CC=CC=C5C=CC6=CC=CC=C6,stilbene,C(=Cc1ccccc1C=Cc1ccccc1Nc1cc2ccccc2ccccc2ccccc12)c1ccccc1,C(=Cc1ccccc1Nc1cc2ccccc2ccccc2ccccc12)c1ccccc1/C=C/c1ccccc1,C(=Cc1ccccc1Nc1cc2ccccc2ccccc2ccccc12)c1ccccc1/C=C\c1ccccc1,True,True,True,ok,525.6950000000002,2.7177601979502164,0.21324772729247973,6.0,365.87576846103315,61.47830791204376,,,,0.31005236085443216,unified_conditional_rl,360.98617022661136,59.77843619986306,,,True,True,True,0.3450026759065843,PASS_STILBENE_STRUCTURAL_PROXY,,,,,350,MC-STILBENE-0850
851,CC=NC1=CC=NC=C1C=CC2=CC=CC=C2C=CC3=CC=CC=C3C=CC4=CC=CC=C4C,stilbene,CC=Nc1ccncc1C=Cc1ccccc1C=Cc1ccccc1C=Cc1ccccc1C,CC=Nc1ccncc1/C=C/c1ccccc1C=Cc1ccccc1C=Cc1ccccc1C,CC=Nc1ccncc1/C=C\c1ccccc1C=Cc1ccccc1C=Cc1ccccc1C,True,True,True,ok,440.5900000000002,2.968832630884556,0.20848323358849677,7.0,368.3415434705196,61.47830791204376,,,,0.301363085782541,unified_conditional_rl,360.9988530204309,59.77843619986306,,,True,True,True,0.34496759081797884,PASS_STILBENE_STRUCTURAL_PROXY,,,,,351,MC-STILBENE-0851
852,CC1=CC=CC=C1C=CC2=CC=CC=C2C=CC3=CC=CC=C3C4=CC=CC=C4C=CC5=CC=CC=C5C6=CC=CC=C6,stilbene,Cc1ccccc1C=Cc1ccccc1C=Cc1ccccc1-c1ccccc1C=Cc1ccccc1-c1ccccc1,Cc1ccccc1/C=C/c1ccccc1C=Cc1ccccc1-c1ccccc1C=Cc1ccccc1-c1ccccc1,Cc1ccccc1/C=C\c1ccccc1C=Cc1ccccc1-c1ccccc1C=Cc1ccccc1-c1ccccc1,True,True,True,ok,550.7450000000002,2.290080342575708,0.16534581530990952,8.0,363.0026748235066,61.47830791204376,,,,0.3190188503449965,unified_conditional_rl,361.03312156377723,59.77843619986306,,,True,True,True,0.3448726209674938,PASS_STILBENE_STRUCTURAL_PROXY,,,,,352,MC-STILBENE-0852
853,CC=CC1=CC=CC=C1C=CC2=CC=NC=C2C=CC3=CC=CC=C3C4=CC=CC=C4,stilbene,CC=Cc1ccccc1C=Cc1ccncc1C=Cc1ccccc1-c1ccccc1,CC=Cc1ccccc1/C=C/c1ccncc1C=Cc1ccccc1-c1ccccc1,CC=Cc1ccccc1/C=C\c1ccncc1C=Cc1ccccc1-c1ccccc1,True,True,True,ok,399.5370000000001,2.5784828005923632,0.3188581322819625,6.0,366.3873535701241,61.47830791204376,,,,0.308319331630809,unified_conditional_rl,361.03704401062305,59.77843619986306,,,True,True,True,0.3448617346221764,PASS_STILBENE_STRUCTURAL_PROXY,,,,,353,MC-STILBENE-0853
854,C=CC=CC1=CC=NC=C1C=CC2=CC=CC=C2C=CC3=CC=CC=C3,stilbene,C=CC=Cc1ccncc1C=Cc1ccccc1C=Cc1ccccc1,C=CC=Cc1ccncc1/C=C/c1ccccc1C=Cc1ccccc1,C=CC=Cc1ccncc1/C=C\c1ccccc1C=Cc1ccccc1,True,True,True,ok,335.45000000000005,2.6697913276254983,0.36413255870226213,6.0,363.87715221553907,61.47830791204376,,,,0.31643467215535437,unified_conditional_rl,361.0490949211816,59.77843619986306,,,True,True,True,0.3448282681466088,PASS_STILBENE_STRUCTURAL_PROXY,,,,,354,MC-STILBENE-0854
855,C=CC=CC1=CC=NC=C1C=CC2=CC=CC=C2C=CC3=CC=CC=C3C=CC4=CC=CC=C4C=CC5=CC=CC=C5,stilbene,C=CC=Cc1ccncc1C=Cc1ccccc1C=Cc1ccccc1C=Cc1ccccc1C=Cc1ccccc1,C=CC=Cc1ccncc1/C=C/c1ccccc1C=Cc1ccccc1C=Cc1ccccc1C=Cc1ccccc1,C=CC=Cc1ccncc1/C=C\c1ccccc1C=Cc1ccccc1C=Cc1ccccc1C=Cc1ccccc1,True,True,True,ok,539.7220000000002,2.9016626554464278,0.1270166457555488,10.0,363.87715221553907,61.47830791204376,,,,0.31643467215535437,unified_conditional_rl,361.0490949211816,59.77843619986306,,,True,True,True,0.3448282681466088,PASS_STILBENE_STRUCTURAL_PROXY,,,,,355,MC-STILBENE-0855
856,CNC1=CC=CC=C1C=CC2=CC=CC=C2C3=CC=CC=C3C,stilbene,CNc1ccccc1C=Cc1ccccc1-c1ccccc1C,CNc1ccccc1/C=C/c1ccccc1-c1ccccc1C,CNc1ccccc1/C=C\c1ccccc1-c1ccccc1C,True,True,True,ok,299.41700000000003,2.0223037224571865,0.5936210592341512,4.0,369.83110022458,61.47830791204376,,,,0.2957379493895156,unified_conditional_rl,361.0524326631796,59.77843619986306,,,True,True,True,0.3448189934861018,PASS_STILBENE_STRUCTURAL_PROXY,,,,,356,MC-STILBENE-0856
857,CNC1=CC=CC=C1C=CC2=CC=CC=C2C3=CC=CC=C3C=CC4=CC=CC=C4C5=CC=CC=C5C,stilbene,CNc1ccccc1C=Cc1ccccc1-c1ccccc1C=Cc1ccccc1-c1ccccc1C,CNc1ccccc1/C=C/c1ccccc1-c1ccccc1C=Cc1ccccc1-c1ccccc1C,CNc1ccccc1/C=C\c1ccccc1-c1ccccc1C=Cc1ccccc1-c1ccccc1C,True,True,True,ok,477.6510000000002,2.3005513215977427,0.2300396676297619,7.0,369.83110022458,61.47830791204376,,,,0.2957379493895156,unified_conditional_rl,361.0524326631796,59.77843619986306,,,True,True,True,0.3448189934861018,PASS_STILBENE_STRUCTURAL_PROXY,,,,,357,MC-STILBENE-0857
858,CNC1=CC=CC=C1C=CC2=CC=CC=C2C=CC3=CC=CC=C3C4=CC=CC=C4C,stilbene,CNc1ccccc1C=Cc1ccccc1C=Cc1ccccc1-c1ccccc1C,CNc1ccccc1/C=C/c1ccccc1C=Cc1ccccc1-c1ccccc1C,CNc1ccccc1/C=C\c1ccccc1C=Cc1ccccc1-c1ccccc1C,True,True,True,ok,401.5530000000001,2.3050147469545426,0.32229569274329084,6.0,369.83110022458,61.47830791204376,,,,0.2957379493895156,unified_conditional_rl,361.0524326631796,59.77843619986306,,,True,True,True,0.3448189934861018,PASS_STILBENE_STRUCTURAL_PROXY,,,,,358,MC-STILBENE-0858
859,CNC1=CC=CC=C1C=CC2=CC=CC=C2C=CC3=CC=CC=C3C=CC4=CC=CC=C4C5=CC=CC=C5C,stilbene,CNc1ccccc1C=Cc1ccccc1C=Cc1ccccc1C=Cc1ccccc1-c1ccccc1C,CNc1ccccc1/C=C/c1ccccc1C=Cc1ccccc1C=Cc1ccccc1-c1ccccc1C,CNc1ccccc1/C=C\c1ccccc1C=Cc1ccccc1C=Cc1ccccc1-c1ccccc1C,True,True,True,ok,503.6890000000002,2.452702458474805,0.20769662321380697,8.0,369.83110022458,61.47830791204376,,,,0.2957379493895156,unified_conditional_rl,361.0524326631796,59.77843619986306,,,True,True,True,0.3448189934861018,PASS_STILBENE_STRUCTURAL_PROXY,,,,,359,MC-STILBENE-0859
860,CNC1=CC=CC=C1C=CC2=CC=CC=C2C=CC3=CC=CC=C3C=CC4=CC=CC=C4C=CC5=CC=CC=C5C6=CC=CC=C6C,stilbene,CNc1ccccc1C=Cc1ccccc1C=Cc1ccccc1C=Cc1ccccc1C=Cc1ccccc1-c1ccccc1C,CNc1ccccc1/C=C/c1ccccc1C=Cc1ccccc1C=Cc1ccccc1C=Cc1ccccc1-c1ccccc1C,CNc1ccccc1/C=C\c1ccccc1C=Cc1ccccc1C=Cc1ccccc1C=Cc1ccccc1-c1ccccc1C,True,True,True,ok,605.825,2.6240104319931916,0.1531957544042359,10.0,369.83110022458,61.47830791204376,,,,0.2957379493895156,unified_conditional_rl,361.0524326631796,59.77843619986306,,,True,True,True,0.3448189934861018,PASS_STILBENE_STRUCTURAL_PROXY,,,,,360,MC-STILBENE-0860
861,NC1=CC=NC=C1C=CC2=CC=CC=C2C=CC3=CC=CC=C3C,stilbene,Cc1ccccc1C=Cc1ccccc1C=Cc1cnccc1N,Cc1ccccc1/C=C/c1ccccc1C=Cc1cnccc1N,Cc1ccccc1/C=C\c1ccccc1C=Cc1cnccc1N,True,True,True,ok,312.41600000000005,2.4423209358581506,0.6627361210090682,4.0,364.2117085667439,61.47830791204376,,,,0.3154113905454586,unified_conditional_rl,361.06827502063834,59.77843619986306,,,True,True,True,0.3447749397539666,PASS_STILBENE_STRUCTURAL_PROXY,,,,,361,MC-STILBENE-0861
862,C1N(N)C=C1C=CC2=CC=CC=C2C=CC3=CC=CC=C3,stilbene,NN1C=C(C=Cc2ccccc2C=Cc2ccccc2)C1,NN1C=C(C=Cc2ccccc2/C=C/c2ccccc2)C1,NN1C=C(C=Cc2ccccc2/C=C\c2ccccc2)C1,True,True,True,ok,274.367,2.633428488023595,0.6755475509242032,4.0,368.254211495115,61.47830791204376,,,,0.30168466616144707,unified_conditional_rl,361.0824957279871,59.77843619986306,,,True,True,True,0.3447353501421472,PASS_STILBENE_STRUCTURAL_PROXY,,,,,362,MC-STILBENE-0862
863,C1C=C1C=CC2=CC=CC=C2C=CC3=CC=CC=C3C=CC4=CC=CC=C4C=CC5=NC=CC=C5,stilbene,C(=Cc1ccccc1C=Cc1ccccc1C=Cc1ccccc1C=Cc1ccccn1)C1=CC1,C(=Cc1ccccc1/C=C/c1ccccc1C=Cc1ccccc1C=Cc1ccccn1)C1=CC1,C(=Cc1ccccc1/C=C\c1ccccc1C=Cc1ccccc1C=Cc1ccccn1)C1=CC1,True,True,True,ok,449.59700000000015,2.784090864542213,0.2446642857402213,8.0,368.986565431119,61.47830791204376,,,,0.298959048232476,unified_conditional_rl,361.08727948929123,59.77843619986306,,,True,True,True,0.34472202280593867,PASS_STILBENE_STRUCTURAL_PROXY,,,,,363,MC-STILBENE-0863
864,O=CC1=CC=CC=C1C2=CC=CC=C2C=CC3=CC=CC=C3C4=CC=CC=C4C,stilbene,Cc1ccccc1-c1ccccc1C=Cc1ccccc1-c1ccccc1C=O,Cc1ccccc1-c1ccccc1/C=C/c1ccccc1-c1ccccc1C=O,Cc1ccccc1-c1ccccc1/C=C\c1ccccc1-c1ccccc1C=O,True,True,True,ok,374.4830000000001,2.0872391261226024,0.26424721684865016,5.0,368.4507577157787,61.47830791204376,,,,0.30095959601510575,unified_conditional_rl,361.0880578057484,59.77843619986306,,,True,True,True,0.3447198539942892,PASS_STILBENE_STRUCTURAL_PROXY,,,,,364,MC-STILBENE-0864
865,COC1=NC=CC=C1C=CC2=CC=CC=C2C=CC3=CC=CC=C3C=CC4=CC=CC=C4C5=CC=CC=C5N,stilbene,COc1ncccc1C=Cc1ccccc1C=Cc1ccccc1C=Cc1ccccc1-c1ccccc1N,COc1ncccc1/C=C/c1ccccc1C=Cc1ccccc1C=Cc1ccccc1-c1ccccc1N,COc1ncccc1/C=C\c1ccccc1C=Cc1ccccc1C=Cc1ccccc1-c1ccccc1N,True,True,True,ok,506.6490000000002,2.704553200685872,0.16886833754380892,8.0,369.4322891411962,61.47830791204376,,,,0.2972690769814542,unified_conditional_rl,361.10381481329887,59.77843619986306,,,True,True,True,0.3446759188571982,PASS_STILBENE_STRUCTURAL_PROXY,,,,,365,MC-STILBENE-0865
866,C1CC(C)C=C1C=CC2=CC=CC=C2C=CC3=CC=CC=C3C=CC4=CC=CC=C4C,stilbene,Cc1ccccc1C=Cc1ccccc1C=Cc1ccccc1C=CC1=CC(C)CC1,Cc1ccccc1/C=C/c1ccccc1C=Cc1ccccc1C=CC1=CC(C)CC1,Cc1ccccc1/C=C\c1ccccc1C=Cc1ccccc1C=CC1=CC(C)CC1,True,True,True,ok,402.5810000000002,3.2700929959925933,0.36163715560738047,6.0,359.76257786242377,61.47830791204376,,,,0.3186387845103099,unified_conditional_rl,357.10322971980503,59.77843619986306,,,True,True,True,0.344610477384703,PASS_STILBENE_STRUCTURAL_PROXY,,,,,366,MC-STILBENE-0866
867,COC1=CC=CC=C1C=CC2=CC=CC=C2C=CC3=CC=NC=C3C=CC4=CC=CC=C4,stilbene,COc1ccccc1C=Cc1ccccc1C=Cc1ccncc1C=Cc1ccccc1,COc1ccccc1/C=C/c1ccccc1C=Cc1ccncc1C=Cc1ccccc1,COc1ccccc1/C=C\c1ccccc1C=Cc1ccncc1C=Cc1ccccc1,True,True,True,ok,415.5360000000001,2.4990731593999858,0.2899195516027559,7.0,367.6873418294526,61.47830791204376,,,,0.3037485158596508,unified_conditional_rl,361.13140152703403,59.77843619986306,,,True,True,True,0.34459887260525296,PASS_STILBENE_STRUCTURAL_PROXY,,,,,367,MC-STILBENE-0867
868,COC1=CC=CC=C1C=CC2=CC=NC=C2C=CC3=CC=CC=C3C=CC4=CC=CC=C4,stilbene,COc1ccccc1C=Cc1ccncc1C=Cc1ccccc1C=Cc1ccccc1,COc1ccccc1/C=C/c1ccncc1C=Cc1ccccc1C=Cc1ccccc1,COc1ccccc1/C=C\c1ccncc1C=Cc1ccccc1C=Cc1ccccc1,True,True,True,ok,415.5360000000001,2.4990731593999858,0.2899195516027559,7.0,367.6873418294526,61.47830791204376,,,,0.3037485158596508,unified_conditional_rl,361.13140152703403,59.77843619986306,,,True,True,True,0.34459887260525296,PASS_STILBENE_STRUCTURAL_PROXY,,,,,368,MC-STILBENE-0868
869,COC1=CC=CC=C1C=CC2=CC=NC=C2C=CC3=CC=CC=C3C=C\C4=CC=CC=C4C=CC5=CC=CC=C5,stilbene,COc1ccccc1C=Cc1ccncc1C=Cc1ccccc1C=Cc1ccccc1C=Cc1ccccc1,COc1ccccc1/C=C/c1ccncc1C=Cc1ccccc1C=Cc1ccccc1C=Cc1ccccc1,COc1ccccc1/C=C\c1ccncc1C=Cc1ccccc1C=Cc1ccccc1C=Cc1ccccc1,True,True,True,ok,517.6720000000003,2.6695025144312687,0.18155648550006037,9.0,367.6873418294526,61.47830791204376,,,,0.3037485158596508,unified_conditional_rl,361.13140152703403,59.77843619986306,,,True,True,True,0.34459887260525296,PASS_STILBENE_STRUCTURAL_PROXY,,,,,369,MC-STILBENE-0869
870,COC1=CC=CC=C1C=CC2=CC=NC=C2C=CC3=CC=CC=C3C=CC4=CC=CC=C4C=CC5=CC=CC=C5C=CC6=CC=CC=C6,stilbene,COc1ccccc1C=Cc1ccncc1C=Cc1ccccc1C=Cc1ccccc1C=Cc1ccccc1C=Cc1ccccc1,COc1ccccc1/C=C/c1ccncc1C=Cc1ccccc1C=Cc1ccccc1C=Cc1ccccc1C=Cc1ccccc1,COc1ccccc1/C=C\c1ccncc1C=Cc1ccccc1C=Cc1ccccc1C=Cc1ccccc1C=Cc1ccccc1,True,True,True,ok,619.8080000000002,2.828772441444954,0.13463115512945106,11.0,367.6873418294526,61.47830791204376,,,,0.3037485158596508,unified_conditional_rl,361.13140152703403,59.77843619986306,,,True,True,True,0.34459887260525296,PASS_STILBENE_STRUCTURAL_PROXY,,,,,370,MC-STILBENE-0870
871,C1C=NCC=C1C=CC2=CC=CC=C2C=CC3=CC=CC=C3C=CC4=CC=CC=C4C=CC5=CC=CC=C5,stilbene,C(=Cc1ccccc1C=Cc1ccccc1C=Cc1ccccc1C=Cc1ccccc1)C1=CCN=CC1,C(=Cc1ccccc1/C=C/c1ccccc1C=Cc1ccccc1C=Cc1ccccc1)C1=CCN=CC1,C(=Cc1ccccc1/C=C\c1ccccc1C=Cc1ccccc1C=Cc1ccccc1)C1=CCN=CC1,True,True,True,ok,489.6620000000002,3.0238800100194076,0.21848580685583713,8.0,367.48860711137723,61.47830791204376,,,,0.3037360012832883,unified_conditional_rl,360.8460597897453,59.77843619986306,,,True,True,True,0.3445641868184835,PASS_STILBENE_STRUCTURAL_PROXY,,,,,371,MC-STILBENE-0871
872,COC1=CC=CC=C1C=CC2=CC=CC=C2C=NC3=CC=CC=C3C,stilbene,COc1ccccc1C=Cc1ccccc1C=Nc1ccccc1C,COc1ccccc1/C=C/c1ccccc1C=Nc1ccccc1C,COc1ccccc1/C=C\c1ccccc1C=Nc1ccccc1C,True,True,True,ok,327.4270000000001,2.206288327852091,0.4205678921947494,5.0,373.1719189260377,61.47830791204376,,,,0.2822969817165742,unified_conditional_rl,361.1602481101224,59.77843619986306,,,True,True,True,0.34451813574753554,PASS_STILBENE_STRUCTURAL_PROXY,,,,,372,MC-STILBENE-0872
873,CC(C)(C)C1=CC=CC=C1C=CC2=CC=CC=C2C=CC3=CC=CC=C3,stilbene,CC(C)(C)c1ccccc1C=Cc1ccccc1C=Cc1ccccc1,CC(C)(C)c1ccccc1/C=C/c1ccccc1C=Cc1ccccc1,CC(C)(C)c1ccccc1/C=C\c1ccccc1C=Cc1ccccc1,True,True,True,ok,338.494,2.1613985342036965,0.4369469911142084,4.0,366.1297983602635,61.47830791204376,,,,0.3091966317844822,unified_conditional_rl,361.1862128648836,59.77843619986306,,,True,True,True,0.344445314528636,PASS_STILBENE_STRUCTURAL_PROXY,,,,,373,MC-STILBENE-0873
874,CC(C)(C)C1=CC=CC=C1C=CC2=CC=CC=C2C=CC3=CC=CC=C3C=CC4=CC=CC=C4,stilbene,CC(C)(C)c1ccccc1C=Cc1ccccc1C=Cc1ccccc1C=Cc1ccccc1,CC(C)(C)c1ccccc1/C=C/c1ccccc1C=Cc1ccccc1C=Cc1ccccc1,CC(C)(C)c1ccccc1/C=C\c1ccccc1C=Cc1ccccc1C=Cc1ccccc1,True,True,True,ok,440.6300000000001,2.2844371394506524,0.2618466583706881,6.0,366.1297983602635,61.47830791204376,,,,0.3091966317844822,unified_conditional_rl,361.1862128648836,59.77843619986306,,,True,True,True,0.344445314528636,PASS_STILBENE_STRUCTURAL_PROXY,,,,,374,MC-STILBENE-0874
875,CC(C)(C)C1=CC=CC=C1C=CC2=CC=CC=C2C=CC3=CC=CC=C3C=CC4=CC=CC=C4C=CC5=CC=CC=C5,stilbene,CC(C)(C)c1ccccc1C=Cc1ccccc1C=Cc1ccccc1C=Cc1ccccc1C=Cc1ccccc1,CC(C)(C)c1ccccc1/C=C/c1ccccc1C=Cc1ccccc1C=Cc1ccccc1C=Cc1ccccc1,CC(C)(C)c1ccccc1/C=C\c1ccccc1C=Cc1ccccc1C=Cc1ccccc1C=Cc1ccccc1,True,True,True,ok,542.7660000000002,2.435928233013531,0.17106053260502854,8.0,366.1297983602635,61.47830791204376,,,,0.3091966317844822,unified_conditional_rl,361.1862128648836,59.77843619986306,,,True,True,True,0.344445314528636,PASS_STILBENE_STRUCTURAL_PROXY,,,,,375,MC-STILBENE-0875
876,NC1=CC=NC=C1C=CC2=CC=CC=C2C3=CC=CC=C3C=CC4=CC=CC=C4C=CC5=CC=CC=C5,stilbene,Nc1ccncc1C=Cc1ccccc1-c1ccccc1C=Cc1ccccc1C=Cc1ccccc1,Nc1ccncc1/C=C/c1ccccc1-c1ccccc1C=Cc1ccccc1C=Cc1ccccc1,Nc1ccncc1/C=C\c1ccccc1-c1ccccc1C=Cc1ccccc1C=Cc1ccccc1,True,True,True,ok,476.62300000000016,2.605610198000141,0.23829735286099918,7.0,362.6749400152997,61.47830791204376,,,,0.31995266002311296,unified_conditional_rl,361.19103034658855,59.77843619986306,,,True,True,True,0.3444317877043289,PASS_STILBENE_STRUCTURAL_PROXY,,,,,376,MC-STILBENE-0876
877,CC1=CC=CC=C1C2=CC=CC=C2C=CC=CC3=CC=CC=C3C=CC4=CC=CC=C4,stilbene,Cc1ccccc1-c1ccccc1C=CC=Cc1ccccc1C=Cc1ccccc1,Cc1ccccc1-c1ccccc1C=CC=Cc1ccccc1/C=C/c1ccccc1,Cc1ccccc1-c1ccccc1C=CC=Cc1ccccc1/C=C\c1ccccc1,True,True,True,ok,398.5490000000001,2.2811155279461257,0.22531825924068227,6.0,367.41062873936016,61.47830791204376,,,,0.3047407849211583,unified_conditional_rl,361.2041898006121,59.77843619986306,,,True,True,True,0.34439481285806856,PASS_STILBENE_STRUCTURAL_PROXY,,,,,377,MC-STILBENE-0877
878,CC1=CC=CC=C1C2=CC=CC=C2C=CC=CC3=CC=CC=C3C=CC4=CC=CC=C4C=CC5=CC=CC=C5,stilbene,Cc1ccccc1-c1ccccc1C=CC=Cc1ccccc1C=Cc1ccccc1C=Cc1ccccc1,Cc1ccccc1-c1ccccc1C=CC=Cc1ccccc1/C=C/c1ccccc1C=Cc1ccccc1,Cc1ccccc1-c1ccccc1C=CC=Cc1ccccc1/C=C\c1ccccc1C=Cc1ccccc1,True,True,True,ok,500.6850000000002,2.433302242813406,0.14676685093825878,8.0,367.41062873936016,61.47830791204376,,,,0.3047407849211583,unified_conditional_rl,361.2041898006121,59.77843619986306,,,True,True,True,0.34439481285806856,PASS_STILBENE_STRUCTURAL_PROXY,,,,,378,MC-STILBENE-0878
879,CC(C)(C)C1=CC=CC=C1C=CC2=CC=CC=C2C=CC3=CC=CC=C3C=CC4=CC=CC=C4N,stilbene,CC(C)(C)c1ccccc1C=Cc1ccccc1C=Cc1ccccc1C=Cc1ccccc1N,CC(C)(C)c1ccccc1/C=C/c1ccccc1C=Cc1ccccc1C=Cc1ccccc1N,CC(C)(C)c1ccccc1/C=C\c1ccccc1C=Cc1ccccc1C=Cc1ccccc1N,True,True,True,ok,455.64500000000015,2.4587004795202105,0.2276199175667745,6.0,369.9677744238366,61.47830791204376,,,,0.29520921685388263,unified_conditional_rl,361.2277902244594,59.77843619986306,,,True,True,True,0.34432841013540394,PASS_STILBENE_STRUCTURAL_PROXY,,,,,379,MC-STILBENE-0879
880,N1N=NC(C)=C1C=CC2=CC=CC=C2C=CC3=CC=CC=C3C=CC4=CC=CC=C4C=CC5=CC=CC=C5,stilbene,Cc1nn[nH]c1C=Cc1ccccc1C=Cc1ccccc1C=Cc1ccccc1C=Cc1ccccc1,Cc1nn[nH]c1/C=C/c1ccccc1C=Cc1ccccc1C=Cc1ccccc1C=Cc1ccccc1,Cc1nn[nH]c1/C=C\c1ccccc1C=Cc1ccccc1C=Cc1ccccc1C=Cc1ccccc1,True,True,True,ok,491.63800000000015,2.8773999985543934,0.22038001580520758,8.0,366.69445568885,61.47830791204376,,,,0.3072607435447,unified_conditional_rl,361.2348085576767,59.77843619986306,,,True,True,True,0.3443086405827484,PASS_STILBENE_STRUCTURAL_PROXY,,,,,380,MC-STILBENE-0880
881,NP=CC1=CC=CC=C1C=CC2=CC=CC=C2C=CC3=CC=CC=C3,stilbene,NP=Cc1ccccc1C=Cc1ccccc1C=Cc1ccccc1,NP=Cc1ccccc1/C=C/c1ccccc1C=Cc1ccccc1,NP=Cc1ccccc1/C=C\c1ccccc1C=Cc1ccccc1,True,True,True,ok,341.39400000000006,2.7466609572260285,0.4470319767335435,5.0,366.12359019061813,61.47830791204376,,,,0.30921765862304423,unified_conditional_rl,361.235999551999,59.77843619986306,,,True,True,True,0.3443052847092775,PASS_STILBENE_STRUCTURAL_PROXY,,,,,381,MC-STILBENE-0881
882,CC1=CC=CC=C1C=CC2=CC=CC=C2C=CC3=CC4=CC=CC=C4C=C3C5=CC=CC=C5,stilbene,Cc1ccccc1C=Cc1ccccc1C=Cc1cc2ccccc2cc1-c1ccccc1,Cc1ccccc1/C=C/c1ccccc1C=Cc1cc2ccccc2cc1-c1ccccc1,Cc1ccccc1/C=C\c1ccccc1C=Cc1cc2ccccc2cc1-c1ccccc1,True,True,True,ok,422.57100000000014,2.2329310151097257,0.24766256897615904,5.0,366.6924798882908,61.47830791204376,,,,0.30726759711553836,unified_conditional_rl,361.2534870369559,59.77843619986306,,,True,True,True,0.3442559757721245,PASS_STILBENE_STRUCTURAL_PROXY,,,,,382,MC-STILBENE-0882
883,C1C=C1C=CC2=CC=CC=C2C3=CC=CC=C3C=CC4=CC=CC=C4C=CC5=CC=CC=C5,stilbene,C(=Cc1ccccc1-c1ccccc1C=Cc1ccccc1C=Cc1ccccc1)C1=CC1,C(=Cc1ccccc1-c1ccccc1/C=C/c1ccccc1C=Cc1ccccc1)C1=CC1,C(=Cc1ccccc1-c1ccccc1/C=C\c1ccccc1C=Cc1ccccc1)C1=CC1,True,True,True,ok,422.57100000000014,2.4922445356668668,0.26058438078732693,7.0,367.380895393107,61.47830791204376,,,,0.30484679962089967,unified_conditional_rl,361.3043562541131,59.77843619986306,,,True,True,True,0.3441121763942725,PASS_STILBENE_STRUCTURAL_PROXY,,,,,383,MC-STILBENE-0883
884,C1C=C1C=CC2=CC=CC=C2C3=CC=CC=C3C=CC4=CC=CC=C4C=CC5=CC=CC=C5C=CC6=CC=CC=C6,stilbene,C(=Cc1ccccc1-c1ccccc1C=Cc1ccccc1C=Cc1ccccc1C=Cc1ccccc1)C1=CC1,C(=Cc1ccccc1-c1ccccc1/C=C/c1ccccc1C=Cc1ccccc1C=Cc1ccccc1)C1=CC1,C(=Cc1ccccc1-c1ccccc1/C=C\c1ccccc1C=Cc1ccccc1C=Cc1ccccc1)C1=CC1,True,True,True,ok,524.7070000000001,2.606003141496034,0.16821924181255157,9.0,367.380895393107,61.47830791204376,,,,0.30484679962089967,unified_conditional_rl,361.3043562541131,59.77843619986306,,,True,True,True,0.3441121763942725,PASS_STILBENE_STRUCTURAL_PROXY,,,,,384,MC-STILBENE-0884
885,C1C=C1C=CC2=CC=CC=C2C=CC3=CC=CC=C3C4=CC=CC=C4C=CC5=CC=CC=C5,stilbene,C(=Cc1ccccc1C=Cc1ccccc1-c1ccccc1C=Cc1ccccc1)C1=CC1,C(=Cc1ccccc1/C=C/c1ccccc1-c1ccccc1C=Cc1ccccc1)C1=CC1,C(=Cc1ccccc1/C=C\c1ccccc1-c1ccccc1C=Cc1ccccc1)C1=CC1,True,True,True,ok,422.57100000000014,2.4922445356668668,0.26058438078732693,7.0,367.380895393107,61.47830791204376,,,,0.30484679962089967,unified_conditional_rl,361.3043562541131,59.77843619986306,,,True,True,True,0.3441121763942725,PASS_STILBENE_STRUCTURAL_PROXY,,,,,385,MC-STILBENE-0885
886,C1C=C1C=CC2=CC=CC=C2C=CC3=CC=CC=C3C4=CC=CC=C4C=CC5=CC=CC=C5C=CC6=CC=CC=C6,stilbene,C(=Cc1ccccc1C=Cc1ccccc1-c1ccccc1C=Cc1ccccc1C=Cc1ccccc1)C1=CC1,C(=Cc1ccccc1/C=C/c1ccccc1-c1ccccc1C=Cc1ccccc1C=Cc1ccccc1)C1=CC1,C(=Cc1ccccc1/C=C\c1ccccc1-c1ccccc1C=Cc1ccccc1C=Cc1ccccc1)C1=CC1,True,True,True,ok,524.7070000000001,2.606003141496034,0.16821924181255157,9.0,367.380895393107,61.47830791204376,,,,0.30484679962089967,unified_conditional_rl,361.3043562541131,59.77843619986306,,,True,True,True,0.3441121763942725,PASS_STILBENE_STRUCTURAL_PROXY,,,,,386,MC-STILBENE-0886
887,C1C=C1C=CC2=CC=CC=C2C=CC3=CC=CC=C3C=CC4=CC=CC=C4C5=CC=CC=C5C=CC6=CC=CC=C6,stilbene,C(=Cc1ccccc1C=Cc1ccccc1C=Cc1ccccc1-c1ccccc1C=Cc1ccccc1)C1=CC1,C(=Cc1ccccc1/C=C/c1ccccc1C=Cc1ccccc1-c1ccccc1C=Cc1ccccc1)C1=CC1,C(=Cc1ccccc1/C=C\c1ccccc1C=Cc1ccccc1-c1ccccc1C=Cc1ccccc1)C1=CC1,True,True,True,ok,524.7070000000001,2.606003141496034,0.16821924181255157,9.0,367.380895393107,61.47830791204376,,,,0.30484679962089967,unified_conditional_rl,361.3043562541131,59.77843619986306,,,True,True,True,0.3441121763942725,PASS_STILBENE_STRUCTURAL_PROXY,,,,,387,MC-STILBENE-0887
888,CC=NC1=CC=NC=C1C=CC2=CC=CC=C2C=CC3=CC=CC=C3C=CC4=CC=CC=C4C=CC5=CC=CC=C5C,stilbene,CC=Nc1ccncc1C=Cc1ccccc1C=Cc1ccccc1C=Cc1ccccc1C=Cc1ccccc1C,CC=Nc1ccncc1/C=C/c1ccccc1C=Cc1ccccc1C=Cc1ccccc1C=Cc1ccccc1C,CC=Nc1ccncc1/C=C\c1ccccc1C=Cc1ccccc1C=Cc1ccccc1C=Cc1ccccc1C,True,True,True,ok,542.7260000000002,3.0287536358106584,0.13428865274388072,9.0,368.3415434705196,61.47830791204376,,,,0.3004978019399884,unified_conditional_rl,360.9988530204309,59.77843619986306,,,True,True,True,0.3439771082518609,PASS_STILBENE_STRUCTURAL_PROXY,,,,,388,MC-STILBENE-0888
889,CP=CC1=CC=CC=C1C=CC2=CC=CC=C2C=CC3=CC=CC=C3C=CC4=CC=CC=C4,stilbene,CP=Cc1ccccc1C=Cc1ccccc1C=Cc1ccccc1C=Cc1ccccc1,CP=Cc1ccccc1/C=C/c1ccccc1C=Cc1ccccc1C=Cc1ccccc1,CP=Cc1ccccc1/C=C\c1ccccc1C=Cc1ccccc1C=Cc1ccccc1,True,True,True,ok,442.54200000000014,2.7003272378262615,0.19791653709317472,7.0,369.82873078018105,61.47830791204376,,,,0.2957470979130667,unified_conditional_rl,361.3554871531046,59.77843619986306,,,True,True,True,0.3439670909265584,PASS_STILBENE_STRUCTURAL_PROXY,,,,,389,MC-STILBENE-0889
890,C1CN1C=CC2=CC=CC=C2C=CC3=CC=CC=C3C=CC4=CC=CC=C4C,stilbene,Cc1ccccc1C=Cc1ccccc1C=Cc1ccccc1C=CN1CC1,Cc1ccccc1/C=C/c1ccccc1C=Cc1ccccc1C=CN1CC1,Cc1ccccc1/C=C\c1ccccc1C=Cc1ccccc1C=CN1CC1,True,True,True,ok,363.50400000000013,2.5296952712579284,0.3510864282866535,6.0,365.92226553457095,61.47830791204376,,,,0.3098964477808657,unified_conditional_rl,361.38427992107955,59.77843619986306,,,True,True,True,0.34388515001139847,PASS_STILBENE_STRUCTURAL_PROXY,,,,,390,MC-STILBENE-0890
891,CN=NC=CC1=CC=CC=C1C=CC2=CC=NC=C2C=CC3=CC=CC=C3C=CC4=CC=CC=C4C=CC5=CC=CC=C5,stilbene,CN=NC=Cc1ccccc1C=Cc1ccncc1C=Cc1ccccc1C=Cc1ccccc1C=Cc1ccccc1,CN=NC=Cc1ccccc1/C=C/c1ccncc1C=Cc1ccccc1C=Cc1ccccc1C=Cc1ccccc1,CN=NC=Cc1ccccc1/C=C\c1ccncc1C=Cc1ccccc1C=Cc1ccccc1C=Cc1ccccc1,True,True,True,ok,555.7250000000003,3.1707281520919697,0.12471278294699105,10.0,370.0478827072888,61.47830791204376,,,,0.2899063700293507,unified_conditional_rl,359.11024673637183,59.77843619986306,,,True,True,True,0.3438833203555774,PASS_STILBENE_STRUCTURAL_PROXY,,,,,391,MC-STILBENE-0891
892,NCC=CC1=CC=CC=C1C=CC2=CC=CC=C2C=CC3=CC=CC=C3C=CC4=CC=CC=C4C5=CC=CC=C5C=CC6=CC=CC=C6C,stilbene,Cc1ccccc1C=Cc1ccccc1-c1ccccc1C=Cc1ccccc1C=Cc1ccccc1C=Cc1ccccc1C=CCN,Cc1ccccc1/C=C/c1ccccc1-c1ccccc1C=Cc1ccccc1C=Cc1ccccc1C=Cc1ccccc1C=CCN,Cc1ccccc1/C=C\c1ccccc1-c1ccccc1C=Cc1ccccc1C=Cc1ccccc1C=Cc1ccccc1C=CCN,True,True,True,ok,631.863,2.780000997188587,0.1414834594468968,11.0,365.55467621808435,61.47830791204376,,,,0.3111201478320352,unified_conditional_rl,361.410545829561,59.77843619986306,,,True,True,True,0.34381024932648035,PASS_STILBENE_STRUCTURAL_PROXY,,,,,392,MC-STILBENE-0892
893,CNNC1=CC=CC=C1C=CC2=CC=CC=C2C=CC3=CC=NC=C3,stilbene,CNNc1ccccc1C=Cc1ccccc1C=Cc1ccncc1,CNNc1ccccc1/C=C/c1ccccc1C=Cc1ccncc1,CNNc1ccccc1/C=C\c1ccccc1C=Cc1ccncc1,True,True,True,ok,327.43100000000004,2.564182005407414,0.49569107597001794,6.0,369.87260530804974,61.47830791204376,,,,0.2955775977458652,unified_conditional_rl,361.4156622628097,59.77843619986306,,,True,True,True,0.3437956424053016,PASS_STILBENE_STRUCTURAL_PROXY,,,,,393,MC-STILBENE-0893
894,C=CC1=CC=CC=C1C2=CC=CC=C2C=CC3=CC=CC=C3C=CC4=CC=CC=C4,stilbene,C=Cc1ccccc1-c1ccccc1C=Cc1ccccc1C=Cc1ccccc1,C=Cc1ccccc1-c1ccccc1/C=C/c1ccccc1C=Cc1ccccc1,C=Cc1ccccc1-c1ccccc1/C=C\c1ccccc1C=Cc1ccccc1,True,True,True,ok,384.5220000000001,2.2119793335230167,0.2930419983630208,6.0,362.4044878631612,61.47830791204376,,,,0.32070864709262253,unified_conditional_rl,361.41885221950434,59.77843619986306,,,True,True,True,0.34378653262702946,PASS_STILBENE_STRUCTURAL_PROXY,,,,,394,MC-STILBENE-0894
895,C=CC1=CC=CC=C1C2=CC=CC=C2C=CC3=CC=CC=C3C=CC4=CC=CC=C4C=CC5=CC=CC=C5C=CC6=CC=CC=C6,stilbene,C=Cc1ccccc1-c1ccccc1C=Cc1ccccc1C=Cc1ccccc1C=Cc1ccccc1C=Cc1ccccc1,C=Cc1ccccc1-c1ccccc1/C=C/c1ccccc1C=Cc1ccccc1C=Cc1ccccc1C=Cc1ccccc1,C=Cc1ccccc1-c1ccccc1/C=C\c1ccccc1C=Cc1ccccc1C=Cc1ccccc1C=Cc1ccccc1,True,True,True,ok,588.7940000000002,2.5151443897470536,0.13965870163127225,10.0,362.4044878631612,61.47830791204376,,,,0.32070864709262253,unified_conditional_rl,361.41885221950434,59.77843619986306,,,True,True,True,0.34378653262702946,PASS_STILBENE_STRUCTURAL_PROXY,,,,,395,MC-STILBENE-0895
896,COC1=CC=CC=C1C=CC2=CC=CC=C2C=CC3=CC=CC=C3C4=CC=CC=C4C,stilbene,COc1ccccc1C=Cc1ccccc1C=Cc1ccccc1-c1ccccc1C,COc1ccccc1/C=C/c1ccccc1C=Cc1ccccc1-c1ccccc1C,COc1ccccc1/C=C\c1ccccc1C=Cc1ccccc1-c1ccccc1C,True,True,True,ok,402.53700000000015,2.1689329210881017,0.29676237058215205,6.0,369.1083779045648,61.47830791204376,,,,0.2984994723603921,unified_conditional_rl,361.4426679154279,59.77843619986306,,,True,True,True,0.3437184535273627,PASS_STILBENE_STRUCTURAL_PROXY,,,,,396,MC-STILBENE-0896
897,COC1=CC=CC=C1C=CC2=CC=CC=C2C=CC3=CC=CC=C3C=CC4=CC=CC=C4C=CC5=CC=CC=C5C6=CC=CC=C6C,stilbene,COc1ccccc1C=Cc1ccccc1C=Cc1ccccc1C=Cc1ccccc1C=Cc1ccccc1-c1ccccc1C,COc1ccccc1/C=C/c1ccccc1C=Cc1ccccc1C=Cc1ccccc1C=Cc1ccccc1-c1ccccc1C,COc1ccccc1/C=C\c1ccccc1C=Cc1ccccc1C=Cc1ccccc1C=Cc1ccccc1-c1ccccc1C,True,True,True,ok,606.8090000000001,2.5349208913180394,0.14098148284806494,10.0,369.1083779045648,61.47830791204376,,,,0.2984994723603921,unified_conditional_rl,361.4426679154279,59.77843619986306,,,True,True,True,0.3437184535273627,PASS_STILBENE_STRUCTURAL_PROXY,,,,,397,MC-STILBENE-0897
898,CC1=CC=CC=C1C=CC2=CC=CC=C2C3=CC=CC=C3C=CC4=CC=CC=C4C=CC5=CC=CC6=C5C=CC=C6,stilbene,Cc1ccccc1C=Cc1ccccc1-c1ccccc1C=Cc1ccccc1C=Cc1cccc2ccccc12,Cc1ccccc1/C=C/c1ccccc1-c1ccccc1C=Cc1ccccc1C=Cc1cccc2ccccc12,Cc1ccccc1/C=C\c1ccccc1-c1ccccc1C=Cc1ccccc1C=Cc1cccc2ccccc12,True,True,True,ok,524.7070000000002,2.3716785150473534,0.1821905146727126,7.0,362.6170333805874,61.47830791204376,,,,0.32011564330368564,unified_conditional_rl,361.45871773013346,59.77843619986306,,,True,True,True,0.34367250724000287,PASS_STILBENE_STRUCTURAL_PROXY,,,,,398,MC-STILBENE-0898
899,CC(C)=CC1=CC=CC=C1C2=CC=CC=C2C=CC3=CC=CC=C3C=CC4=CC=CC=C4C5=CC=CC=C5N,stilbene,CC(C)=Cc1ccccc1-c1ccccc1C=Cc1ccccc1C=Cc1ccccc1-c1ccccc1N,CC(C)=Cc1ccccc1-c1ccccc1/C=C/c1ccccc1C=Cc1ccccc1-c1ccccc1N,CC(C)=Cc1ccccc1-c1ccccc1/C=C\c1ccccc1C=Cc1ccccc1-c1ccccc1N,True,True,True,ok,503.6890000000002,2.507730073331345,0.17343213695150683,7.0,369.1519093679553,61.47830791204376,,,,0.29833481699129843,unified_conditional_rl,361.49413418381727,59.77843619986306,,,True,True,True,0.3435709300257746,PASS_STILBENE_STRUCTURAL_PROXY,,,,,399,MC-STILBENE-0899
900,C1=CC=CC=C1C=CC2=CC=CC=C2C=CC3=CC=CC=C3CC4=CC=CC=C4,stilbene,C(=Cc1ccccc1C=Cc1ccccc1Cc1ccccc1)c1ccccc1,C(=Cc1ccccc1Cc1ccccc1)c1ccccc1/C=C/c1ccccc1,C(=Cc1ccccc1Cc1ccccc1)c1ccccc1/C=C\c1ccccc1,True,True,True,ok,372.511,2.0150107697894946,0.30537183266654117,6.0,360.6275975666529,61.47830791204376,,,,0.32533425651837805,unified_conditional_rl,361.5360422456402,59.77843619986306,,,True,True,True,0.34345039803739685,PASS_STILBENE_STRUCTURAL_PROXY,,,,,400,MC-STILBENE-0900
901,C1=CC=CC=C1CC2=CC=CC=C2C=CC3=CC=CC=C3,stilbene,C(=Cc1ccccc1Cc1ccccc1)c1ccccc1,C(=C\c1ccccc1Cc1ccccc1)/c1ccccc1,C(=C/c1ccccc1Cc1ccccc1)/c1ccccc1,True,True,True,ok,270.375,1.6846743896629395,0.5530756530192793,4.0,360.6275975666529,61.47830791204376,,,,0.32533425651837805,unified_conditional_rl,361.5360422456402,59.77843619986306,,,True,True,True,0.34345039803739685,PASS_STILBENE_STRUCTURAL_PROXY,,,,,401,MC-STILBENE-0901
902,CC1=CC=CC=C1C=CC2=CC=CC=C2C=CC3=CC=CC=C3C=CC4=CC=CC=C4C=CC5=CC=CC=C5[B-1],stilbene,[B-]c1ccccc1C=Cc1ccccc1C=Cc1ccccc1C=Cc1ccccc1C=Cc1ccccc1C,[B-]c1ccccc1/C=C/c1ccccc1C=Cc1ccccc1C=Cc1ccccc1C=Cc1ccccc1C,[B-]c1ccccc1/C=C\c1ccccc1C=Cc1ccccc1C=Cc1ccccc1C=Cc1ccccc1C,True,True,True,ok,510.48900000000026,2.6946972929569704,0.14407109453391456,8.0,367.7181021827989,61.47830791204376,,,,0.3036375879006379,unified_conditional_rl,361.56591240955794,59.77843619986306,,,True,True,True,0.34336426617613125,PASS_STILBENE_STRUCTURAL_PROXY,,,,,402,MC-STILBENE-0902
903,N/C1=CC=CC=C1C=CC2=CC=CC=C2C3=CC=CC=C3C=CC4=CC=CC=C4,stilbene,Nc1ccccc1C=Cc1ccccc1-c1ccccc1C=Cc1ccccc1,Nc1ccccc1/C=C/c1ccccc1-c1ccccc1C=Cc1ccccc1,Nc1ccccc1/C=C\c1ccccc1-c1ccccc1C=Cc1ccccc1,True,True,True,ok,373.4990000000001,2.1162142203033873,0.288644260557511,5.0,360.8045492744548,61.47830791204376,,,,0.32490093551528043,unified_conditional_rl,361.5734096714795,59.77843619986306,,,True,True,True,0.34334261852174913,PASS_STILBENE_STRUCTURAL_PROXY,,,,,403,MC-STILBENE-0903
904,NC1=CC=CC=C1C=CC2=CC=CC=C2C3=CC=CC=C3C=CC4=CC=CC=C4C5=CC=CC=C5C=CC6=CC=CC=C6,stilbene,Nc1ccccc1C=Cc1ccccc1-c1ccccc1C=Cc1ccccc1-c1ccccc1C=Cc1ccccc1,Nc1ccccc1/C=C/c1ccccc1-c1ccccc1C=Cc1ccccc1-c1ccccc1C=Cc1ccccc1,Nc1ccccc1/C=C\c1ccccc1-c1ccccc1C=Cc1ccccc1-c1ccccc1C=Cc1ccccc1,True,True,True,ok,551.7330000000003,2.3210370363542054,0.14772245240745469,8.0,360.8045492744548,61.47830791204376,,,,0.32490093551528043,unified_conditional_rl,361.5734096714795,59.77843619986306,,,True,True,True,0.34334261852174913,PASS_STILBENE_STRUCTURAL_PROXY,,,,,404,MC-STILBENE-0904
905,NC1=CC=CC=C1C=CC2=CC=CC=C2C3=CC=CC=C3C=CC4=CC=CC=C4C=CC5=CC=CC=C5,stilbene,Nc1ccccc1C=Cc1ccccc1-c1ccccc1C=Cc1ccccc1C=Cc1ccccc1,Nc1ccccc1/C=C/c1ccccc1-c1ccccc1C=Cc1ccccc1C=Cc1ccccc1,Nc1ccccc1/C=C\c1ccccc1-c1ccccc1C=Cc1ccccc1C=Cc1ccccc1,True,True,True,ok,475.63500000000016,2.295743265685072,0.1840405422752696,7.0,360.8045492744548,61.47830791204376,,,,0.32490093551528043,unified_conditional_rl,361.5734096714795,59.77843619986306,,,True,True,True,0.34334261852174913,PASS_STILBENE_STRUCTURAL_PROXY,,,,,405,MC-STILBENE-0905
906,NC1=CC=CC=C1C=CC2=CC=CC=C2C3=CC=CC=C3C=CC4=CC=CC=C4C=CC5=CC=CC=C5C=CC6=CC=CC=C6,stilbene,Nc1ccccc1C=Cc1ccccc1-c1ccccc1C=Cc1ccccc1C=Cc1ccccc1C=Cc1ccccc1,Nc1ccccc1/C=C/c1ccccc1-c1ccccc1C=Cc1ccccc1C=Cc1ccccc1C=Cc1ccccc1,Nc1ccccc1/C=C\c1ccccc1-c1ccccc1C=Cc1ccccc1C=Cc1ccccc1C=Cc1ccccc1,True,True,True,ok,577.7710000000002,2.4687352201071935,0.13420726496716925,9.0,360.8045492744548,61.47830791204376,,,,0.32490093551528043,unified_conditional_rl,361.5734096714795,59.77843619986306,,,True,True,True,0.34334261852174913,PASS_STILBENE_STRUCTURAL_PROXY,,,,,406,MC-STILBENE-0906
907,NC1=CC=CC=C1C=CC2=CC=CC=C2C=CC3=CC=CC=C3C4=CC=CC=C4C=CC5=CC=CC=C5,stilbene,Nc1ccccc1C=Cc1ccccc1C=Cc1ccccc1-c1ccccc1C=Cc1ccccc1,Nc1ccccc1/C=C/c1ccccc1C=Cc1ccccc1-c1ccccc1C=Cc1ccccc1,Nc1ccccc1/C=C\c1ccccc1C=Cc1ccccc1-c1ccccc1C=Cc1ccccc1,True,True,True,ok,475.63500000000016,2.295743265685072,0.1840405422752696,7.0,360.8045492744548,61.47830791204376,,,,0.32490093551528043,unified_conditional_rl,361.5734096714795,59.77843619986306,,,True,True,True,0.34334261852174913,PASS_STILBENE_STRUCTURAL_PROXY,,,,,407,MC-STILBENE-0907
908,NC1=CC=CC=C1C=CC2=CC=CC=C2C=CC3=CC=CC=C3C4=CC=CC=C4C=CC5=CC=CC=C5C=CC6=CC=CC=C6,stilbene,Nc1ccccc1C=Cc1ccccc1C=Cc1ccccc1-c1ccccc1C=Cc1ccccc1C=Cc1ccccc1,Nc1ccccc1/C=C/c1ccccc1C=Cc1ccccc1-c1ccccc1C=Cc1ccccc1C=Cc1ccccc1,Nc1ccccc1/C=C\c1ccccc1C=Cc1ccccc1-c1ccccc1C=Cc1ccccc1C=Cc1ccccc1,True,True,True,ok,577.7710000000002,2.4687352201071935,0.13420726496716925,9.0,360.8045492744548,61.47830791204376,,,,0.32490093551528043,unified_conditional_rl,361.5734096714795,59.77843619986306,,,True,True,True,0.34334261852174913,PASS_STILBENE_STRUCTURAL_PROXY,,,,,408,MC-STILBENE-0908
909,CC(=C)C1=CC=CC=C1C=CC2=CC=CC=C2C=CC3=CC=CC=C3C=CC4=CC=CC=C4S/OC,stilbene,C=C(C)c1ccccc1C=Cc1ccccc1C=Cc1ccccc1C=Cc1ccccc1SOC,C=C(C)c1ccccc1/C=C/c1ccccc1C=Cc1ccccc1C=Cc1ccccc1SOC,C=C(C)c1ccccc1/C=C\c1ccccc1C=Cc1ccccc1C=Cc1ccccc1SOC,True,True,True,ok,486.6800000000002,2.883615606712242,0.1718972633471233,9.0,374.0948317406033,61.47830791204376,,,,0.27842169962887786,unified_conditional_rl,361.5742857057724,59.77843619986306,,,True,True,True,0.34334008829477913,PASS_STILBENE_STRUCTURAL_PROXY,,,,,409,MC-STILBENE-0909
910,C#[N+1]C=CC1=CC=CC=C1C2=CC=CC=C2C=CC3=CC=CC=C3,stilbene,C#[N+]C=Cc1ccccc1-c1ccccc1C=Cc1ccccc1,C#[N+]C=Cc1ccccc1-c1ccccc1/C=C/c1ccccc1,C#[N+]C=Cc1ccccc1-c1ccccc1/C=C\c1ccccc1,True,True,True,ok,308.404,2.641868556969433,0.48726016766448355,4.0,360.96642975979336,61.47830791204376,,,,0.3244991173947084,unified_conditional_rl,361.59209948784184,59.77843619986306,,,True,True,True,0.34328860280084794,PASS_STILBENE_STRUCTURAL_PROXY,,,,,410,MC-STILBENE-0910
911,CC1=CC=CC=C1C=CC2=CC=CC=C2C=CC3=CC=CC=C3C=CC4=CC=CC5=C4CCC=C5C=CC6=CC=CC=C6,stilbene,Cc1ccccc1C=Cc1ccccc1C=Cc1ccccc1C=Cc1cccc2c1CCC=C2C=Cc1ccccc1,Cc1ccccc1/C=C/c1ccccc1C=Cc1ccccc1C=Cc1cccc2c1CCC=C2C=Cc1ccccc1,Cc1ccccc1/C=C\c1ccccc1C=Cc1ccccc1C=Cc1cccc2c1CCC=C2C=Cc1ccccc1,True,True,True,ok,552.7610000000003,3.0080982539582832,0.1679580428251498,8.0,363.4273698307508,61.47830791204376,,,,0.317523177877468,unified_conditional_rl,361.49939001625035,59.77843619986306,,,True,True,True,0.34327772606509444,PASS_STILBENE_STRUCTURAL_PROXY,,,,,411,MC-STILBENE-0911
912,CC1=CC=CC=C1NC2=CC=CC=C2C=CC3=CC=CC=C3C4=CC=CC=C4C=CC5=CC=CC=C5,stilbene,Cc1ccccc1Nc1ccccc1C=Cc1ccccc1-c1ccccc1C=Cc1ccccc1,Cc1ccccc1Nc1ccccc1/C=C/c1ccccc1-c1ccccc1C=Cc1ccccc1,Cc1ccccc1Nc1ccccc1/C=C\c1ccccc1-c1ccccc1C=Cc1ccccc1,True,True,True,ok,463.6240000000002,2.2539205434409464,0.23684292382437222,7.0,362.61895590767034,61.47830791204376,,,,0.3201102419299952,unified_conditional_rl,361.7050626302369,59.77843619986306,,,True,True,True,0.3429605924685115,PASS_STILBENE_STRUCTURAL_PROXY,,,,,412,MC-STILBENE-0912
913,CC1=NC=CC=C1C=CC2=CC=CC=C2C=CC3=CC=NC=C3C=CC4=CC=CC=C4C=CC5=CC=CC=C5C,stilbene,Cc1ccccc1C=Cc1ccccc1C=Cc1cnccc1C=Cc1ccccc1C=Cc1cccnc1C,Cc1ccccc1/C=C/c1ccccc1C=Cc1cnccc1C=Cc1ccccc1C=Cc1cccnc1C,Cc1ccccc1/C=C\c1ccccc1C=Cc1cnccc1C=Cc1ccccc1C=Cc1cccnc1C,True,True,True,ok,516.6880000000002,2.8775731553824233,0.19183118564584895,8.0,369.08402590072546,61.47830791204376,,,,0.2985914864737715,unified_conditional_rl,361.7600912368039,59.77843619986306,,,True,True,True,0.34279985578545624,PASS_STILBENE_STRUCTURAL_PROXY,,,,,413,MC-STILBENE-0913
914,N1=CC=CC=C1C=CC2=CC=CC=C2C=CC3=NC=CC=C3,stilbene,C(=Cc1ccccc1C=Cc1ccccn1)c1ccccn1,C(=Cc1ccccc1/C=C/c1ccccn1)c1ccccn1,C(=Cc1ccccc1/C=C\c1ccccn1)c1ccccn1,True,True,True,ok,284.36199999999997,2.2990332764325316,0.6862766029256437,4.0,361.55638577860645,61.47830791204376,,,,0.32299160735193533,unified_conditional_rl,361.7695178738831,59.77843619986306,,,True,True,True,0.3427722586135192,PASS_STILBENE_STRUCTURAL_PROXY,,,,,414,MC-STILBENE-0914
915,OC=CC1=CC=NC=C1C2=CC=CC=C2C=CC3=CC=CC=C3C=CC4=CC=CC=C4,stilbene,OC=Cc1ccncc1-c1ccccc1C=Cc1ccccc1C=Cc1ccccc1,OC=Cc1ccncc1-c1ccccc1/C=C/c1ccccc1C=Cc1ccccc1,OC=Cc1ccncc1-c1ccccc1/C=C\c1ccccc1C=Cc1ccccc1,True,True,True,ok,401.50900000000007,2.672251362465275,0.26620084511806047,6.0,369.12284564819623,61.47830791204376,,,,0.29844477330595937,unified_conditional_rl,361.77906070083117,59.77843619986306,,,True,True,True,0.34274430275310824,PASS_STILBENE_STRUCTURAL_PROXY,,,,,415,MC-STILBENE-0915
916,C1CC=CN=C1C=CC2=CC=CC=C2C=CC3=CC=NC=C3C=CC4=CC=CC=C4,stilbene,C1=CN=C(C=Cc2ccccc2C=Cc2ccncc2C=Cc2ccccc2)CC1,C1=CN=C(C=Cc2ccccc2/C=C/c2ccncc2C=Cc2ccccc2)CC1,C1=CN=C(C=Cc2ccccc2/C=C\c2ccncc2C=Cc2ccccc2)CC1,True,True,True,ok,388.5140000000002,3.070238648122807,0.43873830178724016,6.0,366.0673476730395,61.47830791204376,,,,0.30724226626911305,unified_conditional_rl,360.92923968613985,59.77843619986306,,,True,True,True,0.34274388302326225,PASS_STILBENE_STRUCTURAL_PROXY,,,,,416,MC-STILBENE-0916
917,CC1=CC=CC=C1C=CC2=CC=NC=C2C=CC3=CC=CC=C3C=CC4=CC=CC=C4CC5=CC=CC=C5,stilbene,Cc1ccccc1C=Cc1ccncc1C=Cc1ccccc1C=Cc1ccccc1Cc1ccccc1,Cc1ccccc1/C=C/c1ccncc1C=Cc1ccccc1C=Cc1ccccc1Cc1ccccc1,Cc1ccccc1/C=C\c1ccncc1C=Cc1ccccc1C=Cc1ccccc1Cc1ccccc1,True,True,True,ok,489.6620000000002,2.660825138239746,0.19778185527798367,8.0,365.05001708695573,61.47830791204376,,,,0.31276637379150307,unified_conditional_rl,361.7982208244553,59.77843619986306,,,True,True,True,0.3426881166009096,PASS_STILBENE_STRUCTURAL_PROXY,,,,,417,MC-STILBENE-0917
918,COC1=NC=CC=C1C=CC2=CC=CC=C2C3=CC=CC=C3C=CC4=CC=CC=C4C=CC5=CC=CC=C5,stilbene,COc1ncccc1C=Cc1ccccc1-c1ccccc1C=Cc1ccccc1C=Cc1ccccc1,COc1ncccc1/C=C/c1ccccc1-c1ccccc1C=Cc1ccccc1C=Cc1ccccc1,COc1ncccc1/C=C\c1ccccc1-c1ccccc1C=Cc1ccccc1C=Cc1ccccc1,True,True,True,ok,491.6340000000002,2.5603977293734825,0.20180049576733036,8.0,364.58695871642766,61.47830791204376,,,,0.3142415126515191,unified_conditional_rl,361.8296207802478,59.77843619986306,,,True,True,True,0.3425958754450921,PASS_STILBENE_STRUCTURAL_PROXY,,,,,418,MC-STILBENE-0918
919,COC1=CC=CC=C1C=CC2=CC=CC=C2OC3=CC=CC=C3C=CC4=CC=CC=C4,stilbene,COc1ccccc1C=Cc1ccccc1Oc1ccccc1C=Cc1ccccc1,COc1ccccc1/C=C/c1ccccc1Oc1ccccc1C=Cc1ccccc1,COc1ccccc1/C=C\c1ccccc1Oc1ccccc1C=Cc1ccccc1,True,True,True,ok,404.50900000000007,2.033145776961833,0.29223326761993446,7.0,367.8799798793637,61.47830791204376,,,,0.3030517927172123,unified_conditional_rl,361.8378690431118,59.77843619986306,,,True,True,True,0.34257161178391016,PASS_STILBENE_STRUCTURAL_PROXY,,,,,419,MC-STILBENE-0919
920,COC=CC1=CC=CC=C1C=CC2=CC=CC=C2C3=CC=CN=C3Br,stilbene,COC=Cc1ccccc1C=Cc1ccccc1-c1cccnc1Br,COC=Cc1ccccc1/C=C/c1ccccc1-c1cccnc1Br,COC=Cc1ccccc1/C=C\c1ccccc1-c1cccnc1Br,True,True,True,ok,392.29600000000005,2.675175999084967,0.2888811841932419,5.0,367.8160792137075,61.47830791204376,,,,0.3032834399171498,unified_conditional_rl,361.84690993365484,59.77843619986306,,,True,True,True,0.34254500052586145,PASS_STILBENE_STRUCTURAL_PROXY,,,,,420,MC-STILBENE-0920
921,COC1=CC=CC=C1C=CC2=CC=CC=C2NC3=CC=CC=C3C,stilbene,COc1ccccc1C=Cc1ccccc1Nc1ccccc1C,COc1ccccc1/C=C/c1ccccc1Nc1ccccc1C,COc1ccccc1/C=C\c1ccccc1Nc1ccccc1C,True,True,True,ok,315.41600000000005,1.9011756611328767,0.5902240492418428,5.0,372.4234426713535,61.47830791204376,,,,0.2853937572208,unified_conditional_rl,361.8505048729873,59.77843619986306,,,True,True,True,0.34253441442868865,PASS_STILBENE_STRUCTURAL_PROXY,,,,,421,MC-STILBENE-0921
922,CC=CC1=CC=CC=C1C=CC2=CC=CC=C2C=CC3=CC=CC=C3NC4=CC=CC=C4C=CC5=CC=CC=C5,stilbene,CC=Cc1ccccc1C=Cc1ccccc1C=Cc1ccccc1Nc1ccccc1C=Cc1ccccc1,CC=Cc1ccccc1/C=C/c1ccccc1C=Cc1ccccc1Nc1ccccc1C=Cc1ccccc1,CC=Cc1ccccc1/C=C\c1ccccc1C=Cc1ccccc1Nc1ccccc1C=Cc1ccccc1,True,True,True,ok,515.7000000000002,2.4979360687517183,0.1924976745919383,9.0,365.610933900455,61.47830791204376,,,,0.31093419424881535,unified_conditional_rl,361.8569049357149,59.77843619986306,,,True,True,True,0.34251556150038687,PASS_STILBENE_STRUCTURAL_PROXY,,,,,422,MC-STILBENE-0922
923,CC=CC1=CC=CC=C1C=CC2=CC=CC=C2NC3=CC=CC=C3C=CC4=CC=CC=C4,stilbene,CC=Cc1ccccc1C=Cc1ccccc1Nc1ccccc1C=Cc1ccccc1,CC=Cc1ccccc1/C=C/c1ccccc1Nc1ccccc1C=Cc1ccccc1,CC=Cc1ccccc1/C=C\c1ccccc1Nc1ccccc1C=Cc1ccccc1,True,True,True,ok,413.5640000000001,2.360092154789486,0.2984487543965414,7.0,365.610933900455,61.47830791204376,,,,0.31093419424881535,unified_conditional_rl,361.8569049357149,59.77843619986306,,,True,True,True,0.34251556150038687,PASS_STILBENE_STRUCTURAL_PROXY,,,,,423,MC-STILBENE-0923
924,CC1=CC=CC=C1C=CC2=CC=CC=C2C=CC3=CC=CC=C3CC4=NC=CC=C4,stilbene,Cc1ccccc1C=Cc1ccccc1C=Cc1ccccc1Cc1ccccn1,Cc1ccccc1/C=C/c1ccccc1C=Cc1ccccc1Cc1ccccn1,Cc1ccccc1/C=C\c1ccccc1C=Cc1ccccc1Cc1ccccn1,True,True,True,ok,387.5260000000001,2.3656235573708617,0.31579861267990195,6.0,361.93656748125017,61.47830791204376,,,,0.3219848596987975,unified_conditional_rl,361.8576580113372,59.77843619986306,,,True,True,True,0.3425133425853634,PASS_STILBENE_STRUCTURAL_PROXY,,,,,424,MC-STILBENE-0924
925,CC1=CC=CC=C1NC2=CC=NC=C2C=CC3=CC=CC=C3C=CC4=CC=CC=C4,stilbene,Cc1ccccc1Nc1ccncc1C=Cc1ccccc1C=Cc1ccccc1,Cc1ccccc1Nc1ccncc1/C=C/c1ccccc1C=Cc1ccccc1,Cc1ccccc1Nc1ccncc1/C=C\c1ccccc1C=Cc1ccccc1,True,True,True,ok,388.5140000000001,2.3497953810527985,0.3464263267626857,6.0,366.35382311699897,61.47830791204376,,,,0.3084340917257787,unified_conditional_rl,361.8803416253945,59.77843619986306,,,True,True,True,0.34244645181951855,PASS_STILBENE_STRUCTURAL_PROXY,,,,,425,MC-STILBENE-0925
926,COC1=NC=CC=C1C=CC2=CC=CC=C2C=CC3=CC=CC=C3C4=CC=CC=C4,stilbene,COc1ncccc1C=Cc1ccccc1C=Cc1ccccc1-c1ccccc1,COc1ncccc1/C=C/c1ccccc1C=Cc1ccccc1-c1ccccc1,COc1ncccc1/C=C\c1ccccc1C=Cc1ccccc1-c1ccccc1,True,True,True,ok,389.4980000000001,2.33720627128616,0.328183494615819,6.0,371.5029470717697,61.47830791204376,,,,0.2891389899126007,unified_conditional_rl,361.92489095685806,59.77843619986306,,,True,True,True,0.34231477731685306,PASS_STILBENE_STRUCTURAL_PROXY,,,,,426,MC-STILBENE-0926
927,CC=CC1=CC=CC=C1C=CC2=CC=CC=C2C3=CC=CC=C3C=CC4=CC=CC=C4N,stilbene,CC=Cc1ccccc1C=Cc1ccccc1-c1ccccc1C=Cc1ccccc1N,CC=Cc1ccccc1/C=C/c1ccccc1-c1ccccc1C=Cc1ccccc1N,CC=Cc1ccccc1/C=C\c1ccccc1-c1ccccc1C=Cc1ccccc1N,True,True,True,ok,413.56400000000014,2.4219993016411134,0.24952312712141836,6.0,364.787437106125,61.47830791204376,,,,0.31360708344118693,unified_conditional_rl,361.9290283091229,59.77843619986306,,,True,True,True,0.34230252806482814,PASS_STILBENE_STRUCTURAL_PROXY,,,,,427,MC-STILBENE-0927
928,COC1=CC=NC=C1C=NC2=CC=CC=C2C=CC3=CC=CC=C3C=CC4=CC=CC=C4,stilbene,COc1ccncc1C=Nc1ccccc1C=Cc1ccccc1C=Cc1ccccc1,COc1ccncc1C=Nc1ccccc1/C=C/c1ccccc1C=Cc1ccccc1,COc1ccncc1C=Nc1ccccc1/C=C\c1ccccc1C=Cc1ccccc1,True,True,True,ok,416.5240000000001,2.6530103253918895,0.23612187349387115,7.0,371.2005167814286,61.47830791204376,,,,0.2903530173063917,unified_conditional_rl,361.9719231909057,59.77843619986306,,,True,True,True,0.342175326578943,PASS_STILBENE_STRUCTURAL_PROXY,,,,,428,MC-STILBENE-0928
929,COC1=CC=CC=C1C=CC2=CC=CC=C2C(=C)C,stilbene,C=C(C)c1ccccc1C=Cc1ccccc1OC,C=C(C)c1ccccc1/C=C/c1ccccc1OC,C=C(C)c1ccccc1/C=C\c1ccccc1OC,True,True,True,ok,250.34099999999998,2.057328430704004,0.7012656392424071,4.0,369.12916489737046,61.47830791204376,,,,0.2984208741217675,unified_conditional_rl,361.97625382755785,59.77843619986306,,,True,True,True,0.34216246366920927,PASS_STILBENE_STRUCTURAL_PROXY,,,,,429,MC-STILBENE-0929
930,COSC1=CC=CC=C1C=CC2=CC=CC=C2,stilbene,COSc1ccccc1C=Cc1ccccc1,COSc1ccccc1/C=C/c1ccccc1,COSc1ccccc1/C=C\c1ccccc1,True,True,True,ok,242.343,2.1947613510713264,0.5759653249124644,4.0,368.7659814828403,61.47830791204376,,,,0.29978682046316113,unified_conditional_rl,361.98980474317824,59.77843619986306,,,True,True,True,0.3421221900291785,PASS_STILBENE_STRUCTURAL_PROXY,,,,,430,MC-STILBENE-0930
931,CC=CC1=CC=CC=C1C=CC2=CC=CC=C2C=CC3=CC=CC=C3C=NC4=CC=CC=C4CC5=CC=CC=C5,stilbene,CC=Cc1ccccc1C=Cc1ccccc1C=Cc1ccccc1C=Nc1ccccc1Cc1ccccc1,CC=Cc1ccccc1/C=C/c1ccccc1C=Cc1ccccc1C=Nc1ccccc1Cc1ccccc1,CC=Cc1ccccc1/C=C\c1ccccc1C=Cc1ccccc1C=Nc1ccccc1Cc1ccccc1,True,True,True,ok,515.7000000000003,2.725416058058453,0.13672084404755666,9.0,374.13573781581863,61.47830791204376,,,,0.27824859701771776,unified_conditional_rl,362.0003961340929,59.77843619986306,,,True,True,True,0.34209068627718264,PASS_STILBENE_STRUCTURAL_PROXY,,,,,431,MC-STILBENE-0931
932,N=[N+1]C1=CC=CC=C1C=CC2=CC=CC=C2C3=CC=CC=C3C=CC4=CC=CC=C4C=CC5=CC=CC=C5C,stilbene,Cc1ccccc1C=Cc1ccccc1C=Cc1ccccc1-c1ccccc1C=Cc1ccccc1[N+]=N,Cc1ccccc1/C=C/c1ccccc1C=Cc1ccccc1-c1ccccc1C=Cc1ccccc1[N+]=N,Cc1ccccc1/C=C\c1ccccc1C=Cc1ccccc1-c1ccccc1C=Cc1ccccc1[N+]=N,True,True,True,ok,502.6610000000002,2.780549753447602,0.16187695550863196,8.0,359.4989395070006,61.47830791204376,,,,0.3279500617772394,unified_conditional_rl,362.04105642001304,59.77843619986306,,,True,True,True,0.3419695328079119,PASS_STILBENE_STRUCTURAL_PROXY,,,,,432,MC-STILBENE-0932
933,CNC1=NC=CC=C1C=CC2=CC=CC=C2C=CC3=CC=CC=C3,stilbene,CNc1ncccc1C=Cc1ccccc1C=Cc1ccccc1,CNc1ncccc1/C=C/c1ccccc1C=Cc1ccccc1,CNc1ncccc1/C=C\c1ccccc1C=Cc1ccccc1,True,True,True,ok,312.416,2.306013519049607,0.6323687210969643,5.0,359.6344219971149,61.47830791204376,,,,0.32764978986738896,unified_conditional_rl,362.0432681414079,59.77843619986306,,,True,True,True,0.3419629330687859,PASS_STILBENE_STRUCTURAL_PROXY,,,,,433,MC-STILBENE-0933
934,CNC1=NC=CC=C1C=CC2=CC=CC=C2C=CC3=CC=CC=C3C=CC4=CC=CC=C4,stilbene,CNc1ncccc1C=Cc1ccccc1C=Cc1ccccc1C=Cc1ccccc1,CNc1ncccc1/C=C/c1ccccc1C=Cc1ccccc1C=Cc1ccccc1,CNc1ncccc1/C=C\c1ccccc1C=Cc1ccccc1C=Cc1ccccc1,True,True,True,ok,414.5520000000001,2.524219527357374,0.31438926083775304,7.0,359.6344219971149,61.47830791204376,,,,0.32764978986738896,unified_conditional_rl,362.0432681414079,59.77843619986306,,,True,True,True,0.3419629330687859,PASS_STILBENE_STRUCTURAL_PROXY,,,,,434,MC-STILBENE-0934
935,C1CC=C1C=CC2=CC=CC=C2C=CC3=CC=CC=C3,stilbene,C(=Cc1ccccc1C=Cc1ccccc1)C1=CCC1,C(=Cc1ccccc1/C=C/c1ccccc1)C1=CCC1,C(=Cc1ccccc1/C=C\c1ccccc1)C1=CCC1,True,True,True,ok,258.364,2.3228631226404612,0.6269400942047855,4.0,362.53828853092637,61.47830791204376,,,,0.3203363018033204,unified_conditional_rl,362.0864665974341,59.77843619986306,,,True,True,True,0.34183383169537024,PASS_STILBENE_STRUCTURAL_PROXY,,,,,435,MC-STILBENE-0935
936,C1CC=C1C=CC2=CC=CC=C2C=CC3=CC=CC=C3C=CC4=CC=CC=C4,stilbene,C(=Cc1ccccc1C=Cc1ccccc1C=Cc1ccccc1)C1=CCC1,C(=Cc1ccccc1/C=C/c1ccccc1C=Cc1ccccc1)C1=CCC1,C(=Cc1ccccc1/C=C\c1ccccc1C=Cc1ccccc1)C1=CCC1,True,True,True,ok,360.5000000000001,2.46355144834725,0.3939711346837397,6.0,362.53828853092637,61.47830791204376,,,,0.3203363018033204,unified_conditional_rl,362.0864665974341,59.77843619986306,,,True,True,True,0.34183383169537024,PASS_STILBENE_STRUCTURAL_PROXY,,,,,436,MC-STILBENE-0936
937,C1CC=C1C=CC2=CC=CC=C2C=CC3=CC=CC=C3C=CC4=CC=CC=C4C=CC5=CC=CC=C5,stilbene,C(=Cc1ccccc1C=Cc1ccccc1C=Cc1ccccc1C=Cc1ccccc1)C1=CCC1,C(=Cc1ccccc1/C=C/c1ccccc1C=Cc1ccccc1C=Cc1ccccc1)C1=CCC1,C(=Cc1ccccc1/C=C\c1ccccc1C=Cc1ccccc1C=Cc1ccccc1)C1=CCC1,True,True,True,ok,462.6360000000002,2.531515040171314,0.2285248897344485,8.0,362.53828853092637,61.47830791204376,,,,0.3203363018033204,unified_conditional_rl,362.0864665974341,59.77843619986306,,,True,True,True,0.34183383169537024,PASS_STILBENE_STRUCTURAL_PROXY,,,,,437,MC-STILBENE-0937
938,C1CC=C1C=CC2=CC=CC=C2C=CC3=CC=CC=C3C=CC4=CC=CC=C4C=CC5=CC=CC=C5C=CC6=CC=CC=C6,stilbene,C(=Cc1ccccc1C=Cc1ccccc1C=Cc1ccccc1C=Cc1ccccc1C=Cc1ccccc1)C1=CCC1,C(=Cc1ccccc1/C=C/c1ccccc1C=Cc1ccccc1C=Cc1ccccc1C=Cc1ccccc1)C1=CCC1,C(=Cc1ccccc1/C=C\c1ccccc1C=Cc1ccccc1C=Cc1ccccc1C=Cc1ccccc1)C1=CCC1,True,True,True,ok,564.772,2.6501233397532378,0.14800834553598005,10.0,362.53828853092637,61.47830791204376,,,,0.3203363018033204,unified_conditional_rl,362.0864665974341,59.77843619986306,,,True,True,True,0.34183383169537024,PASS_STILBENE_STRUCTURAL_PROXY,,,,,438,MC-STILBENE-0938
939,CC1=CC=CC=C1C=CC2=CC=CC=C2C=CC3=CC=NC=C3Cl,stilbene,Cc1ccccc1C=Cc1ccccc1C=Cc1ccncc1Cl,Cc1ccccc1/C=C/c1ccccc1C=Cc1ccncc1Cl,Cc1ccccc1/C=C\c1ccccc1C=Cc1ccncc1Cl,True,True,True,ok,331.846,2.376796979814195,0.5050084860662939,4.0,362.3178196014146,61.47830791204376,,,,0.3209480815766953,unified_conditional_rl,362.11722041529043,59.77843619986306,,,True,True,True,0.3417416927701314,PASS_STILBENE_STRUCTURAL_PROXY,,,,,439,MC-STILBENE-0939
940,N=NC1=CC=NC=C1C=CC2=CC=CC=C2C=CC3=CC=CC=C3C=CC4=CC=CC=C4,stilbene,N=Nc1ccncc1C=Cc1ccccc1C=Cc1ccccc1C=Cc1ccccc1,N=Nc1ccncc1/C=C/c1ccccc1C=Cc1ccccc1C=Cc1ccccc1,N=Nc1ccncc1/C=C\c1ccccc1C=Cc1ccccc1C=Cc1ccccc1,True,True,True,ok,413.5240000000001,2.824642875999176,0.24050948377101716,7.0,364.4259718458463,61.47830791204376,,,,0.31474623962347276,unified_conditional_rl,362.1185618842619,59.77843619986306,,,True,True,True,0.3417376693753891,PASS_STILBENE_STRUCTURAL_PROXY,,,,,440,MC-STILBENE-0940
941,CC1=CC=CC=C1C=CC2=CC=NC=C2C=NC3=CC=CC=C3C=CC4=CC=CC=C4,stilbene,Cc1ccccc1C=Cc1ccncc1C=Nc1ccccc1C=Cc1ccccc1,Cc1ccccc1/C=C/c1ccncc1C=Nc1ccccc1C=Cc1ccccc1,Cc1ccccc1/C=C\c1ccncc1C=Nc1ccccc1C=Cc1ccccc1,True,True,True,ok,400.5250000000001,2.648714405943535,0.24316049284596764,6.0,366.5616525877101,61.47830791204376,,,,0.30772017281811365,unified_conditional_rl,362.12698571677225,59.77843619986306,,,True,True,True,0.3417123959620085,PASS_STILBENE_STRUCTURAL_PROXY,,,,,441,MC-STILBENE-0941
942,COC1=CC=CC=C1C=NC=CC2=CC=CC=C2C=CC3=CC=CC=C3C=CC4=CC=CC=C4F,stilbene,COc1ccccc1C=NC=Cc1ccccc1C=Cc1ccccc1C=Cc1ccccc1F,COc1ccccc1C=NC=Cc1ccccc1/C=C/c1ccccc1C=Cc1ccccc1F,COc1ccccc1C=NC=Cc1ccccc1/C=C\c1ccccc1C=Cc1ccccc1F,True,True,True,ok,459.56400000000014,2.7687760144834996,0.1919118968419293,8.0,371.0262753390936,61.47830791204376,,,,0.29104856465231327,unified_conditional_rl,362.187402492877,59.77843619986306,,,True,True,True,0.34153071418015124,PASS_STILBENE_STRUCTURAL_PROXY,,,,,442,MC-STILBENE-0942
943,CC1=CC=CC=C1C=CC2=CC=CC=C2C=CC3=CC=CC=C3C=CC4=CC5=CC=C4C=C5C=CC6=CC=CC=C6,stilbene,Cc1ccccc1C=Cc1ccccc1C=Cc1ccccc1C=Cc1cc2ccc1cc2C=Cc1ccccc1,Cc1ccccc1/C=C/c1ccccc1C=Cc1ccccc1C=Cc1cc2ccc1cc2C=Cc1ccccc1,Cc1ccccc1/C=C\c1ccccc1C=Cc1ccccc1C=Cc1cc2ccc1cc2C=Cc1ccccc1,True,True,True,ok,524.7070000000002,3.3222614950042306,0.17370235454792732,8.0,359.2136565106535,61.47830791204376,,,,0.3181501333941373,unified_conditional_rl,357.8208529995621,59.77843619986306,,,True,True,True,0.3414564894755187,PASS_STILBENE_STRUCTURAL_PROXY,,,,,443,MC-STILBENE-0943
944,CC1=NC=CC=C1C=CC2=CC=CC=C2C=CC3=CC=CC=C3NC4=CC=CC=C4C=CC5=CC=CC=C5,stilbene,Cc1ncccc1C=Cc1ccccc1C=Cc1ccccc1Nc1ccccc1C=Cc1ccccc1,Cc1ncccc1/C=C/c1ccccc1C=Cc1ccccc1Nc1ccccc1C=Cc1ccccc1,Cc1ncccc1/C=C\c1ccccc1C=Cc1ccccc1Nc1ccccc1C=Cc1ccccc1,True,True,True,ok,490.65000000000015,2.6083654625252866,0.21900833363684555,8.0,371.4243139013588,61.47830791204376,,,,0.28945545634210085,unified_conditional_rl,362.21286992671816,59.77843619986306,,,True,True,True,0.3414539106984567,PASS_STILBENE_STRUCTURAL_PROXY,,,,,444,MC-STILBENE-0944
945,CC1=CC=CC=C1C=CC2=CC=CC=C2C=CC3=CC=CC=C3N=CC4=CC=CC=C4,stilbene,Cc1ccccc1C=Cc1ccccc1C=Cc1ccccc1N=Cc1ccccc1,Cc1ccccc1/C=C/c1ccccc1C=Cc1ccccc1N=Cc1ccccc1,Cc1ccccc1/C=C\c1ccccc1C=Cc1ccccc1N=Cc1ccccc1,True,True,True,ok,399.5370000000001,2.447702388136314,0.22940925128297177,6.0,363.5744338902671,61.47830791204376,,,,0.3173442316141286,unified_conditional_rl,362.23503845385994,59.77843619986306,,,True,True,True,0.3413869502195578,PASS_STILBENE_STRUCTURAL_PROXY,,,,,445,MC-STILBENE-0945
946,CC=CC1=CC=CC=C1C=CC2=CC=CC=C2C3=CC4=CC=CC=C4C=C3,stilbene,CC=Cc1ccccc1C=Cc1ccccc1-c1ccc2ccccc2c1,CC=Cc1ccccc1/C=C/c1ccccc1-c1ccc2ccccc2c1,CC=Cc1ccccc1/C=C\c1ccccc1-c1ccc2ccccc2c1,True,True,True,ok,346.47300000000007,2.2030061541457133,0.331893065908602,4.0,364.7084756972663,61.47830791204376,,,,0.31385773807684303,unified_conditional_rl,362.2432182428657,59.77843619986306,,,True,True,True,0.341362218184338,PASS_STILBENE_STRUCTURAL_PROXY,,,,,446,MC-STILBENE-0946
947,CC=CC1=CC=CC=C1C2=CC=CC=C2C=CC3=CC=CC=C3,stilbene,CC=Cc1ccccc1-c1ccccc1C=Cc1ccccc1,CC=Cc1ccccc1-c1ccccc1/C=C/c1ccccc1,CC=Cc1ccccc1-c1ccccc1/C=C\c1ccccc1,True,True,True,ok,296.413,2.0745325331548283,0.47832972317941574,4.0,361.6513119876652,61.47830791204376,,,,0.32274279919589144,unified_conditional_rl,362.24452710693953,59.77843619986306,,,True,True,True,0.3413582595219104,PASS_STILBENE_STRUCTURAL_PROXY,,,,,447,MC-STILBENE-0947
948,CC=CC1=CC=CC=C1C2=CC=CC=C2C=CC3=CC=CC=C3C4=CC=CC=C4C=CC5=CC=CC=C5,stilbene,CC=Cc1ccccc1-c1ccccc1C=Cc1ccccc1-c1ccccc1C=Cc1ccccc1,CC=Cc1ccccc1-c1ccccc1/C=C/c1ccccc1-c1ccccc1C=Cc1ccccc1,CC=Cc1ccccc1-c1ccccc1/C=C\c1ccccc1-c1ccccc1C=Cc1ccccc1,True,True,True,ok,474.64700000000016,2.2257453072257682,0.2057899049723515,7.0,361.6513119876652,61.47830791204376,,,,0.32274279919589144,unified_conditional_rl,362.24452710693953,59.77843619986306,,,True,True,True,0.3413582595219104,PASS_STILBENE_STRUCTURAL_PROXY,,,,,448,MC-STILBENE-0948
949,CC=CC1=CC=CC=C1C2=CC=CC=C2C=CC3=CC=CC=C3C4=CC=CC=C4C=CC5=CC=CC=C5C=CC6=CC=CC=C6,stilbene,CC=Cc1ccccc1-c1ccccc1C=Cc1ccccc1-c1ccccc1C=Cc1ccccc1C=Cc1ccccc1,CC=Cc1ccccc1-c1ccccc1/C=C/c1ccccc1-c1ccccc1C=Cc1ccccc1C=Cc1ccccc1,CC=Cc1ccccc1-c1ccccc1/C=C\c1ccccc1-c1ccccc1C=Cc1ccccc1C=Cc1ccccc1,True,True,True,ok,576.7830000000002,2.4296106620917772,0.15019407294600257,9.0,361.6513119876652,61.47830791204376,,,,0.32274279919589144,unified_conditional_rl,362.24452710693953,59.77843619986306,,,True,True,True,0.3413582595219104,PASS_STILBENE_STRUCTURAL_PROXY,,,,,449,MC-STILBENE-0949
950,CC=CC1=CC=CC=C1C2=CC=CC=C2C=CC3=CC=CC=C3C=CC4=CC=CC=C4,stilbene,CC=Cc1ccccc1-c1ccccc1C=Cc1ccccc1C=Cc1ccccc1,CC=Cc1ccccc1-c1ccccc1/C=C/c1ccccc1C=Cc1ccccc1,CC=Cc1ccccc1-c1ccccc1/C=C\c1ccccc1C=Cc1ccccc1,True,True,True,ok,398.5490000000001,2.239901845472941,0.2848139789588295,6.0,361.6513119876652,61.47830791204376,,,,0.32274279919589144,unified_conditional_rl,362.24452710693953,59.77843619986306,,,True,True,True,0.3413582595219104,PASS_STILBENE_STRUCTURAL_PROXY,,,,,450,MC-STILBENE-0950
951,CC=CC1=CC=CC=C1C2=CC=CC=C2C=CC3=CC=CC=C3C=CC4=CC=CC=C4C=CC5=CC=CC=C5,stilbene,CC=Cc1ccccc1-c1ccccc1C=Cc1ccccc1C=Cc1ccccc1C=Cc1ccccc1,CC=Cc1ccccc1-c1ccccc1/C=C/c1ccccc1C=Cc1ccccc1C=Cc1ccccc1,CC=Cc1ccccc1-c1ccccc1/C=C\c1ccccc1C=Cc1ccccc1C=Cc1ccccc1,True,True,True,ok,500.6850000000002,2.379356430251418,0.1858599777512958,8.0,361.6513119876652,61.47830791204376,,,,0.32274279919589144,unified_conditional_rl,362.24452710693953,59.77843619986306,,,True,True,True,0.3413582595219104,PASS_STILBENE_STRUCTURAL_PROXY,,,,,451,MC-STILBENE-0951
952,CC=CC1=CC=CC=C1C2=CC=CC=C2C=CC3=CC=CC=C3C=CC4=CC=CC=C4C=CC5=CC=CC=C5C=CC6=CC=CC=C6,stilbene,CC=Cc1ccccc1-c1ccccc1C=Cc1ccccc1C=Cc1ccccc1C=Cc1ccccc1C=Cc1ccccc1,CC=Cc1ccccc1-c1ccccc1/C=C/c1ccccc1C=Cc1ccccc1C=Cc1ccccc1C=Cc1ccccc1,CC=Cc1ccccc1-c1ccccc1/C=C\c1ccccc1C=Cc1ccccc1C=Cc1ccccc1C=Cc1ccccc1,True,True,True,ok,602.8210000000003,2.545381578738331,0.13685166522463912,10.0,361.6513119876652,61.47830791204376,,,,0.32274279919589144,unified_conditional_rl,362.24452710693953,59.77843619986306,,,True,True,True,0.3413582595219104,PASS_STILBENE_STRUCTURAL_PROXY,,,,,452,MC-STILBENE-0952
953,CC=CC1=CC=CC=C1C=CC2=CC=CC=C2C3=CC=CC=C3C=CC4=CC=CC=C4,stilbene,CC=Cc1ccccc1C=Cc1ccccc1-c1ccccc1C=Cc1ccccc1,CC=Cc1ccccc1/C=C/c1ccccc1-c1ccccc1C=Cc1ccccc1,CC=Cc1ccccc1/C=C\c1ccccc1-c1ccccc1C=Cc1ccccc1,True,True,True,ok,398.5490000000001,2.239901845472941,0.2848139789588295,6.0,361.6513119876652,61.47830791204376,,,,0.32274279919589144,unified_conditional_rl,362.24452710693953,59.77843619986306,,,True,True,True,0.3413582595219104,PASS_STILBENE_STRUCTURAL_PROXY,,,,,453,MC-STILBENE-0953
954,CC=CC1=CC=CC=C1C=CC2=CC=CC=C2C3=CC=CC=C3C=CC4=CC=CC=C4C5=CC=CC=C5C=CC6=CC=CC=C6,stilbene,CC=Cc1ccccc1C=Cc1ccccc1-c1ccccc1C=Cc1ccccc1-c1ccccc1C=Cc1ccccc1,CC=Cc1ccccc1/C=C/c1ccccc1-c1ccccc1C=Cc1ccccc1-c1ccccc1C=Cc1ccccc1,CC=Cc1ccccc1/C=C\c1ccccc1-c1ccccc1C=Cc1ccccc1-c1ccccc1C=Cc1ccccc1,True,True,True,ok,576.7830000000002,2.4296106620917772,0.15019407294600257,9.0,361.6513119876652,61.47830791204376,,,,0.32274279919589144,unified_conditional_rl,362.24452710693953,59.77843619986306,,,True,True,True,0.3413582595219104,PASS_STILBENE_STRUCTURAL_PROXY,,,,,454,MC-STILBENE-0954
955,CC=CC1=CC=CC=C1C=CC2=CC=CC=C2C3=CC=CC=C3C=CC4=CC=CC=C4C=CC5=CC=CC=C5,stilbene,CC=Cc1ccccc1C=Cc1ccccc1-c1ccccc1C=Cc1ccccc1C=Cc1ccccc1,CC=Cc1ccccc1/C=C/c1ccccc1-c1ccccc1C=Cc1ccccc1C=Cc1ccccc1,CC=Cc1ccccc1/C=C\c1ccccc1-c1ccccc1C=Cc1ccccc1C=Cc1ccccc1,True,True,True,ok,500.6850000000002,2.379356430251418,0.1858599777512958,8.0,361.6513119876652,61.47830791204376,,,,0.32274279919589144,unified_conditional_rl,362.24452710693953,59.77843619986306,,,True,True,True,0.3413582595219104,PASS_STILBENE_STRUCTURAL_PROXY,,,,,455,MC-STILBENE-0955
956,CC=CC1=CC=CC=C1C=CC2=CC=CC=C2C3=CC=CC=C3C=CC4=CC=CC=C4C=CC5=CC=CC=C5C=CC6=CC=CC=C6,stilbene,CC=Cc1ccccc1C=Cc1ccccc1-c1ccccc1C=Cc1ccccc1C=Cc1ccccc1C=Cc1ccccc1,CC=Cc1ccccc1/C=C/c1ccccc1-c1ccccc1C=Cc1ccccc1C=Cc1ccccc1C=Cc1ccccc1,CC=Cc1ccccc1/C=C\c1ccccc1-c1ccccc1C=Cc1ccccc1C=Cc1ccccc1C=Cc1ccccc1,True,True,True,ok,602.8210000000003,2.545381578738331,0.13685166522463912,10.0,361.6513119876652,61.47830791204376,,,,0.32274279919589144,unified_conditional_rl,362.24452710693953,59.77843619986306,,,True,True,True,0.3413582595219104,PASS_STILBENE_STRUCTURAL_PROXY,,,,,456,MC-STILBENE-0956
957,CC=CC1=CC=CC=C1C=CC2=CC=CC=C2C=CC3=CC=CC=C3C4=CC=CC=C4C=CC5=CC=CC=C5,stilbene,CC=Cc1ccccc1C=Cc1ccccc1C=Cc1ccccc1-c1ccccc1C=Cc1ccccc1,CC=Cc1ccccc1/C=C/c1ccccc1C=Cc1ccccc1-c1ccccc1C=Cc1ccccc1,CC=Cc1ccccc1/C=C\c1ccccc1C=Cc1ccccc1-c1ccccc1C=Cc1ccccc1,True,True,True,ok,500.6850000000002,2.379356430251418,0.1858599777512958,8.0,361.6513119876652,61.47830791204376,,,,0.32274279919589144,unified_conditional_rl,362.24452710693953,59.77843619986306,,,True,True,True,0.3413582595219104,PASS_STILBENE_STRUCTURAL_PROXY,,,,,457,MC-STILBENE-0957
958,CC=CC1=CC=CC=C1C=CC2=CC=CC=C2C=CC3=CC=CC=C3C4=CC=CC=C4C=CC5=CC=CC=C5C=CC6=CC=CC=C6,stilbene,CC=Cc1ccccc1C=Cc1ccccc1C=Cc1ccccc1-c1ccccc1C=Cc1ccccc1C=Cc1ccccc1,CC=Cc1ccccc1/C=C/c1ccccc1C=Cc1ccccc1-c1ccccc1C=Cc1ccccc1C=Cc1ccccc1,CC=Cc1ccccc1/C=C\c1ccccc1C=Cc1ccccc1-c1ccccc1C=Cc1ccccc1C=Cc1ccccc1,True,True,True,ok,602.8210000000003,2.545381578738331,0.13685166522463912,10.0,361.6513119876652,61.47830791204376,,,,0.32274279919589144,unified_conditional_rl,362.24452710693953,59.77843619986306,,,True,True,True,0.3413582595219104,PASS_STILBENE_STRUCTURAL_PROXY,,,,,458,MC-STILBENE-0958
959,CC=CC1=CC=CC=C1C=CC2=CC=CC=C2C=CC3=CC=CC=C3C=CC4=CC=CC=C4C5=CC=CC=C5C=CC6=CC=CC=C6,stilbene,CC=Cc1ccccc1C=Cc1ccccc1C=Cc1ccccc1C=Cc1ccccc1-c1ccccc1C=Cc1ccccc1,CC=Cc1ccccc1/C=C/c1ccccc1C=Cc1ccccc1C=Cc1ccccc1-c1ccccc1C=Cc1ccccc1,CC=Cc1ccccc1/C=C\c1ccccc1C=Cc1ccccc1C=Cc1ccccc1-c1ccccc1C=Cc1ccccc1,True,True,True,ok,602.8210000000003,2.545381578738331,0.13685166522463912,10.0,361.6513119876652,61.47830791204376,,,,0.32274279919589144,unified_conditional_rl,362.24452710693953,59.77843619986306,,,True,True,True,0.3413582595219104,PASS_STILBENE_STRUCTURAL_PROXY,,,,,459,MC-STILBENE-0959
960,C1C=CCC=C1C=CC2=CC=CC=C2C=CC3=CC=CC=C3C=CC4=CC=CC=C4,stilbene,C1=CCC(C=Cc2ccccc2C=Cc2ccccc2C=Cc2ccccc2)=CC1,C1=CCC(C=Cc2ccccc2/C=C/c2ccccc2C=Cc2ccccc2)=CC1,C1=CCC(C=Cc2ccccc2/C=C\c2ccccc2C=Cc2ccccc2)=CC1,True,True,True,ok,386.5380000000001,2.822592958501181,0.29499421826921096,6.0,371.4920340271298,61.47830791204376,,,,0.28918294428234603,unified_conditional_rl,362.25820500125263,59.77843619986306,,,True,True,True,0.341316870224084,PASS_STILBENE_STRUCTURAL_PROXY,,,,,460,MC-STILBENE-0960
961,CON=CC1=CC=CC=C1C=CC2=CC=CC=C2C=CC3=CC=CC=C3,stilbene,CON=Cc1ccccc1C=Cc1ccccc1C=Cc1ccccc1,CON=Cc1ccccc1/C=C/c1ccccc1C=Cc1ccccc1,CON=Cc1ccccc1/C=C\c1ccccc1C=Cc1ccccc1,True,True,True,ok,339.43800000000005,2.4007749440091146,0.30614826189774574,6.0,364.18347632417067,61.47830791204376,,,,0.3154984664687139,unified_conditional_rl,362.2737216368948,59.77843619986306,,,True,True,True,0.34126987167363687,PASS_STILBENE_STRUCTURAL_PROXY,,,,,461,MC-STILBENE-0961
962,CON=CC1=CC=CC=C1C=CC2=CC=CC=C2C=CC3=CC=CC=C3C=CC4=CC=CC=C4,stilbene,CON=Cc1ccccc1C=Cc1ccccc1C=Cc1ccccc1C=Cc1ccccc1,CON=Cc1ccccc1/C=C/c1ccccc1C=Cc1ccccc1C=Cc1ccccc1,CON=Cc1ccccc1/C=C\c1ccccc1C=Cc1ccccc1C=Cc1ccccc1,True,True,True,ok,441.5740000000001,2.4982723295302858,0.15343248301021334,8.0,364.18347632417067,61.47830791204376,,,,0.3154984664687139,unified_conditional_rl,362.2737216368948,59.77843619986306,,,True,True,True,0.34126987167363687,PASS_STILBENE_STRUCTURAL_PROXY,,,,,462,MC-STILBENE-0962
963,C=CC1=CC=CC=C1C=CC2=CC=CC=C2C,stilbene,C=Cc1ccccc1C=Cc1ccccc1C,C=Cc1ccccc1/C=C/c1ccccc1C,C=Cc1ccccc1/C=C\c1ccccc1C,True,True,True,ok,220.315,2.075566424854685,0.6511417819276164,3.0,363.8782268321681,61.47830791204376,,,,0.31643141549161174,unified_conditional_rl,362.30827600861636,59.77843619986306,,,True,True,True,0.34116503693590505,PASS_STILBENE_STRUCTURAL_PROXY,,,,,463,MC-STILBENE-0963
964,C=CC1=CC=CC=C1C=CC2=CC=CC=C2C=CC3=CC=CC=C3C,stilbene,C=Cc1ccccc1C=Cc1ccccc1C=Cc1ccccc1C,C=Cc1ccccc1/C=C/c1ccccc1C=Cc1ccccc1C,C=Cc1ccccc1/C=C\c1ccccc1C=Cc1ccccc1C,True,True,True,ok,322.4510000000001,2.2509389863536757,0.4444741096262417,5.0,363.8782268321681,61.47830791204376,,,,0.31643141549161174,unified_conditional_rl,362.30827600861636,59.77843619986306,,,True,True,True,0.34116503693590505,PASS_STILBENE_STRUCTURAL_PROXY,,,,,464,MC-STILBENE-0964
965,C=CC1=CC=CC=C1C=CC2=CC=CC=C2C=CC3=CC=CC=C3C=CC4=CC=CC=C4C,stilbene,C=Cc1ccccc1C=Cc1ccccc1C=Cc1ccccc1C=Cc1ccccc1C,C=Cc1ccccc1/C=C/c1ccccc1C=Cc1ccccc1C=Cc1ccccc1C,C=Cc1ccccc1/C=C\c1ccccc1C=Cc1ccccc1C=Cc1ccccc1C,True,True,True,ok,424.58700000000016,2.322185502671374,0.259417784188119,7.0,363.8782268321681,61.47830791204376,,,,0.31643141549161174,unified_conditional_rl,362.30827600861636,59.77843619986306,,,True,True,True,0.34116503693590505,PASS_STILBENE_STRUCTURAL_PROXY,,,,,465,MC-STILBENE-0965
966,C(=C)C1=CC=CC=C1C=CC2=CC=CC=C2C=CC3=CC=CC=C3C=CC4=CC=CC=C4C=CC5=CC=CC=C5C,stilbene,C=Cc1ccccc1C=Cc1ccccc1C=Cc1ccccc1C=Cc1ccccc1C=Cc1ccccc1C,C=Cc1ccccc1/C=C/c1ccccc1C=Cc1ccccc1C=Cc1ccccc1C=Cc1ccccc1C,C=Cc1ccccc1/C=C\c1ccccc1C=Cc1ccccc1C=Cc1ccccc1C=Cc1ccccc1C,True,True,True,ok,526.7230000000002,2.4416021572885374,0.16755441905984803,9.0,363.8782268321681,61.47830791204376,,,,0.31643141549161174,unified_conditional_rl,362.30827600861636,59.77843619986306,,,True,True,True,0.34116503693590505,PASS_STILBENE_STRUCTURAL_PROXY,,,,,466,MC-STILBENE-0966
967,CC=NC=CC1=CC=CC=C1C=CC2=CC=CC=C2C=CC3=CC=CC=C3C,stilbene,CC=NC=Cc1ccccc1C=Cc1ccccc1C=Cc1ccccc1C,CC=NC=Cc1ccccc1/C=C/c1ccccc1C=Cc1ccccc1C,CC=NC=Cc1ccccc1/C=C\c1ccccc1C=Cc1ccccc1C,True,True,True,ok,363.5040000000001,2.7864755714455463,0.31950553841060364,6.0,368.10077812765076,61.47830791204376,,,,0.3022473337302751,unified_conditional_rl,362.3151045969964,59.77843619986306,,,True,True,True,0.3411442914859288,PASS_STILBENE_STRUCTURAL_PROXY,,,,,467,MC-STILBENE-0967
968,CC=NC=CC1=CC=CC=C1C=CC2=CC=CC=C2C=CC3=CC=CC=C3C=CC4=CC=CC=C4C,stilbene,CC=NC=Cc1ccccc1C=Cc1ccccc1C=Cc1ccccc1C=Cc1ccccc1C,CC=NC=Cc1ccccc1/C=C/c1ccccc1C=Cc1ccccc1C=Cc1ccccc1C,CC=NC=Cc1ccccc1/C=C\c1ccccc1C=Cc1ccccc1C=Cc1ccccc1C,True,True,True,ok,465.64000000000016,2.78739776983004,0.18138334482129043,8.0,368.10077812765076,61.47830791204376,,,,0.3022473337302751,unified_conditional_rl,362.3151045969964,59.77843619986306,,,True,True,True,0.3411442914859288,PASS_STILBENE_STRUCTURAL_PROXY,,,,,468,MC-STILBENE-0968
969,NOCC1=CC=CC=C1C=NC=CC2=CC=CC=C2C3=CC=CC=C3C=CC4=CC=CC=C4,stilbene,NOCc1ccccc1C=NC=Cc1ccccc1-c1ccccc1C=Cc1ccccc1,NOCc1ccccc1C=NC=Cc1ccccc1-c1ccccc1/C=C/c1ccccc1,NOCc1ccccc1C=NC=Cc1ccccc1-c1ccccc1/C=C\c1ccccc1,True,True,True,ok,430.5510000000001,2.8151631804059694,0.18572740313087285,8.0,370.23733348468977,61.47830791204376,,,,0.29416056700927373,unified_conditional_rl,362.32367095876447,59.77843619986306,,,True,True,True,0.34111825350421493,PASS_STILBENE_STRUCTURAL_PROXY,,,,,469,MC-STILBENE-0969
970,NC1=CC=NC=C1C=CC2=CC=CC=C2C=CC3=CC=CC=C3CC4=CC=CC=C4C=CC5=CC=CC=C5,stilbene,Nc1ccncc1C=Cc1ccccc1C=Cc1ccccc1Cc1ccccc1C=Cc1ccccc1,Nc1ccncc1/C=C/c1ccccc1C=Cc1ccccc1Cc1ccccc1C=Cc1ccccc1,Nc1ccncc1/C=C\c1ccccc1C=Cc1ccccc1Cc1ccccc1C=Cc1ccccc1,True,True,True,ok,490.6500000000002,2.7104820771442295,0.2208077779066615,8.0,365.31909305469907,61.47830791204376,,,,0.31189356136060764,unified_conditional_rl,362.3430473190477,59.77843619986306,,,True,True,True,0.34105930401513845,PASS_STILBENE_STRUCTURAL_PROXY,,,,,470,MC-STILBENE-0970
971,CC1=CC=CC=C1C=CC2=CC=CC=C2C=CC3=CC=CC=C3C4=CC5=CC=CC=C5C=CC=NC=C4,stilbene,Cc1ccccc1C=Cc1ccccc1C=Cc1ccccc1-c1ccncccc2ccccc2c1,Cc1ccccc1/C=C/c1ccccc1C=Cc1ccccc1-c1ccncccc2ccccc2c1,Cc1ccccc1/C=C\c1ccccc1C=Cc1ccccc1-c1ccncccc2ccccc2c1,True,True,True,ok,475.63500000000016,2.8351085470075876,0.23055706560061695,5.0,365.9153521613475,61.47830791204376,,,,0.3099196500207159,unified_conditional_rl,362.3441454561101,59.77843619986306,,,True,True,True,0.34105596087284207,PASS_STILBENE_STRUCTURAL_PROXY,,,,,471,MC-STILBENE-0971
972,N(C)NC1=CC=NC=C1C=CC2=CC=CC=C2C=CC3=CC=CC=C3C=CC4=CC=CC=C4,stilbene,CNNc1ccncc1C=Cc1ccccc1C=Cc1ccccc1C=Cc1ccccc1,CNNc1ccncc1/C=C/c1ccccc1C=Cc1ccccc1C=Cc1ccccc1,CNNc1ccncc1/C=C\c1ccccc1C=Cc1ccccc1C=Cc1ccccc1,True,True,True,ok,429.5670000000001,2.7895082353510237,0.2308334941858435,8.0,366.60936951338664,61.47830791204376,,,,0.3075553857641379,unified_conditional_rl,362.3465178249351,59.77843619986306,,,True,True,True,0.34104873767155325,PASS_STILBENE_STRUCTURAL_PROXY,,,,,472,MC-STILBENE-0972
973,CC1=CC=CC=C1C=CC2=CC=CC=C2C=CC3=CC=CC=C3C4=CC=CC=C4Cl,stilbene,Cc1ccccc1C=Cc1ccccc1C=Cc1ccccc1-c1ccccc1Cl,Cc1ccccc1/C=C/c1ccccc1C=Cc1ccccc1-c1ccccc1Cl,Cc1ccccc1/C=C\c1ccccc1C=Cc1ccccc1-c1ccccc1Cl,True,True,True,ok,406.95600000000013,2.160761158261794,0.29065046035876446,5.0,362.87757887681965,61.47830791204376,,,,0.3193775549268884,unified_conditional_rl,362.355850705677,59.77843619986306,,,True,True,True,0.3410203107994998,PASS_STILBENE_STRUCTURAL_PROXY,,,,,473,MC-STILBENE-0973
974,CC1=CC=CC=C1C=CC2=CC=CC=C2C=CC3=CC=CC=C3C=CC4=CC=CC=C4C5=CC=CC=C5Cl,stilbene,Cc1ccccc1C=Cc1ccccc1C=Cc1ccccc1C=Cc1ccccc1-c1ccccc1Cl,Cc1ccccc1/C=C/c1ccccc1C=Cc1ccccc1C=Cc1ccccc1-c1ccccc1Cl,Cc1ccccc1/C=C\c1ccccc1C=Cc1ccccc1C=Cc1ccccc1-c1ccccc1Cl,True,True,True,ok,509.0920000000002,2.3220183239803447,0.1916357072313489,7.0,362.87757887681965,61.47830791204376,,,,0.3193775549268884,unified_conditional_rl,362.355850705677,59.77843619986306,,,True,True,True,0.3410203107994998,PASS_STILBENE_STRUCTURAL_PROXY,,,,,474,MC-STILBENE-0974
975,C1=CC=CC=C1C=CC2=CC=CC=C2C=CC3=CC=CC=C3C=CC4=CC=CC=C4NC5=CC=CC=C5,stilbene,C(=Cc1ccccc1C=Cc1ccccc1C=Cc1ccccc1Nc1ccccc1)c1ccccc1,C(=Cc1ccccc1/C=C/c1ccccc1)c1ccccc1C=Cc1ccccc1Nc1ccccc1,C(=Cc1ccccc1/C=C\c1ccccc1)c1ccccc1C=Cc1ccccc1Nc1ccccc1,True,True,True,ok,475.6350000000001,2.201543061564866,0.2201676944855422,8.0,359.2466655689647,61.47830791204376,,,,0.3284990310062039,unified_conditional_rl,362.38808157524045,59.77843619986306,,,True,True,True,0.340922006317679,PASS_STILBENE_STRUCTURAL_PROXY,,,,,475,MC-STILBENE-0975
976,C1=CC=CC=C1C=CC2=CC=CC=C2C=CC3=CC=CC=C3[NH1]C4=CC=CC=C4,stilbene,C(=Cc1ccccc1C=Cc1ccccc1Nc1ccccc1)c1ccccc1,C(=Cc1ccccc1Nc1ccccc1)c1ccccc1/C=C/c1ccccc1,C(=Cc1ccccc1Nc1ccccc1)c1ccccc1/C=C\c1ccccc1,True,True,True,ok,373.499,2.0239789395507675,0.3403486717849304,6.0,359.2466655689647,61.47830791204376,,,,0.3284990310062039,unified_conditional_rl,362.38808157524045,59.77843619986306,,,True,True,True,0.340922006317679,PASS_STILBENE_STRUCTURAL_PROXY,,,,,476,MC-STILBENE-0976
977,C1CC=C1C=CC2=CC=CC=C2C=CC3=CC=NC=C3C=CC4=CC=CC=C4C5=CC=CC=C5C,stilbene,Cc1ccccc1-c1ccccc1C=Cc1cnccc1C=Cc1ccccc1C=CC1=CCC1,Cc1ccccc1-c1ccccc1/C=C/c1cnccc1C=Cc1ccccc1C=CC1=CCC1,Cc1ccccc1-c1ccccc1/C=C\c1cnccc1C=Cc1ccccc1C=CC1=CCC1,True,True,True,ok,451.6130000000002,2.8689422928117327,0.27288393217116935,7.0,363.8746525619299,61.47830791204376,,,,0.3164422466868044,unified_conditional_rl,362.39128526067014,59.77843619986306,,,True,True,True,0.34091222378355,PASS_STILBENE_STRUCTURAL_PROXY,,,,,477,MC-STILBENE-0977
978,COC1=CC=CC=C1C=CC2=CC=CC=C2C3=CC=CC=C3C=CC4=CC=CC=C4,stilbene,COc1ccccc1C=Cc1ccccc1-c1ccccc1C=Cc1ccccc1,COc1ccccc1/C=C/c1ccccc1-c1ccccc1C=Cc1ccccc1,COc1ccccc1/C=C\c1ccccc1-c1ccccc1C=Cc1ccccc1,True,True,True,ok,388.5100000000001,2.0785603853215555,0.3074449324238687,6.0,369.7534711915113,61.47830791204376,,,,0.29603736016821824,unified_conditional_rl,362.39459452688317,59.77843619986306,,,True,True,True,0.3409021167193477,PASS_STILBENE_STRUCTURAL_PROXY,,,,,478,MC-STILBENE-0978
979,COC1=CC=CC=C1C=CC2=CC=CC=C2C3=CC=CC=C3C=CC4=CC=CC=C4C=CC5=CC=CC=C5,stilbene,COc1ccccc1C=Cc1ccccc1-c1ccccc1C=Cc1ccccc1C=Cc1ccccc1,COc1ccccc1/C=C/c1ccccc1-c1ccccc1C=Cc1ccccc1C=Cc1ccccc1,COc1ccccc1/C=C\c1ccccc1-c1ccccc1C=Cc1ccccc1C=Cc1ccccc1,True,True,True,ok,490.6460000000002,2.2862836419409494,0.1966664604239847,8.0,369.7534711915113,61.47830791204376,,,,0.29603736016821824,unified_conditional_rl,362.39459452688317,59.77843619986306,,,True,True,True,0.3409021167193477,PASS_STILBENE_STRUCTURAL_PROXY,,,,,479,MC-STILBENE-0979
980,COC1=CC=CC=C1C=CC2=CC=CC=C2C3=CC=CC=C3C=CC4=CC=CC=C4C=CC5=CC=CC=C5C=CC6=CC=CC=C6,stilbene,COc1ccccc1C=Cc1ccccc1-c1ccccc1C=Cc1ccccc1C=Cc1ccccc1C=Cc1ccccc1,COc1ccccc1/C=C/c1ccccc1-c1ccccc1C=Cc1ccccc1C=Cc1ccccc1C=Cc1ccccc1,COc1ccccc1/C=C\c1ccccc1-c1ccccc1C=Cc1ccccc1C=Cc1ccccc1C=Cc1ccccc1,True,True,True,ok,592.7820000000003,2.480253803734044,0.14379996848459592,10.0,369.7534711915113,61.47830791204376,,,,0.29603736016821824,unified_conditional_rl,362.39459452688317,59.77843619986306,,,True,True,True,0.3409021167193477,PASS_STILBENE_STRUCTURAL_PROXY,,,,,480,MC-STILBENE-0980
981,COC1=CC=CC=C1C=CC2=CC=CC=C2C=CC3=CC=CC=C3C4=CC=CC=C4C=CC5=CC=CC=C5,stilbene,COc1ccccc1C=Cc1ccccc1C=Cc1ccccc1-c1ccccc1C=Cc1ccccc1,COc1ccccc1/C=C/c1ccccc1C=Cc1ccccc1-c1ccccc1C=Cc1ccccc1,COc1ccccc1/C=C\c1ccccc1C=Cc1ccccc1-c1ccccc1C=Cc1ccccc1,True,True,True,ok,490.6460000000002,2.2862836419409494,0.1966664604239847,8.0,369.7534711915113,61.47830791204376,,,,0.29603736016821824,unified_conditional_rl,362.39459452688317,59.77843619986306,,,True,True,True,0.3409021167193477,PASS_STILBENE_STRUCTURAL_PROXY,,,,,481,MC-STILBENE-0981
982,COC1=CC=CC=C1C=CC2=CC=CC=C2C=CC3=CC=CC=C3C=CC4=CC=CC=C4C5=CC=CC=C5C=CC6=CC=CC=C6,stilbene,COc1ccccc1C=Cc1ccccc1C=Cc1ccccc1C=Cc1ccccc1-c1ccccc1C=Cc1ccccc1,COc1ccccc1/C=C/c1ccccc1C=Cc1ccccc1C=Cc1ccccc1-c1ccccc1C=Cc1ccccc1,COc1ccccc1/C=C\c1ccccc1C=Cc1ccccc1C=Cc1ccccc1-c1ccccc1C=Cc1ccccc1,True,True,True,ok,592.7820000000003,2.480253803734044,0.14379996848459592,10.0,369.7534711915113,61.47830791204376,,,,0.29603736016821824,unified_conditional_rl,362.39459452688317,59.77843619986306,,,True,True,True,0.3409021167193477,PASS_STILBENE_STRUCTURAL_PROXY,,,,,482,MC-STILBENE-0982
983,CC1=CC=CC=C1C=CC2=CC=CC=C2C3=CC=CC=C3C=NC4=CC=CC=C4C,stilbene,Cc1ccccc1C=Cc1ccccc1-c1ccccc1C=Nc1ccccc1C,Cc1ccccc1/C=C/c1ccccc1-c1ccccc1C=Nc1ccccc1C,Cc1ccccc1/C=C\c1ccccc1-c1ccccc1C=Nc1ccccc1C,True,True,True,ok,387.5260000000001,2.331428578192737,0.24375126603017064,5.0,364.4917467195666,61.47830791204376,,,,0.31454053374582863,unified_conditional_rl,362.4200128663668,59.77843619986306,,,True,True,True,0.3408244124273853,PASS_STILBENE_STRUCTURAL_PROXY,,,,,483,MC-STILBENE-0983
984,CC1=CC=CC=C1N=CC2=CC=CC=C2C3=CC=CC=C3C=CC4=CC=CC=C4C=CC5=CC=CC=C5C,stilbene,Cc1ccccc1C=Cc1ccccc1C=Cc1ccccc1-c1ccccc1C=Nc1ccccc1C,Cc1ccccc1/C=C/c1ccccc1C=Cc1ccccc1-c1ccccc1C=Nc1ccccc1C,Cc1ccccc1/C=C\c1ccccc1C=Cc1ccccc1-c1ccccc1C=Nc1ccccc1C,True,True,True,ok,489.6620000000002,2.4944452066648672,0.15924727548033213,7.0,364.4917467195666,61.47830791204376,,,,0.31454053374582863,unified_conditional_rl,362.4200128663668,59.77843619986306,,,True,True,True,0.3408244124273853,PASS_STILBENE_STRUCTURAL_PROXY,,,,,484,MC-STILBENE-0984
985,CC(C)(C)CC1=CC=CC=C1C=CC2=CC=CC=C2C=CC3=CC=CC=C3C=CC4=CC=CC=C4C=CC5=CC=CC=C5C,stilbene,Cc1ccccc1C=Cc1ccccc1C=Cc1ccccc1C=Cc1ccccc1C=Cc1ccccc1CC(C)(C)C,Cc1ccccc1/C=C/c1ccccc1C=Cc1ccccc1C=Cc1ccccc1C=Cc1ccccc1CC(C)(C)C,Cc1ccccc1/C=C\c1ccccc1C=Cc1ccccc1C=Cc1ccccc1C=Cc1ccccc1CC(C)(C)C,True,True,True,ok,570.82,2.6347472303004817,0.15462559013125238,9.0,367.681612117252,61.47830791204376,,,,0.30376916464683773,unified_conditional_rl,362.43754177836905,59.77843619986306,,,True,True,True,0.3407707517278503,PASS_STILBENE_STRUCTURAL_PROXY,,,,,485,MC-STILBENE-0985
986,NC1=CC=CC=C1C=CC2=CC3=CC=C2C=C3C=CC4=CC=CC=C4C=CC5=CC=CC=C5,stilbene,Nc1ccccc1C=Cc1cc2ccc1cc2C=Cc1ccccc1C=Cc1ccccc1,Nc1ccccc1/C=C/c1cc2ccc1cc2C=Cc1ccccc1C=Cc1ccccc1,Nc1ccccc1/C=C\c1cc2ccc1cc2C=Cc1ccccc1C=Cc1ccccc1,True,True,True,ok,423.55900000000014,3.2942801365178838,0.21536306590117438,6.0,361.198623784509,61.47830791204376,,,,0.3145205749024081,unified_conditional_rl,358.6453739185624,59.77843619986306,,,True,True,True,0.3406968576315225,PASS_STILBENE_STRUCTURAL_PROXY,,,,,486,MC-STILBENE-0986
987,COC=CC1=CC=CC=C1C=CC2=CC=CC=C2C=CC3=CC=CC=C3C4=CC=NC=C4,stilbene,COC=Cc1ccccc1C=Cc1ccccc1C=Cc1ccccc1-c1ccncc1,COC=Cc1ccccc1/C=C/c1ccccc1C=Cc1ccccc1-c1ccncc1,COC=Cc1ccccc1/C=C\c1ccccc1C=Cc1ccccc1-c1ccncc1,True,True,True,ok,415.5360000000001,2.624331833846167,0.22775554157891437,7.0,365.6018752287564,61.47830791204376,,,,0.3109641693289914,unified_conditional_rl,362.4682176880812,59.77843619986306,,,True,True,True,0.34067669835981174,PASS_STILBENE_STRUCTURAL_PROXY,,,,,487,MC-STILBENE-0987
988,COC=CC1=CC=NC=C1C=CC2=CC=CC=C2C3=CC=CC=C3C=CC4=CC=CC=C4C,stilbene,COC=Cc1ccncc1C=Cc1ccccc1-c1ccccc1C=Cc1ccccc1C,COC=Cc1ccncc1/C=C/c1ccccc1-c1ccccc1C=Cc1ccccc1C,COC=Cc1ccncc1/C=C\c1ccccc1-c1ccccc1C=Cc1ccccc1C,True,True,True,ok,429.56300000000016,2.772418999402877,0.21915145225630855,7.0,363.9264398112825,61.47830791204376,,,,0.3162851031236251,unified_conditional_rl,362.4713163218171,59.77843619986306,,,True,True,True,0.3406671875084424,PASS_STILBENE_STRUCTURAL_PROXY,,,,,488,MC-STILBENE-0988
989,CN=NC=CC1=CC=CC=C1C=CC2=CC=CC=C2C,stilbene,CN=NC=Cc1ccccc1C=Cc1ccccc1C,CN=NC=Cc1ccccc1/C=C/c1ccccc1C,CN=NC=Cc1ccccc1/C=C\c1ccccc1C,True,True,True,ok,262.356,2.7959969625001904,0.532952370736902,4.0,368.99752100078075,61.47830791204376,,,,0.29891778596694424,unified_conditional_rl,362.4747969192179,59.77843619986306,,,True,True,True,0.34065650200930914,PASS_STILBENE_STRUCTURAL_PROXY,,,,,489,MC-STILBENE-0989
990,CN=NC=CC1=CC=CC=C1C=CC2=CC=CC=C2C=CC3=CC=CC=C3C,stilbene,CN=NC=Cc1ccccc1C=Cc1ccccc1C=Cc1ccccc1C,CN=NC=Cc1ccccc1/C=C/c1ccccc1C=Cc1ccccc1C,CN=NC=Cc1ccccc1/C=C\c1ccccc1C=Cc1ccccc1C,True,True,True,ok,364.4920000000001,2.8251857027776293,0.3216864789929236,6.0,368.99752100078075,61.47830791204376,,,,0.29891778596694424,unified_conditional_rl,362.4747969192179,59.77843619986306,,,True,True,True,0.34065650200930914,PASS_STILBENE_STRUCTURAL_PROXY,,,,,490,MC-STILBENE-0990
991,CN=NC=CC1=CC=CC=C1C=CC2=CC=CC=C2C=CC3=CC=CC=C3C=CC4=CC=CC=C4C,stilbene,CN=NC=Cc1ccccc1C=Cc1ccccc1C=Cc1ccccc1C=Cc1ccccc1C,CN=NC=Cc1ccccc1/C=C/c1ccccc1C=Cc1ccccc1C=Cc1ccccc1C,CN=NC=Cc1ccccc1/C=C\c1ccccc1C=Cc1ccccc1C=Cc1ccccc1C,True,True,True,ok,466.62800000000016,2.817343343124671,0.18237291346271833,8.0,368.99752100078075,61.47830791204376,,,,0.29891778596694424,unified_conditional_rl,362.4747969192179,59.77843619986306,,,True,True,True,0.34065650200930914,PASS_STILBENE_STRUCTURAL_PROXY,,,,,491,MC-STILBENE-0991
992,CN=NC=CC1=CC=CC=C1C=CC2=CC=CC=C2C=CC3=CC=CC=C3C=CC4=CC=CC=C4C=CC5=CC=CC=C5C,stilbene,CN=NC=Cc1ccccc1C=Cc1ccccc1C=Cc1ccccc1C=Cc1ccccc1C=Cc1ccccc1C,CN=NC=Cc1ccccc1/C=C/c1ccccc1C=Cc1ccccc1C=Cc1ccccc1C=Cc1ccccc1C,CN=NC=Cc1ccccc1/C=C\c1ccccc1C=Cc1ccccc1C=Cc1ccccc1C=Cc1ccccc1C,True,True,True,ok,568.7640000000001,2.888157779904118,0.11822264597047562,10.0,368.99752100078075,61.47830791204376,,,,0.29891778596694424,unified_conditional_rl,362.4747969192179,59.77843619986306,,,True,True,True,0.34065650200930914,PASS_STILBENE_STRUCTURAL_PROXY,,,,,492,MC-STILBENE-0992
993,CC1=CC=CC=C1C=CC2=CC=CC=C2C=CC3=CC=CC=C3C=CC4=CC=CC=C4C=CC5=CC=NC=C5C,stilbene,Cc1ccccc1C=Cc1ccccc1C=Cc1ccccc1C=Cc1ccccc1C=Cc1ccncc1C,Cc1cnccc1C=Cc1ccccc1C=Cc1ccccc1C=Cc1ccccc1/C=C/c1ccccc1C,Cc1cnccc1C=Cc1ccccc1C=Cc1ccccc1C=Cc1ccccc1/C=C\c1ccccc1C,True,True,True,ok,515.7000000000002,2.581419761054791,0.18731505724496367,8.0,371.4706515987868,61.47830791204376,,,,0.28926903454868935,unified_conditional_rl,362.48242086292174,59.77843619986306,,,True,True,True,0.3406330880056432,PASS_STILBENE_STRUCTURAL_PROXY,,,,,493,MC-STILBENE-0993
994,CC1=CC=CC=C1C=CC2=CC=CC=C2C=CC3=CC=NC=C3C,stilbene,Cc1ccccc1C=Cc1ccccc1C=Cc1ccncc1C,Cc1cnccc1C=Cc1ccccc1/C=C/c1ccccc1C,Cc1cnccc1C=Cc1ccccc1/C=C\c1ccccc1C,True,True,True,ok,311.42800000000005,2.376164012781228,0.5352626308084694,4.0,371.4706515987868,61.47830791204376,,,,0.28926903454868935,unified_conditional_rl,362.48242086292174,59.77843619986306,,,True,True,True,0.3406330880056432,PASS_STILBENE_STRUCTURAL_PROXY,,,,,494,MC-STILBENE-0994
995,C1C=C1C=CC2=CC=CC=C2C=CC3=CC=CC=C3C=CC4=CC=CC=C4C=CC5=CC=CC=C5Cl,stilbene,Clc1ccccc1C=Cc1ccccc1C=Cc1ccccc1C=Cc1ccccc1C=CC1=CC1,Clc1ccccc1/C=C/c1ccccc1C=Cc1ccccc1C=Cc1ccccc1C=CC1=CC1,Clc1ccccc1/C=C\c1ccccc1C=Cc1ccccc1C=Cc1ccccc1C=CC1=CC1,True,True,True,ok,483.0540000000002,2.592955140569842,0.21895646154147141,8.0,371.4828040494465,61.47830791204376,,,,0.28922011128997804,unified_conditional_rl,362.50798043293906,59.77843619986306,,,True,True,True,0.340554508004282,PASS_STILBENE_STRUCTURAL_PROXY,,,,,495,MC-STILBENE-0995
996,C1=2C=C1C=CC3=CC=CC=C3C=CC=CC=CC=2C=CC4=CC=CC=C4,stilbene,C(=Cc1ccccccc2ccccc2ccc2cc1-2)c1ccccc1,C(=C\c1ccccccc2ccccc2ccc2cc1-2)/c1ccccc1,C(=C/c1ccccccc2ccccc2ccc2cc1-2)/c1ccccc1,True,True,True,ok,332.446,2.2323189509155643,0.36275917007074165,2.0,367.12225404791985,61.47830791204376,,,,0.3057639516729491,unified_conditional_rl,362.5495341283454,59.77843619986306,,,True,True,True,0.3404264812445398,PASS_STILBENE_STRUCTURAL_PROXY,,,,,496,MC-STILBENE-0996
997,CC1=CC=CC=C1C=CC2=CC=CC=C2C=CC3=CC=CC=C3C(=C)C4=CC=CC=C4C=CC5=CC=CC=C5,stilbene,C=C(c1ccccc1C=Cc1ccccc1)c1ccccc1C=Cc1ccccc1C=Cc1ccccc1C,C=C(c1ccccc1C=Cc1ccccc1C=Cc1ccccc1C)c1ccccc1/C=C/c1ccccc1,C=C(c1ccccc1C=Cc1ccccc1C=Cc1ccccc1C)c1ccccc1/C=C\c1ccccc1,True,True,True,ok,500.6850000000002,2.4988264535290714,0.1858794049671754,8.0,365.26122497203716,61.47830791204376,,,,0.3120822265621266,unified_conditional_rl,362.55731591573846,59.77843619986306,,,True,True,True,0.3404024678347091,PASS_STILBENE_STRUCTURAL_PROXY,,,,,497,MC-STILBENE-0997
998,CNC1=CC=CC=C1C2=CC=CC=C2C=CC3=CC=CC=C3C=CC4=CC=CC=C4C5=CC=CC=C5C,stilbene,CNc1ccccc1-c1ccccc1C=Cc1ccccc1C=Cc1ccccc1-c1ccccc1C,CNc1ccccc1-c1ccccc1/C=C/c1ccccc1C=Cc1ccccc1-c1ccccc1C,CNc1ccccc1-c1ccccc1/C=C\c1ccccc1C=Cc1ccccc1-c1ccccc1C,True,True,True,ok,477.65100000000024,2.3187530045440052,0.2300396676297619,7.0,368.73513538220965,61.47830791204376,,,,0.29990211275648876,unified_conditional_rl,362.5609001873939,59.77843619986306,,,True,True,True,0.3403914033161109,PASS_STILBENE_STRUCTURAL_PROXY,,,,,498,MC-STILBENE-0998
999,CNC1=CC=CC=C1C2=CC=CC=C2C=CC3=CC=CC=C3C=CC4=CC=CC=C4C=CC5=CC=CC=C5C6=CC=CC=C6C,stilbene,CNc1ccccc1-c1ccccc1C=Cc1ccccc1C=Cc1ccccc1C=Cc1ccccc1-c1ccccc1C,CNc1ccccc1-c1ccccc1/C=C/c1ccccc1C=Cc1ccccc1C=Cc1ccccc1-c1ccccc1C,CNc1ccccc1-c1ccccc1/C=C\c1ccccc1C=Cc1ccccc1C=Cc1ccccc1-c1ccccc1C,True,True,True,ok,579.7870000000003,2.501570019070451,0.16801549856067685,9.0,368.73513538220965,61.47830791204376,,,,0.29990211275648876,unified_conditional_rl,362.5609001873939,59.77843619986306,,,True,True,True,0.3403914033161109,PASS_STILBENE_STRUCTURAL_PROXY,,,,,499,MC-STILBENE-0999
1000,CC=C(C)C1=CN=CC=C1C=CC2=CC=CC=C2C=CC3=CC=CC=C3C=CC4=CC=CC=C4,stilbene,CC=C(C)c1cnccc1C=Cc1ccccc1C=Cc1ccccc1C=Cc1ccccc1,CC=C(C)c1cnccc1/C=C/c1ccccc1C=Cc1ccccc1C=Cc1ccccc1,CC=C(C)c1cnccc1/C=C\c1ccccc1C=Cc1ccccc1C=Cc1ccccc1,True,True,True,ok,439.60200000000015,2.783697092423017,0.26176053115577186,7.0,366.8921491683889,61.47830791204376,,,,0.3065722156332638,unified_conditional_rl,362.64226512327605,59.77843619986306,,,True,True,True,0.34013955472392876,PASS_STILBENE_STRUCTURAL_PROXY,,,,,500,MC-STILBENE-1000
